ISO-10303-21;
HEADER;
/* Generated by software containing ST-Developer
 * from STEP Tools, Inc. (www.steptools.com) 
 */

FILE_DESCRIPTION(
/* description */ (''),
/* implementation_level */ '2;1');

FILE_NAME(
/* name */ '3 orthogonal reaction wheels pyramid setup.step',
/* time_stamp */ '2026-07-10T00:25:44+05:30',
/* author */ (''),
/* organization */ (''),
/* preprocessor_version */ 'ST-DEVELOPER v20.1',
/* originating_system */ 'Autodesk Translation Framework v15.8.0.0',
/* authorisation */ '');

FILE_SCHEMA (('AUTOMOTIVE_DESIGN { 1 0 10303 214 3 1 1 }'));
ENDSEC;

DATA;
#10=MECHANICAL_DESIGN_GEOMETRIC_PRESENTATION_REPRESENTATION('',(#229,#230,
#231,#232,#233),#3284);
#11=ITEM_DEFINED_TRANSFORMATION($,$,#1963,#2150);
#12=ITEM_DEFINED_TRANSFORMATION($,$,#1978,#2151);
#13=ITEM_DEFINED_TRANSFORMATION($,$,#2053,#2152);
#14=ITEM_DEFINED_TRANSFORMATION($,$,#2119,#2153);
#15=ITEM_DEFINED_TRANSFORMATION($,$,#2144,#2154);
#16=ITEM_DEFINED_TRANSFORMATION($,$,#1978,#2155);
#17=ITEM_DEFINED_TRANSFORMATION($,$,#2053,#2156);
#18=ITEM_DEFINED_TRANSFORMATION($,$,#2119,#2157);
#19=ITEM_DEFINED_TRANSFORMATION($,$,#2144,#2158);
#20=ITEM_DEFINED_TRANSFORMATION($,$,#1978,#2159);
#21=ITEM_DEFINED_TRANSFORMATION($,$,#2053,#2160);
#22=ITEM_DEFINED_TRANSFORMATION($,$,#2119,#2161);
#23=ITEM_DEFINED_TRANSFORMATION($,$,#2144,#2162);
#24=(
REPRESENTATION_RELATIONSHIP($,$,#3315,#3314)
REPRESENTATION_RELATIONSHIP_WITH_TRANSFORMATION(#11)
SHAPE_REPRESENTATION_RELATIONSHIP()
);
#25=(
REPRESENTATION_RELATIONSHIP($,$,#3316,#3314)
REPRESENTATION_RELATIONSHIP_WITH_TRANSFORMATION(#12)
SHAPE_REPRESENTATION_RELATIONSHIP()
);
#26=(
REPRESENTATION_RELATIONSHIP($,$,#3317,#3314)
REPRESENTATION_RELATIONSHIP_WITH_TRANSFORMATION(#13)
SHAPE_REPRESENTATION_RELATIONSHIP()
);
#27=(
REPRESENTATION_RELATIONSHIP($,$,#3318,#3314)
REPRESENTATION_RELATIONSHIP_WITH_TRANSFORMATION(#14)
SHAPE_REPRESENTATION_RELATIONSHIP()
);
#28=(
REPRESENTATION_RELATIONSHIP($,$,#3319,#3314)
REPRESENTATION_RELATIONSHIP_WITH_TRANSFORMATION(#15)
SHAPE_REPRESENTATION_RELATIONSHIP()
);
#29=(
REPRESENTATION_RELATIONSHIP($,$,#3316,#3314)
REPRESENTATION_RELATIONSHIP_WITH_TRANSFORMATION(#16)
SHAPE_REPRESENTATION_RELATIONSHIP()
);
#30=(
REPRESENTATION_RELATIONSHIP($,$,#3317,#3314)
REPRESENTATION_RELATIONSHIP_WITH_TRANSFORMATION(#17)
SHAPE_REPRESENTATION_RELATIONSHIP()
);
#31=(
REPRESENTATION_RELATIONSHIP($,$,#3318,#3314)
REPRESENTATION_RELATIONSHIP_WITH_TRANSFORMATION(#18)
SHAPE_REPRESENTATION_RELATIONSHIP()
);
#32=(
REPRESENTATION_RELATIONSHIP($,$,#3319,#3314)
REPRESENTATION_RELATIONSHIP_WITH_TRANSFORMATION(#19)
SHAPE_REPRESENTATION_RELATIONSHIP()
);
#33=(
REPRESENTATION_RELATIONSHIP($,$,#3316,#3314)
REPRESENTATION_RELATIONSHIP_WITH_TRANSFORMATION(#20)
SHAPE_REPRESENTATION_RELATIONSHIP()
);
#34=(
REPRESENTATION_RELATIONSHIP($,$,#3317,#3314)
REPRESENTATION_RELATIONSHIP_WITH_TRANSFORMATION(#21)
SHAPE_REPRESENTATION_RELATIONSHIP()
);
#35=(
REPRESENTATION_RELATIONSHIP($,$,#3318,#3314)
REPRESENTATION_RELATIONSHIP_WITH_TRANSFORMATION(#22)
SHAPE_REPRESENTATION_RELATIONSHIP()
);
#36=(
REPRESENTATION_RELATIONSHIP($,$,#3319,#3314)
REPRESENTATION_RELATIONSHIP_WITH_TRANSFORMATION(#23)
SHAPE_REPRESENTATION_RELATIONSHIP()
);
#37=CONTEXT_DEPENDENT_SHAPE_REPRESENTATION(#24,#3301);
#38=CONTEXT_DEPENDENT_SHAPE_REPRESENTATION(#25,#3302);
#39=CONTEXT_DEPENDENT_SHAPE_REPRESENTATION(#26,#3303);
#40=CONTEXT_DEPENDENT_SHAPE_REPRESENTATION(#27,#3304);
#41=CONTEXT_DEPENDENT_SHAPE_REPRESENTATION(#28,#3305);
#42=CONTEXT_DEPENDENT_SHAPE_REPRESENTATION(#29,#3306);
#43=CONTEXT_DEPENDENT_SHAPE_REPRESENTATION(#30,#3307);
#44=CONTEXT_DEPENDENT_SHAPE_REPRESENTATION(#31,#3308);
#45=CONTEXT_DEPENDENT_SHAPE_REPRESENTATION(#32,#3309);
#46=CONTEXT_DEPENDENT_SHAPE_REPRESENTATION(#33,#3310);
#47=CONTEXT_DEPENDENT_SHAPE_REPRESENTATION(#34,#3311);
#48=CONTEXT_DEPENDENT_SHAPE_REPRESENTATION(#35,#3312);
#49=CONTEXT_DEPENDENT_SHAPE_REPRESENTATION(#36,#3313);
#50=NEXT_ASSEMBLY_USAGE_OCCURRENCE('baseplate:1','baseplate:1',
'baseplate:1',#3321,#3322,'baseplate:1');
#51=NEXT_ASSEMBLY_USAGE_OCCURRENCE('flywheel (1):1','flywheel (1):1',
'flywheel (1):1',#3321,#3323,'flywheel (1):1');
#52=NEXT_ASSEMBLY_USAGE_OCCURRENCE('bracket (1):1','bracket (1):1',
'bracket (1):1',#3321,#3324,'bracket (1):1');
#53=NEXT_ASSEMBLY_USAGE_OCCURRENCE('motor mounting:1',
'motor mounting:1','motor mounting:1',#3321,#3325,'motor mounting:1');
#54=NEXT_ASSEMBLY_USAGE_OCCURRENCE('shaft (1):1','shaft (1):1',
'shaft (1):1',#3321,#3326,'shaft (1):1');
#55=NEXT_ASSEMBLY_USAGE_OCCURRENCE('flywheel (1):2','flywheel (1):2',
'flywheel (1):2',#3321,#3323,'flywheel (1):2');
#56=NEXT_ASSEMBLY_USAGE_OCCURRENCE('bracket (1):2','bracket (1):2',
'bracket (1):2',#3321,#3324,'bracket (1):2');
#57=NEXT_ASSEMBLY_USAGE_OCCURRENCE('motor mounting:2',
'motor mounting:2','motor mounting:2',#3321,#3325,'motor mounting:2');
#58=NEXT_ASSEMBLY_USAGE_OCCURRENCE('shaft (1):2','shaft (1):2',
'shaft (1):2',#3321,#3326,'shaft (1):2');
#59=NEXT_ASSEMBLY_USAGE_OCCURRENCE('flywheel (1):3','flywheel (1):3',
'flywheel (1):3',#3321,#3323,'flywheel (1):3');
#60=NEXT_ASSEMBLY_USAGE_OCCURRENCE('bracket (1):3','bracket (1):3',
'bracket (1):3',#3321,#3324,'bracket (1):3');
#61=NEXT_ASSEMBLY_USAGE_OCCURRENCE('motor mounting:3',
'motor mounting:3','motor mounting:3',#3321,#3325,'motor mounting:3');
#62=NEXT_ASSEMBLY_USAGE_OCCURRENCE('shaft (1):3','shaft (1):3',
'shaft (1):3',#3321,#3326,'shaft (1):3');
#63=SPHERICAL_SURFACE('',#2078,0.5);
#64=SPHERICAL_SURFACE('',#2094,0.5);
#65=ELLIPSE('',#2077,0.866025183244822,0.5);
#66=ELLIPSE('',#2090,0.866025183244822,0.5);
#67=TOROIDAL_SURFACE('',#2042,17.,0.5);
#68=TOROIDAL_SURFACE('',#2048,17.,0.5);
#69=FACE_BOUND('',#359,.T.);
#70=FACE_BOUND('',#360,.T.);
#71=FACE_BOUND('',#361,.T.);
#72=FACE_BOUND('',#362,.T.);
#73=FACE_BOUND('',#363,.T.);
#74=FACE_BOUND('',#364,.T.);
#75=FACE_BOUND('',#376,.T.);
#76=FACE_BOUND('',#380,.T.);
#77=FACE_BOUND('',#381,.T.);
#78=FACE_BOUND('',#382,.T.);
#79=FACE_BOUND('',#383,.T.);
#80=FACE_BOUND('',#384,.T.);
#81=FACE_BOUND('',#385,.T.);
#82=FACE_BOUND('',#389,.T.);
#83=FACE_BOUND('',#402,.T.);
#84=FACE_BOUND('',#407,.T.);
#85=FACE_BOUND('',#412,.T.);
#86=FACE_BOUND('',#424,.T.);
#87=FACE_BOUND('',#425,.T.);
#88=FACE_BOUND('',#426,.T.);
#89=FACE_BOUND('',#427,.T.);
#90=FACE_BOUND('',#453,.T.);
#91=FACE_BOUND('',#454,.T.);
#92=FACE_BOUND('',#455,.T.);
#93=FACE_BOUND('',#456,.T.);
#94=FACE_BOUND('',#460,.T.);
#95=FACE_BOUND('',#467,.T.);
#96=FACE_BOUND('',#468,.T.);
#97=FACE_BOUND('',#469,.T.);
#98=FACE_BOUND('',#470,.T.);
#99=FACE_BOUND('',#471,.T.);
#100=FACE_BOUND('',#473,.T.);
#101=FACE_BOUND('',#474,.T.);
#102=FACE_BOUND('',#475,.T.);
#103=FACE_BOUND('',#476,.T.);
#104=FACE_BOUND('',#477,.T.);
#105=CIRCLE('',#1980,5.);
#106=CIRCLE('',#1981,5.);
#107=CIRCLE('',#1983,15.);
#108=CIRCLE('',#1984,15.);
#109=CIRCLE('',#1986,6.);
#110=CIRCLE('',#1987,14.);
#111=CIRCLE('',#1988,14.);
#112=CIRCLE('',#1989,6.);
#113=CIRCLE('',#1990,14.);
#114=CIRCLE('',#1991,6.);
#115=CIRCLE('',#1992,14.);
#116=CIRCLE('',#1993,6.);
#117=CIRCLE('',#1994,14.);
#118=CIRCLE('',#1995,6.);
#119=CIRCLE('',#1998,14.);
#120=CIRCLE('',#2001,14.);
#121=CIRCLE('',#2004,14.);
#122=CIRCLE('',#2007,14.);
#123=CIRCLE('',#2009,6.);
#124=CIRCLE('',#2012,2.);
#125=CIRCLE('',#2014,5.);
#126=CIRCLE('',#2015,5.);
#127=CIRCLE('',#2017,15.);
#128=CIRCLE('',#2018,15.);
#129=CIRCLE('',#2020,14.);
#130=CIRCLE('',#2021,6.);
#131=CIRCLE('',#2022,6.);
#132=CIRCLE('',#2023,6.);
#133=CIRCLE('',#2024,6.);
#134=CIRCLE('',#2028,2.);
#135=CIRCLE('',#2041,17.);
#136=CIRCLE('',#2043,0.5);
#137=CIRCLE('',#2044,17.5);
#138=CIRCLE('',#2045,17.5);
#139=CIRCLE('',#2047,17.5);
#140=CIRCLE('',#2049,17.);
#141=CIRCLE('',#2050,0.5);
#142=CIRCLE('',#2055,2.);
#143=CIRCLE('',#2056,2.);
#144=CIRCLE('',#2059,2.);
#145=CIRCLE('',#2060,2.);
#146=CIRCLE('',#2061,2.);
#147=CIRCLE('',#2063,2.);
#148=CIRCLE('',#2066,2.);
#149=CIRCLE('',#2069,2.);
#150=CIRCLE('',#2073,0.5);
#151=CIRCLE('',#2074,0.5);
#152=CIRCLE('',#2076,0.500000000000001);
#153=CIRCLE('',#2079,0.5);
#154=CIRCLE('',#2081,1.6);
#155=CIRCLE('',#2082,1.6);
#156=CIRCLE('',#2083,1.6);
#157=CIRCLE('',#2084,1.6);
#158=CIRCLE('',#2086,0.5);
#159=CIRCLE('',#2089,0.5);
#160=CIRCLE('',#2092,0.5);
#161=CIRCLE('',#2093,0.5);
#162=CIRCLE('',#2104,1.6);
#163=CIRCLE('',#2106,1.6);
#164=CIRCLE('',#2108,1.6);
#165=CIRCLE('',#2110,1.6);
#166=CIRCLE('',#2121,2.);
#167=CIRCLE('',#2122,2.);
#168=CIRCLE('',#2124,11.);
#169=CIRCLE('',#2125,11.);
#170=CIRCLE('',#2128,1.);
#171=CIRCLE('',#2129,1.);
#172=CIRCLE('',#2131,1.);
#173=CIRCLE('',#2132,1.);
#174=CIRCLE('',#2134,1.);
#175=CIRCLE('',#2135,1.);
#176=CIRCLE('',#2137,1.);
#177=CIRCLE('',#2138,1.);
#178=CIRCLE('',#2140,14.);
#179=CIRCLE('',#2141,14.);
#180=CIRCLE('',#2146,2.);
#181=CIRCLE('',#2148,2.);
#182=CYLINDRICAL_SURFACE('',#1979,5.);
#183=CYLINDRICAL_SURFACE('',#1982,15.);
#184=CYLINDRICAL_SURFACE('',#1997,14.);
#185=CYLINDRICAL_SURFACE('',#2000,14.);
#186=CYLINDRICAL_SURFACE('',#2003,14.);
#187=CYLINDRICAL_SURFACE('',#2006,14.);
#188=CYLINDRICAL_SURFACE('',#2008,6.);
#189=CYLINDRICAL_SURFACE('',#2013,5.);
#190=CYLINDRICAL_SURFACE('',#2016,15.);
#191=CYLINDRICAL_SURFACE('',#2025,6.);
#192=CYLINDRICAL_SURFACE('',#2026,6.);
#193=CYLINDRICAL_SURFACE('',#2030,6.);
#194=CYLINDRICAL_SURFACE('',#2034,6.);
#195=CYLINDRICAL_SURFACE('',#2035,14.);
#196=CYLINDRICAL_SURFACE('',#2046,17.5);
#197=CYLINDRICAL_SURFACE('',#2052,2.);
#198=CYLINDRICAL_SURFACE('',#2054,2.);
#199=CYLINDRICAL_SURFACE('',#2062,2.);
#200=CYLINDRICAL_SURFACE('',#2065,2.);
#201=CYLINDRICAL_SURFACE('',#2068,2.);
#202=CYLINDRICAL_SURFACE('',#2072,0.5);
#203=CYLINDRICAL_SURFACE('',#2075,0.5);
#204=CYLINDRICAL_SURFACE('',#2085,0.5);
#205=CYLINDRICAL_SURFACE('',#2088,0.5);
#206=CYLINDRICAL_SURFACE('',#2091,0.5);
#207=CYLINDRICAL_SURFACE('',#2103,1.6);
#208=CYLINDRICAL_SURFACE('',#2105,1.6);
#209=CYLINDRICAL_SURFACE('',#2107,1.6);
#210=CYLINDRICAL_SURFACE('',#2109,1.6);
#211=CYLINDRICAL_SURFACE('',#2120,2.);
#212=CYLINDRICAL_SURFACE('',#2123,11.);
#213=CYLINDRICAL_SURFACE('',#2127,1.);
#214=CYLINDRICAL_SURFACE('',#2130,1.);
#215=CYLINDRICAL_SURFACE('',#2133,1.);
#216=CYLINDRICAL_SURFACE('',#2136,1.);
#217=CYLINDRICAL_SURFACE('',#2139,14.);
#218=CYLINDRICAL_SURFACE('',#2147,2.);
#219=SHAPE_REPRESENTATION_RELATIONSHIP('SRR','None',#3315,#224);
#220=SHAPE_REPRESENTATION_RELATIONSHIP('SRR','None',#3316,#225);
#221=SHAPE_REPRESENTATION_RELATIONSHIP('SRR','None',#3317,#226);
#222=SHAPE_REPRESENTATION_RELATIONSHIP('SRR','None',#3318,#227);
#223=SHAPE_REPRESENTATION_RELATIONSHIP('SRR','None',#3319,#228);
#224=ADVANCED_BREP_SHAPE_REPRESENTATION('',(#234),#3279);
#225=ADVANCED_BREP_SHAPE_REPRESENTATION('',(#235),#3280);
#226=ADVANCED_BREP_SHAPE_REPRESENTATION('',(#236),#3281);
#227=ADVANCED_BREP_SHAPE_REPRESENTATION('',(#237),#3282);
#228=ADVANCED_BREP_SHAPE_REPRESENTATION('',(#238),#3283);
#229=STYLED_ITEM('',(#3349),#234);
#230=STYLED_ITEM('',(#3350),#235);
#231=STYLED_ITEM('',(#3348),#236);
#232=STYLED_ITEM('',(#3348),#237);
#233=STYLED_ITEM('',(#3348),#238);
#234=MANIFOLD_SOLID_BREP('Body1',#1901);
#235=MANIFOLD_SOLID_BREP('Body1',#1902);
#236=MANIFOLD_SOLID_BREP('Body1',#1903);
#237=MANIFOLD_SOLID_BREP('Body1',#1904);
#238=MANIFOLD_SOLID_BREP('Body1',#1905);
#239=FACE_OUTER_BOUND('',#342,.T.);
#240=FACE_OUTER_BOUND('',#343,.T.);
#241=FACE_OUTER_BOUND('',#344,.T.);
#242=FACE_OUTER_BOUND('',#345,.T.);
#243=FACE_OUTER_BOUND('',#346,.T.);
#244=FACE_OUTER_BOUND('',#347,.T.);
#245=FACE_OUTER_BOUND('',#348,.T.);
#246=FACE_OUTER_BOUND('',#349,.T.);
#247=FACE_OUTER_BOUND('',#350,.T.);
#248=FACE_OUTER_BOUND('',#351,.T.);
#249=FACE_OUTER_BOUND('',#352,.T.);
#250=FACE_OUTER_BOUND('',#353,.T.);
#251=FACE_OUTER_BOUND('',#354,.T.);
#252=FACE_OUTER_BOUND('',#355,.T.);
#253=FACE_OUTER_BOUND('',#356,.T.);
#254=FACE_OUTER_BOUND('',#357,.T.);
#255=FACE_OUTER_BOUND('',#358,.T.);
#256=FACE_OUTER_BOUND('',#365,.T.);
#257=FACE_OUTER_BOUND('',#366,.T.);
#258=FACE_OUTER_BOUND('',#367,.T.);
#259=FACE_OUTER_BOUND('',#368,.T.);
#260=FACE_OUTER_BOUND('',#369,.T.);
#261=FACE_OUTER_BOUND('',#370,.T.);
#262=FACE_OUTER_BOUND('',#371,.T.);
#263=FACE_OUTER_BOUND('',#372,.T.);
#264=FACE_OUTER_BOUND('',#373,.T.);
#265=FACE_OUTER_BOUND('',#374,.T.);
#266=FACE_OUTER_BOUND('',#375,.T.);
#267=FACE_OUTER_BOUND('',#377,.T.);
#268=FACE_OUTER_BOUND('',#378,.T.);
#269=FACE_OUTER_BOUND('',#379,.T.);
#270=FACE_OUTER_BOUND('',#386,.T.);
#271=FACE_OUTER_BOUND('',#387,.T.);
#272=FACE_OUTER_BOUND('',#388,.T.);
#273=FACE_OUTER_BOUND('',#390,.T.);
#274=FACE_OUTER_BOUND('',#391,.T.);
#275=FACE_OUTER_BOUND('',#392,.T.);
#276=FACE_OUTER_BOUND('',#393,.T.);
#277=FACE_OUTER_BOUND('',#394,.T.);
#278=FACE_OUTER_BOUND('',#395,.T.);
#279=FACE_OUTER_BOUND('',#396,.T.);
#280=FACE_OUTER_BOUND('',#397,.T.);
#281=FACE_OUTER_BOUND('',#398,.T.);
#282=FACE_OUTER_BOUND('',#399,.T.);
#283=FACE_OUTER_BOUND('',#400,.T.);
#284=FACE_OUTER_BOUND('',#401,.T.);
#285=FACE_OUTER_BOUND('',#403,.T.);
#286=FACE_OUTER_BOUND('',#404,.T.);
#287=FACE_OUTER_BOUND('',#405,.T.);
#288=FACE_OUTER_BOUND('',#406,.T.);
#289=FACE_OUTER_BOUND('',#408,.T.);
#290=FACE_OUTER_BOUND('',#409,.T.);
#291=FACE_OUTER_BOUND('',#410,.T.);
#292=FACE_OUTER_BOUND('',#411,.T.);
#293=FACE_OUTER_BOUND('',#413,.T.);
#294=FACE_OUTER_BOUND('',#414,.T.);
#295=FACE_OUTER_BOUND('',#415,.T.);
#296=FACE_OUTER_BOUND('',#416,.T.);
#297=FACE_OUTER_BOUND('',#417,.T.);
#298=FACE_OUTER_BOUND('',#418,.T.);
#299=FACE_OUTER_BOUND('',#419,.T.);
#300=FACE_OUTER_BOUND('',#420,.T.);
#301=FACE_OUTER_BOUND('',#421,.T.);
#302=FACE_OUTER_BOUND('',#422,.T.);
#303=FACE_OUTER_BOUND('',#423,.T.);
#304=FACE_OUTER_BOUND('',#428,.T.);
#305=FACE_OUTER_BOUND('',#429,.T.);
#306=FACE_OUTER_BOUND('',#430,.T.);
#307=FACE_OUTER_BOUND('',#431,.T.);
#308=FACE_OUTER_BOUND('',#432,.T.);
#309=FACE_OUTER_BOUND('',#433,.T.);
#310=FACE_OUTER_BOUND('',#434,.T.);
#311=FACE_OUTER_BOUND('',#435,.T.);
#312=FACE_OUTER_BOUND('',#436,.T.);
#313=FACE_OUTER_BOUND('',#437,.T.);
#314=FACE_OUTER_BOUND('',#438,.T.);
#315=FACE_OUTER_BOUND('',#439,.T.);
#316=FACE_OUTER_BOUND('',#440,.T.);
#317=FACE_OUTER_BOUND('',#441,.T.);
#318=FACE_OUTER_BOUND('',#442,.T.);
#319=FACE_OUTER_BOUND('',#443,.T.);
#320=FACE_OUTER_BOUND('',#444,.T.);
#321=FACE_OUTER_BOUND('',#445,.T.);
#322=FACE_OUTER_BOUND('',#446,.T.);
#323=FACE_OUTER_BOUND('',#447,.T.);
#324=FACE_OUTER_BOUND('',#448,.T.);
#325=FACE_OUTER_BOUND('',#449,.T.);
#326=FACE_OUTER_BOUND('',#450,.T.);
#327=FACE_OUTER_BOUND('',#451,.T.);
#328=FACE_OUTER_BOUND('',#452,.T.);
#329=FACE_OUTER_BOUND('',#457,.T.);
#330=FACE_OUTER_BOUND('',#458,.T.);
#331=FACE_OUTER_BOUND('',#459,.T.);
#332=FACE_OUTER_BOUND('',#461,.T.);
#333=FACE_OUTER_BOUND('',#462,.T.);
#334=FACE_OUTER_BOUND('',#463,.T.);
#335=FACE_OUTER_BOUND('',#464,.T.);
#336=FACE_OUTER_BOUND('',#465,.T.);
#337=FACE_OUTER_BOUND('',#466,.T.);
#338=FACE_OUTER_BOUND('',#472,.T.);
#339=FACE_OUTER_BOUND('',#478,.T.);
#340=FACE_OUTER_BOUND('',#479,.T.);
#341=FACE_OUTER_BOUND('',#480,.T.);
#342=EDGE_LOOP('',(#1236,#1237,#1238,#1239,#1240,#1241,#1242,#1243,#1244,
#1245,#1246,#1247));
#343=EDGE_LOOP('',(#1248,#1249,#1250,#1251));
#344=EDGE_LOOP('',(#1252,#1253,#1254,#1255));
#345=EDGE_LOOP('',(#1256,#1257,#1258,#1259));
#346=EDGE_LOOP('',(#1260,#1261,#1262,#1263));
#347=EDGE_LOOP('',(#1264,#1265,#1266,#1267));
#348=EDGE_LOOP('',(#1268,#1269,#1270,#1271));
#349=EDGE_LOOP('',(#1272,#1273,#1274,#1275));
#350=EDGE_LOOP('',(#1276,#1277,#1278,#1279));
#351=EDGE_LOOP('',(#1280,#1281,#1282,#1283));
#352=EDGE_LOOP('',(#1284,#1285,#1286,#1287));
#353=EDGE_LOOP('',(#1288,#1289,#1290,#1291));
#354=EDGE_LOOP('',(#1292,#1293,#1294,#1295));
#355=EDGE_LOOP('',(#1296,#1297,#1298,#1299,#1300,#1301,#1302,#1303,#1304,
#1305,#1306,#1307));
#356=EDGE_LOOP('',(#1308,#1309,#1310,#1311));
#357=EDGE_LOOP('',(#1312,#1313,#1314,#1315));
#358=EDGE_LOOP('',(#1316));
#359=EDGE_LOOP('',(#1317,#1318,#1319,#1320));
#360=EDGE_LOOP('',(#1321));
#361=EDGE_LOOP('',(#1322,#1323,#1324,#1325));
#362=EDGE_LOOP('',(#1326,#1327,#1328,#1329));
#363=EDGE_LOOP('',(#1330,#1331,#1332,#1333));
#364=EDGE_LOOP('',(#1334,#1335,#1336,#1337));
#365=EDGE_LOOP('',(#1338,#1339,#1340,#1341));
#366=EDGE_LOOP('',(#1342,#1343,#1344,#1345));
#367=EDGE_LOOP('',(#1346,#1347,#1348,#1349));
#368=EDGE_LOOP('',(#1350,#1351,#1352,#1353));
#369=EDGE_LOOP('',(#1354,#1355,#1356,#1357));
#370=EDGE_LOOP('',(#1358,#1359,#1360,#1361));
#371=EDGE_LOOP('',(#1362,#1363,#1364,#1365));
#372=EDGE_LOOP('',(#1366,#1367,#1368,#1369));
#373=EDGE_LOOP('',(#1370,#1371,#1372,#1373));
#374=EDGE_LOOP('',(#1374,#1375,#1376,#1377));
#375=EDGE_LOOP('',(#1378));
#376=EDGE_LOOP('',(#1379,#1380,#1381,#1382));
#377=EDGE_LOOP('',(#1383,#1384,#1385,#1386));
#378=EDGE_LOOP('',(#1387,#1388,#1389,#1390));
#379=EDGE_LOOP('',(#1391));
#380=EDGE_LOOP('',(#1392,#1393,#1394,#1395));
#381=EDGE_LOOP('',(#1396,#1397,#1398,#1399));
#382=EDGE_LOOP('',(#1400,#1401,#1402,#1403));
#383=EDGE_LOOP('',(#1404,#1405,#1406,#1407));
#384=EDGE_LOOP('',(#1408));
#385=EDGE_LOOP('',(#1409,#1410,#1411,#1412));
#386=EDGE_LOOP('',(#1413,#1414,#1415,#1416));
#387=EDGE_LOOP('',(#1417,#1418,#1419,#1420));
#388=EDGE_LOOP('',(#1421));
#389=EDGE_LOOP('',(#1422,#1423,#1424,#1425));
#390=EDGE_LOOP('',(#1426,#1427,#1428,#1429));
#391=EDGE_LOOP('',(#1430,#1431,#1432,#1433));
#392=EDGE_LOOP('',(#1434,#1435,#1436,#1437));
#393=EDGE_LOOP('',(#1438,#1439,#1440,#1441));
#394=EDGE_LOOP('',(#1442,#1443,#1444,#1445));
#395=EDGE_LOOP('',(#1446,#1447,#1448,#1449));
#396=EDGE_LOOP('',(#1450,#1451,#1452,#1453));
#397=EDGE_LOOP('',(#1454,#1455,#1456,#1457));
#398=EDGE_LOOP('',(#1458,#1459,#1460,#1461));
#399=EDGE_LOOP('',(#1462,#1463,#1464,#1465));
#400=EDGE_LOOP('',(#1466,#1467,#1468,#1469));
#401=EDGE_LOOP('',(#1470));
#402=EDGE_LOOP('',(#1471));
#403=EDGE_LOOP('',(#1472,#1473,#1474,#1475,#1476));
#404=EDGE_LOOP('',(#1477,#1478,#1479,#1480,#1481));
#405=EDGE_LOOP('',(#1482,#1483,#1484,#1485));
#406=EDGE_LOOP('',(#1486));
#407=EDGE_LOOP('',(#1487));
#408=EDGE_LOOP('',(#1488,#1489,#1490,#1491));
#409=EDGE_LOOP('',(#1492,#1493,#1494,#1495));
#410=EDGE_LOOP('',(#1496,#1497,#1498,#1499));
#411=EDGE_LOOP('',(#1500,#1501,#1502,#1503,#1504,#1505,#1506,#1507));
#412=EDGE_LOOP('',(#1508,#1509,#1510,#1511));
#413=EDGE_LOOP('',(#1512,#1513,#1514,#1515));
#414=EDGE_LOOP('',(#1516,#1517,#1518,#1519));
#415=EDGE_LOOP('',(#1520,#1521,#1522,#1523));
#416=EDGE_LOOP('',(#1524,#1525,#1526,#1527));
#417=EDGE_LOOP('',(#1528,#1529,#1530,#1531));
#418=EDGE_LOOP('',(#1532,#1533,#1534,#1535));
#419=EDGE_LOOP('',(#1536,#1537,#1538,#1539,#1540,#1541,#1542,#1543));
#420=EDGE_LOOP('',(#1544,#1545,#1546,#1547));
#421=EDGE_LOOP('',(#1548,#1549,#1550,#1551));
#422=EDGE_LOOP('',(#1552,#1553,#1554));
#423=EDGE_LOOP('',(#1555,#1556,#1557,#1558,#1559,#1560,#1561,#1562));
#424=EDGE_LOOP('',(#1563));
#425=EDGE_LOOP('',(#1564));
#426=EDGE_LOOP('',(#1565));
#427=EDGE_LOOP('',(#1566));
#428=EDGE_LOOP('',(#1567,#1568,#1569,#1570));
#429=EDGE_LOOP('',(#1571,#1572,#1573,#1574,#1575,#1576,#1577,#1578));
#430=EDGE_LOOP('',(#1579,#1580,#1581,#1582));
#431=EDGE_LOOP('',(#1583,#1584,#1585,#1586));
#432=EDGE_LOOP('',(#1587,#1588,#1589));
#433=EDGE_LOOP('',(#1590,#1591,#1592));
#434=EDGE_LOOP('',(#1593,#1594,#1595,#1596,#1597,#1598,#1599));
#435=EDGE_LOOP('',(#1600,#1601,#1602));
#436=EDGE_LOOP('',(#1603,#1604,#1605));
#437=EDGE_LOOP('',(#1606,#1607,#1608,#1609,#1610,#1611,#1612));
#438=EDGE_LOOP('',(#1613,#1614,#1615));
#439=EDGE_LOOP('',(#1616,#1617,#1618,#1619));
#440=EDGE_LOOP('',(#1620,#1621,#1622,#1623,#1624,#1625,#1626));
#441=EDGE_LOOP('',(#1627,#1628,#1629,#1630));
#442=EDGE_LOOP('',(#1631,#1632,#1633,#1634));
#443=EDGE_LOOP('',(#1635,#1636,#1637,#1638));
#444=EDGE_LOOP('',(#1639,#1640,#1641,#1642));
#445=EDGE_LOOP('',(#1643,#1644,#1645,#1646));
#446=EDGE_LOOP('',(#1647,#1648,#1649,#1650,#1651));
#447=EDGE_LOOP('',(#1652,#1653,#1654,#1655));
#448=EDGE_LOOP('',(#1656,#1657,#1658,#1659));
#449=EDGE_LOOP('',(#1660,#1661,#1662,#1663,#1664,#1665,#1666));
#450=EDGE_LOOP('',(#1667,#1668,#1669,#1670));
#451=EDGE_LOOP('',(#1671,#1672,#1673,#1674,#1675));
#452=EDGE_LOOP('',(#1676,#1677,#1678,#1679,#1680,#1681,#1682,#1683));
#453=EDGE_LOOP('',(#1684));
#454=EDGE_LOOP('',(#1685));
#455=EDGE_LOOP('',(#1686));
#456=EDGE_LOOP('',(#1687));
#457=EDGE_LOOP('',(#1688,#1689,#1690,#1691));
#458=EDGE_LOOP('',(#1692,#1693,#1694,#1695));
#459=EDGE_LOOP('',(#1696));
#460=EDGE_LOOP('',(#1697));
#461=EDGE_LOOP('',(#1698,#1699,#1700,#1701));
#462=EDGE_LOOP('',(#1702,#1703,#1704,#1705));
#463=EDGE_LOOP('',(#1706,#1707,#1708,#1709));
#464=EDGE_LOOP('',(#1710,#1711,#1712,#1713));
#465=EDGE_LOOP('',(#1714,#1715,#1716,#1717));
#466=EDGE_LOOP('',(#1718));
#467=EDGE_LOOP('',(#1719));
#468=EDGE_LOOP('',(#1720));
#469=EDGE_LOOP('',(#1721));
#470=EDGE_LOOP('',(#1722));
#471=EDGE_LOOP('',(#1723));
#472=EDGE_LOOP('',(#1724));
#473=EDGE_LOOP('',(#1725));
#474=EDGE_LOOP('',(#1726));
#475=EDGE_LOOP('',(#1727));
#476=EDGE_LOOP('',(#1728));
#477=EDGE_LOOP('',(#1729));
#478=EDGE_LOOP('',(#1730));
#479=EDGE_LOOP('',(#1731,#1732,#1733,#1734));
#480=EDGE_LOOP('',(#1735));
#481=LINE('',#2741,#652);
#482=LINE('',#2743,#653);
#483=LINE('',#2745,#654);
#484=LINE('',#2747,#655);
#485=LINE('',#2749,#656);
#486=LINE('',#2751,#657);
#487=LINE('',#2753,#658);
#488=LINE('',#2755,#659);
#489=LINE('',#2757,#660);
#490=LINE('',#2759,#661);
#491=LINE('',#2761,#662);
#492=LINE('',#2762,#663);
#493=LINE('',#2765,#664);
#494=LINE('',#2767,#665);
#495=LINE('',#2768,#666);
#496=LINE('',#2771,#667);
#497=LINE('',#2772,#668);
#498=LINE('',#2775,#669);
#499=LINE('',#2776,#670);
#500=LINE('',#2779,#671);
#501=LINE('',#2780,#672);
#502=LINE('',#2783,#673);
#503=LINE('',#2784,#674);
#504=LINE('',#2787,#675);
#505=LINE('',#2788,#676);
#506=LINE('',#2791,#677);
#507=LINE('',#2792,#678);
#508=LINE('',#2795,#679);
#509=LINE('',#2796,#680);
#510=LINE('',#2799,#681);
#511=LINE('',#2800,#682);
#512=LINE('',#2803,#683);
#513=LINE('',#2804,#684);
#514=LINE('',#2807,#685);
#515=LINE('',#2808,#686);
#516=LINE('',#2810,#687);
#517=LINE('',#2817,#688);
#518=LINE('',#2823,#689);
#519=LINE('',#2828,#690);
#520=LINE('',#2832,#691);
#521=LINE('',#2838,#692);
#522=LINE('',#2841,#693);
#523=LINE('',#2846,#694);
#524=LINE('',#2849,#695);
#525=LINE('',#2854,#696);
#526=LINE('',#2857,#697);
#527=LINE('',#2862,#698);
#528=LINE('',#2865,#699);
#529=LINE('',#2868,#700);
#530=LINE('',#2870,#701);
#531=LINE('',#2871,#702);
#532=LINE('',#2874,#703);
#533=LINE('',#2878,#704);
#534=LINE('',#2880,#705);
#535=LINE('',#2881,#706);
#536=LINE('',#2884,#707);
#537=LINE('',#2888,#708);
#538=LINE('',#2890,#709);
#539=LINE('',#2891,#710);
#540=LINE('',#2894,#711);
#541=LINE('',#2898,#712);
#542=LINE('',#2900,#713);
#543=LINE('',#2901,#714);
#544=LINE('',#2904,#715);
#545=LINE('',#2908,#716);
#546=LINE('',#2911,#717);
#547=LINE('',#2914,#718);
#548=LINE('',#2915,#719);
#549=LINE('',#2919,#720);
#550=LINE('',#2921,#721);
#551=LINE('',#2923,#722);
#552=LINE('',#2929,#723);
#553=LINE('',#2935,#724);
#554=LINE('',#2940,#725);
#555=LINE('',#2942,#726);
#556=LINE('',#2945,#727);
#557=LINE('',#2948,#728);
#558=LINE('',#2951,#729);
#559=LINE('',#2954,#730);
#560=LINE('',#2956,#731);
#561=LINE('',#2960,#732);
#562=LINE('',#2964,#733);
#563=LINE('',#2965,#734);
#564=LINE('',#2968,#735);
#565=LINE('',#2972,#736);
#566=LINE('',#2975,#737);
#567=LINE('',#2978,#738);
#568=LINE('',#2979,#739);
#569=LINE('',#2981,#740);
#570=LINE('',#2983,#741);
#571=LINE('',#2996,#742);
#572=LINE('',#3009,#743);
#573=LINE('',#3012,#744);
#574=LINE('',#3015,#745);
#575=LINE('',#3017,#746);
#576=LINE('',#3018,#747);
#577=LINE('',#3021,#748);
#578=LINE('',#3025,#749);
#579=LINE('',#3029,#750);
#580=LINE('',#3033,#751);
#581=LINE('',#3035,#752);
#582=LINE('',#3037,#753);
#583=LINE('',#3038,#754);
#584=LINE('',#3042,#755);
#585=LINE('',#3045,#756);
#586=LINE('',#3046,#757);
#587=LINE('',#3050,#758);
#588=LINE('',#3053,#759);
#589=LINE('',#3054,#760);
#590=LINE('',#3058,#761);
#591=LINE('',#3060,#762);
#592=LINE('',#3067,#763);
#593=LINE('',#3070,#764);
#594=LINE('',#3075,#765);
#595=LINE('',#3078,#766);
#596=LINE('',#3083,#767);
#597=LINE('',#3085,#768);
#598=LINE('',#3087,#769);
#599=LINE('',#3089,#770);
#600=LINE('',#3091,#771);
#601=LINE('',#3093,#772);
#602=LINE('',#3094,#773);
#603=LINE('',#3105,#774);
#604=LINE('',#3109,#775);
#605=LINE('',#3111,#776);
#606=LINE('',#3113,#777);
#607=LINE('',#3115,#778);
#608=LINE('',#3117,#779);
#609=LINE('',#3118,#780);
#610=LINE('',#3124,#781);
#611=LINE('',#3128,#782);
#612=LINE('',#3133,#783);
#613=LINE('',#3135,#784);
#614=LINE('',#3136,#785);
#615=LINE('',#3138,#786);
#616=LINE('',#3139,#787);
#617=LINE('',#3143,#788);
#618=LINE('',#3145,#789);
#619=LINE('',#3146,#790);
#620=LINE('',#3148,#791);
#621=LINE('',#3149,#792);
#622=LINE('',#3152,#793);
#623=LINE('',#3153,#794);
#624=LINE('',#3156,#795);
#625=LINE('',#3158,#796);
#626=LINE('',#3159,#797);
#627=LINE('',#3162,#798);
#628=LINE('',#3166,#799);
#629=LINE('',#3170,#800);
#630=LINE('',#3174,#801);
#631=LINE('',#3179,#802);
#632=LINE('',#3180,#803);
#633=LINE('',#3181,#804);
#634=LINE('',#3184,#805);
#635=LINE('',#3185,#806);
#636=LINE('',#3187,#807);
#637=LINE('',#3190,#808);
#638=LINE('',#3191,#809);
#639=LINE('',#3194,#810);
#640=LINE('',#3195,#811);
#641=LINE('',#3198,#812);
#642=LINE('',#3199,#813);
#643=LINE('',#3201,#814);
#644=LINE('',#3208,#815);
#645=LINE('',#3214,#816);
#646=LINE('',#3221,#817);
#647=LINE('',#3227,#818);
#648=LINE('',#3233,#819);
#649=LINE('',#3239,#820);
#650=LINE('',#3245,#821);
#651=LINE('',#3256,#822);
#652=VECTOR('',#2169,10.);
#653=VECTOR('',#2170,10.);
#654=VECTOR('',#2171,10.);
#655=VECTOR('',#2172,10.);
#656=VECTOR('',#2173,10.);
#657=VECTOR('',#2174,10.);
#658=VECTOR('',#2175,10.);
#659=VECTOR('',#2176,10.);
#660=VECTOR('',#2177,10.);
#661=VECTOR('',#2178,10.);
#662=VECTOR('',#2179,10.);
#663=VECTOR('',#2180,10.);
#664=VECTOR('',#2183,10.);
#665=VECTOR('',#2184,10.);
#666=VECTOR('',#2185,10.);
#667=VECTOR('',#2188,10.);
#668=VECTOR('',#2189,10.);
#669=VECTOR('',#2192,10.);
#670=VECTOR('',#2193,10.);
#671=VECTOR('',#2196,10.);
#672=VECTOR('',#2197,10.);
#673=VECTOR('',#2200,10.);
#674=VECTOR('',#2201,10.);
#675=VECTOR('',#2204,10.);
#676=VECTOR('',#2205,10.);
#677=VECTOR('',#2208,10.);
#678=VECTOR('',#2209,10.);
#679=VECTOR('',#2212,10.);
#680=VECTOR('',#2213,10.);
#681=VECTOR('',#2216,10.);
#682=VECTOR('',#2217,10.);
#683=VECTOR('',#2220,10.);
#684=VECTOR('',#2221,10.);
#685=VECTOR('',#2224,10.);
#686=VECTOR('',#2225,10.);
#687=VECTOR('',#2228,10.);
#688=VECTOR('',#2237,5.);
#689=VECTOR('',#2244,15.);
#690=VECTOR('',#2249,10.);
#691=VECTOR('',#2252,10.);
#692=VECTOR('',#2257,10.);
#693=VECTOR('',#2260,10.);
#694=VECTOR('',#2263,10.);
#695=VECTOR('',#2266,10.);
#696=VECTOR('',#2269,10.);
#697=VECTOR('',#2272,10.);
#698=VECTOR('',#2275,10.);
#699=VECTOR('',#2278,10.);
#700=VECTOR('',#2281,10.);
#701=VECTOR('',#2282,10.);
#702=VECTOR('',#2283,10.);
#703=VECTOR('',#2286,10.);
#704=VECTOR('',#2291,10.);
#705=VECTOR('',#2292,10.);
#706=VECTOR('',#2293,10.);
#707=VECTOR('',#2296,10.);
#708=VECTOR('',#2301,10.);
#709=VECTOR('',#2302,10.);
#710=VECTOR('',#2303,10.);
#711=VECTOR('',#2306,10.);
#712=VECTOR('',#2311,10.);
#713=VECTOR('',#2312,10.);
#714=VECTOR('',#2313,10.);
#715=VECTOR('',#2316,10.);
#716=VECTOR('',#2321,10.);
#717=VECTOR('',#2324,10.);
#718=VECTOR('',#2327,10.);
#719=VECTOR('',#2328,10.);
#720=VECTOR('',#2331,10.);
#721=VECTOR('',#2332,10.);
#722=VECTOR('',#2333,10.);
#723=VECTOR('',#2340,5.);
#724=VECTOR('',#2347,15.);
#725=VECTOR('',#2354,10.);
#726=VECTOR('',#2355,10.);
#727=VECTOR('',#2358,10.);
#728=VECTOR('',#2361,10.);
#729=VECTOR('',#2364,10.);
#730=VECTOR('',#2369,10.);
#731=VECTOR('',#2372,10.);
#732=VECTOR('',#2375,10.);
#733=VECTOR('',#2378,10.);
#734=VECTOR('',#2379,10.);
#735=VECTOR('',#2384,10.);
#736=VECTOR('',#2391,10.);
#737=VECTOR('',#2396,10.);
#738=VECTOR('',#2401,10.);
#739=VECTOR('',#2402,10.);
#740=VECTOR('',#2405,10.);
#741=VECTOR('',#2408,10.);
#742=VECTOR('',#2425,17.5);
#743=VECTOR('',#2442,10.);
#744=VECTOR('',#2445,10.);
#745=VECTOR('',#2448,10.);
#746=VECTOR('',#2449,10.);
#747=VECTOR('',#2450,10.);
#748=VECTOR('',#2453,10.);
#749=VECTOR('',#2456,10.);
#750=VECTOR('',#2459,10.);
#751=VECTOR('',#2462,10.);
#752=VECTOR('',#2463,10.);
#753=VECTOR('',#2464,10.);
#754=VECTOR('',#2465,10.);
#755=VECTOR('',#2470,10.);
#756=VECTOR('',#2473,10.);
#757=VECTOR('',#2474,10.);
#758=VECTOR('',#2479,10.);
#759=VECTOR('',#2482,10.);
#760=VECTOR('',#2483,10.);
#761=VECTOR('',#2488,10.);
#762=VECTOR('',#2491,10.);
#763=VECTOR('',#2498,10.);
#764=VECTOR('',#2501,10.);
#765=VECTOR('',#2506,10.);
#766=VECTOR('',#2509,10.);
#767=VECTOR('',#2516,10.);
#768=VECTOR('',#2517,10.);
#769=VECTOR('',#2518,10.);
#770=VECTOR('',#2519,10.);
#771=VECTOR('',#2520,10.);
#772=VECTOR('',#2521,10.);
#773=VECTOR('',#2522,10.);
#774=VECTOR('',#2533,10.);
#775=VECTOR('',#2538,10.);
#776=VECTOR('',#2539,10.);
#777=VECTOR('',#2540,10.);
#778=VECTOR('',#2541,10.);
#779=VECTOR('',#2542,10.);
#780=VECTOR('',#2543,10.);
#781=VECTOR('',#2550,10.);
#782=VECTOR('',#2555,10.);
#783=VECTOR('',#2562,10.);
#784=VECTOR('',#2563,10.);
#785=VECTOR('',#2564,10.);
#786=VECTOR('',#2567,10.);
#787=VECTOR('',#2568,10.);
#788=VECTOR('',#2573,10.);
#789=VECTOR('',#2574,10.);
#790=VECTOR('',#2575,10.);
#791=VECTOR('',#2578,10.);
#792=VECTOR('',#2579,10.);
#793=VECTOR('',#2584,10.);
#794=VECTOR('',#2585,10.);
#795=VECTOR('',#2588,10.);
#796=VECTOR('',#2589,10.);
#797=VECTOR('',#2590,10.);
#798=VECTOR('',#2593,1.6);
#799=VECTOR('',#2598,1.6);
#800=VECTOR('',#2603,1.6);
#801=VECTOR('',#2608,1.6);
#802=VECTOR('',#2613,10.);
#803=VECTOR('',#2614,10.);
#804=VECTOR('',#2615,10.);
#805=VECTOR('',#2618,10.);
#806=VECTOR('',#2619,10.);
#807=VECTOR('',#2622,10.);
#808=VECTOR('',#2625,10.);
#809=VECTOR('',#2626,10.);
#810=VECTOR('',#2629,10.);
#811=VECTOR('',#2630,10.);
#812=VECTOR('',#2633,10.);
#813=VECTOR('',#2634,10.);
#814=VECTOR('',#2637,10.);
#815=VECTOR('',#2646,2.);
#816=VECTOR('',#2653,11.);
#817=VECTOR('',#2662,1.);
#818=VECTOR('',#2669,1.);
#819=VECTOR('',#2676,1.);
#820=VECTOR('',#2683,1.);
#821=VECTOR('',#2690,14.);
#822=VECTOR('',#2707,2.);
#823=VERTEX_POINT('',#2739);
#824=VERTEX_POINT('',#2740);
#825=VERTEX_POINT('',#2742);
#826=VERTEX_POINT('',#2744);
#827=VERTEX_POINT('',#2746);
#828=VERTEX_POINT('',#2748);
#829=VERTEX_POINT('',#2750);
#830=VERTEX_POINT('',#2752);
#831=VERTEX_POINT('',#2754);
#832=VERTEX_POINT('',#2756);
#833=VERTEX_POINT('',#2758);
#834=VERTEX_POINT('',#2760);
#835=VERTEX_POINT('',#2764);
#836=VERTEX_POINT('',#2766);
#837=VERTEX_POINT('',#2770);
#838=VERTEX_POINT('',#2774);
#839=VERTEX_POINT('',#2778);
#840=VERTEX_POINT('',#2782);
#841=VERTEX_POINT('',#2786);
#842=VERTEX_POINT('',#2790);
#843=VERTEX_POINT('',#2794);
#844=VERTEX_POINT('',#2798);
#845=VERTEX_POINT('',#2802);
#846=VERTEX_POINT('',#2806);
#847=VERTEX_POINT('',#2814);
#848=VERTEX_POINT('',#2816);
#849=VERTEX_POINT('',#2820);
#850=VERTEX_POINT('',#2822);
#851=VERTEX_POINT('',#2826);
#852=VERTEX_POINT('',#2827);
#853=VERTEX_POINT('',#2829);
#854=VERTEX_POINT('',#2831);
#855=VERTEX_POINT('',#2834);
#856=VERTEX_POINT('',#2835);
#857=VERTEX_POINT('',#2837);
#858=VERTEX_POINT('',#2839);
#859=VERTEX_POINT('',#2842);
#860=VERTEX_POINT('',#2843);
#861=VERTEX_POINT('',#2845);
#862=VERTEX_POINT('',#2847);
#863=VERTEX_POINT('',#2850);
#864=VERTEX_POINT('',#2851);
#865=VERTEX_POINT('',#2853);
#866=VERTEX_POINT('',#2855);
#867=VERTEX_POINT('',#2858);
#868=VERTEX_POINT('',#2859);
#869=VERTEX_POINT('',#2861);
#870=VERTEX_POINT('',#2863);
#871=VERTEX_POINT('',#2867);
#872=VERTEX_POINT('',#2869);
#873=VERTEX_POINT('',#2873);
#874=VERTEX_POINT('',#2877);
#875=VERTEX_POINT('',#2879);
#876=VERTEX_POINT('',#2883);
#877=VERTEX_POINT('',#2887);
#878=VERTEX_POINT('',#2889);
#879=VERTEX_POINT('',#2893);
#880=VERTEX_POINT('',#2897);
#881=VERTEX_POINT('',#2899);
#882=VERTEX_POINT('',#2903);
#883=VERTEX_POINT('',#2907);
#884=VERTEX_POINT('',#2909);
#885=VERTEX_POINT('',#2913);
#886=VERTEX_POINT('',#2917);
#887=VERTEX_POINT('',#2918);
#888=VERTEX_POINT('',#2920);
#889=VERTEX_POINT('',#2922);
#890=VERTEX_POINT('',#2926);
#891=VERTEX_POINT('',#2928);
#892=VERTEX_POINT('',#2932);
#893=VERTEX_POINT('',#2934);
#894=VERTEX_POINT('',#2938);
#895=VERTEX_POINT('',#2941);
#896=VERTEX_POINT('',#2944);
#897=VERTEX_POINT('',#2947);
#898=VERTEX_POINT('',#2950);
#899=VERTEX_POINT('',#2958);
#900=VERTEX_POINT('',#2959);
#901=VERTEX_POINT('',#2961);
#902=VERTEX_POINT('',#2963);
#903=VERTEX_POINT('',#2985);
#904=VERTEX_POINT('',#2988);
#905=VERTEX_POINT('',#2990);
#906=VERTEX_POINT('',#2994);
#907=VERTEX_POINT('',#2998);
#908=VERTEX_POINT('',#3005);
#909=VERTEX_POINT('',#3006);
#910=VERTEX_POINT('',#3008);
#911=VERTEX_POINT('',#3010);
#912=VERTEX_POINT('',#3014);
#913=VERTEX_POINT('',#3016);
#914=VERTEX_POINT('',#3020);
#915=VERTEX_POINT('',#3022);
#916=VERTEX_POINT('',#3024);
#917=VERTEX_POINT('',#3026);
#918=VERTEX_POINT('',#3028);
#919=VERTEX_POINT('',#3031);
#920=VERTEX_POINT('',#3032);
#921=VERTEX_POINT('',#3034);
#922=VERTEX_POINT('',#3036);
#923=VERTEX_POINT('',#3040);
#924=VERTEX_POINT('',#3044);
#925=VERTEX_POINT('',#3048);
#926=VERTEX_POINT('',#3052);
#927=VERTEX_POINT('',#3056);
#928=VERTEX_POINT('',#3063);
#929=VERTEX_POINT('',#3064);
#930=VERTEX_POINT('',#3066);
#931=VERTEX_POINT('',#3068);
#932=VERTEX_POINT('',#3072);
#933=VERTEX_POINT('',#3074);
#934=VERTEX_POINT('',#3076);
#935=VERTEX_POINT('',#3082);
#936=VERTEX_POINT('',#3084);
#937=VERTEX_POINT('',#3086);
#938=VERTEX_POINT('',#3088);
#939=VERTEX_POINT('',#3090);
#940=VERTEX_POINT('',#3092);
#941=VERTEX_POINT('',#3095);
#942=VERTEX_POINT('',#3097);
#943=VERTEX_POINT('',#3099);
#944=VERTEX_POINT('',#3101);
#945=VERTEX_POINT('',#3104);
#946=VERTEX_POINT('',#3108);
#947=VERTEX_POINT('',#3110);
#948=VERTEX_POINT('',#3112);
#949=VERTEX_POINT('',#3114);
#950=VERTEX_POINT('',#3116);
#951=VERTEX_POINT('',#3120);
#952=VERTEX_POINT('',#3122);
#953=VERTEX_POINT('',#3127);
#954=VERTEX_POINT('',#3132);
#955=VERTEX_POINT('',#3134);
#956=VERTEX_POINT('',#3142);
#957=VERTEX_POINT('',#3144);
#958=VERTEX_POINT('',#3155);
#959=VERTEX_POINT('',#3157);
#960=VERTEX_POINT('',#3161);
#961=VERTEX_POINT('',#3165);
#962=VERTEX_POINT('',#3169);
#963=VERTEX_POINT('',#3173);
#964=VERTEX_POINT('',#3177);
#965=VERTEX_POINT('',#3178);
#966=VERTEX_POINT('',#3183);
#967=VERTEX_POINT('',#3189);
#968=VERTEX_POINT('',#3193);
#969=VERTEX_POINT('',#3197);
#970=VERTEX_POINT('',#3205);
#971=VERTEX_POINT('',#3207);
#972=VERTEX_POINT('',#3211);
#973=VERTEX_POINT('',#3213);
#974=VERTEX_POINT('',#3218);
#975=VERTEX_POINT('',#3220);
#976=VERTEX_POINT('',#3224);
#977=VERTEX_POINT('',#3226);
#978=VERTEX_POINT('',#3230);
#979=VERTEX_POINT('',#3232);
#980=VERTEX_POINT('',#3236);
#981=VERTEX_POINT('',#3238);
#982=VERTEX_POINT('',#3242);
#983=VERTEX_POINT('',#3244);
#984=VERTEX_POINT('',#3251);
#985=VERTEX_POINT('',#3254);
#986=EDGE_CURVE('',#823,#824,#481,.T.);
#987=EDGE_CURVE('',#824,#825,#482,.T.);
#988=EDGE_CURVE('',#825,#826,#483,.T.);
#989=EDGE_CURVE('',#826,#827,#484,.T.);
#990=EDGE_CURVE('',#827,#828,#485,.T.);
#991=EDGE_CURVE('',#828,#829,#486,.T.);
#992=EDGE_CURVE('',#829,#830,#487,.T.);
#993=EDGE_CURVE('',#830,#831,#488,.T.);
#994=EDGE_CURVE('',#831,#832,#489,.T.);
#995=EDGE_CURVE('',#832,#833,#490,.T.);
#996=EDGE_CURVE('',#833,#834,#491,.T.);
#997=EDGE_CURVE('',#834,#823,#492,.T.);
#998=EDGE_CURVE('',#835,#824,#493,.T.);
#999=EDGE_CURVE('',#836,#835,#494,.T.);
#1000=EDGE_CURVE('',#825,#836,#495,.T.);
#1001=EDGE_CURVE('',#837,#836,#496,.T.);
#1002=EDGE_CURVE('',#826,#837,#497,.T.);
#1003=EDGE_CURVE('',#838,#837,#498,.T.);
#1004=EDGE_CURVE('',#827,#838,#499,.T.);
#1005=EDGE_CURVE('',#839,#838,#500,.T.);
#1006=EDGE_CURVE('',#828,#839,#501,.T.);
#1007=EDGE_CURVE('',#840,#839,#502,.T.);
#1008=EDGE_CURVE('',#829,#840,#503,.T.);
#1009=EDGE_CURVE('',#841,#840,#504,.T.);
#1010=EDGE_CURVE('',#830,#841,#505,.T.);
#1011=EDGE_CURVE('',#842,#841,#506,.T.);
#1012=EDGE_CURVE('',#831,#842,#507,.T.);
#1013=EDGE_CURVE('',#843,#842,#508,.T.);
#1014=EDGE_CURVE('',#832,#843,#509,.T.);
#1015=EDGE_CURVE('',#844,#843,#510,.T.);
#1016=EDGE_CURVE('',#833,#844,#511,.T.);
#1017=EDGE_CURVE('',#845,#844,#512,.T.);
#1018=EDGE_CURVE('',#834,#845,#513,.T.);
#1019=EDGE_CURVE('',#846,#845,#514,.T.);
#1020=EDGE_CURVE('',#823,#846,#515,.T.);
#1021=EDGE_CURVE('',#835,#846,#516,.T.);
#1022=EDGE_CURVE('',#847,#847,#105,.T.);
#1023=EDGE_CURVE('',#847,#848,#517,.T.);
#1024=EDGE_CURVE('',#848,#848,#106,.T.);
#1025=EDGE_CURVE('',#849,#849,#107,.T.);
#1026=EDGE_CURVE('',#849,#850,#518,.T.);
#1027=EDGE_CURVE('',#850,#850,#108,.T.);
#1028=EDGE_CURVE('',#851,#852,#519,.T.);
#1029=EDGE_CURVE('',#853,#851,#109,.T.);
#1030=EDGE_CURVE('',#854,#853,#520,.T.);
#1031=EDGE_CURVE('',#852,#854,#110,.T.);
#1032=EDGE_CURVE('',#855,#856,#111,.T.);
#1033=EDGE_CURVE('',#857,#855,#521,.T.);
#1034=EDGE_CURVE('',#858,#857,#112,.T.);
#1035=EDGE_CURVE('',#856,#858,#522,.T.);
#1036=EDGE_CURVE('',#859,#860,#113,.T.);
#1037=EDGE_CURVE('',#861,#859,#523,.T.);
#1038=EDGE_CURVE('',#862,#861,#114,.T.);
#1039=EDGE_CURVE('',#860,#862,#524,.T.);
#1040=EDGE_CURVE('',#863,#864,#115,.T.);
#1041=EDGE_CURVE('',#865,#863,#525,.T.);
#1042=EDGE_CURVE('',#866,#865,#116,.T.);
#1043=EDGE_CURVE('',#864,#866,#526,.T.);
#1044=EDGE_CURVE('',#867,#868,#117,.T.);
#1045=EDGE_CURVE('',#869,#867,#527,.T.);
#1046=EDGE_CURVE('',#870,#869,#118,.T.);
#1047=EDGE_CURVE('',#868,#870,#528,.T.);
#1048=EDGE_CURVE('',#871,#867,#529,.T.);
#1049=EDGE_CURVE('',#871,#872,#530,.T.);
#1050=EDGE_CURVE('',#872,#869,#531,.T.);
#1051=EDGE_CURVE('',#873,#868,#532,.T.);
#1052=EDGE_CURVE('',#873,#871,#119,.T.);
#1053=EDGE_CURVE('',#874,#863,#533,.T.);
#1054=EDGE_CURVE('',#874,#875,#534,.T.);
#1055=EDGE_CURVE('',#875,#865,#535,.T.);
#1056=EDGE_CURVE('',#876,#864,#536,.T.);
#1057=EDGE_CURVE('',#876,#874,#120,.T.);
#1058=EDGE_CURVE('',#877,#859,#537,.T.);
#1059=EDGE_CURVE('',#877,#878,#538,.T.);
#1060=EDGE_CURVE('',#878,#861,#539,.T.);
#1061=EDGE_CURVE('',#879,#860,#540,.T.);
#1062=EDGE_CURVE('',#879,#877,#121,.T.);
#1063=EDGE_CURVE('',#880,#855,#541,.T.);
#1064=EDGE_CURVE('',#880,#881,#542,.T.);
#1065=EDGE_CURVE('',#881,#857,#543,.T.);
#1066=EDGE_CURVE('',#882,#856,#544,.T.);
#1067=EDGE_CURVE('',#882,#880,#122,.T.);
#1068=EDGE_CURVE('',#883,#851,#545,.T.);
#1069=EDGE_CURVE('',#883,#884,#123,.T.);
#1070=EDGE_CURVE('',#884,#853,#546,.T.);
#1071=EDGE_CURVE('',#885,#852,#547,.T.);
#1072=EDGE_CURVE('',#885,#883,#548,.T.);
#1073=EDGE_CURVE('',#886,#887,#549,.T.);
#1074=EDGE_CURVE('',#887,#888,#550,.T.);
#1075=EDGE_CURVE('',#888,#889,#551,.T.);
#1076=EDGE_CURVE('',#889,#886,#124,.T.);
#1077=EDGE_CURVE('',#890,#890,#125,.T.);
#1078=EDGE_CURVE('',#890,#891,#552,.T.);
#1079=EDGE_CURVE('',#891,#891,#126,.T.);
#1080=EDGE_CURVE('',#892,#892,#127,.T.);
#1081=EDGE_CURVE('',#892,#893,#553,.T.);
#1082=EDGE_CURVE('',#893,#893,#128,.T.);
#1083=EDGE_CURVE('',#894,#885,#129,.T.);
#1084=EDGE_CURVE('',#884,#894,#554,.T.);
#1085=EDGE_CURVE('',#895,#879,#555,.T.);
#1086=EDGE_CURVE('',#878,#895,#130,.T.);
#1087=EDGE_CURVE('',#896,#873,#556,.T.);
#1088=EDGE_CURVE('',#872,#896,#131,.T.);
#1089=EDGE_CURVE('',#897,#876,#557,.T.);
#1090=EDGE_CURVE('',#875,#897,#132,.T.);
#1091=EDGE_CURVE('',#898,#882,#558,.T.);
#1092=EDGE_CURVE('',#881,#898,#133,.T.);
#1093=EDGE_CURVE('',#895,#862,#559,.T.);
#1094=EDGE_CURVE('',#897,#866,#560,.T.);
#1095=EDGE_CURVE('',#899,#900,#561,.T.);
#1096=EDGE_CURVE('',#900,#901,#134,.T.);
#1097=EDGE_CURVE('',#901,#902,#562,.T.);
#1098=EDGE_CURVE('',#902,#899,#563,.T.);
#1099=EDGE_CURVE('',#898,#858,#564,.T.);
#1100=EDGE_CURVE('',#896,#870,#565,.T.);
#1101=EDGE_CURVE('',#894,#854,#566,.T.);
#1102=EDGE_CURVE('',#902,#888,#567,.T.);
#1103=EDGE_CURVE('',#899,#887,#568,.T.);
#1104=EDGE_CURVE('',#889,#901,#569,.T.);
#1105=EDGE_CURVE('',#900,#886,#570,.T.);
#1106=EDGE_CURVE('',#903,#903,#135,.T.);
#1107=EDGE_CURVE('',#903,#904,#136,.T.);
#1108=EDGE_CURVE('',#904,#905,#137,.T.);
#1109=EDGE_CURVE('',#905,#904,#138,.T.);
#1110=EDGE_CURVE('',#906,#906,#139,.T.);
#1111=EDGE_CURVE('',#906,#905,#571,.T.);
#1112=EDGE_CURVE('',#907,#907,#140,.T.);
#1113=EDGE_CURVE('',#907,#906,#141,.T.);
#1114=EDGE_CURVE('',#908,#909,#142,.T.);
#1115=EDGE_CURVE('',#909,#910,#572,.T.);
#1116=EDGE_CURVE('',#910,#911,#143,.T.);
#1117=EDGE_CURVE('',#911,#908,#573,.T.);
#1118=EDGE_CURVE('',#911,#912,#574,.T.);
#1119=EDGE_CURVE('',#913,#912,#575,.T.);
#1120=EDGE_CURVE('',#908,#913,#576,.T.);
#1121=EDGE_CURVE('',#914,#910,#577,.T.);
#1122=EDGE_CURVE('',#915,#914,#144,.T.);
#1123=EDGE_CURVE('',#916,#915,#578,.T.);
#1124=EDGE_CURVE('',#917,#916,#145,.T.);
#1125=EDGE_CURVE('',#918,#917,#579,.T.);
#1126=EDGE_CURVE('',#912,#918,#146,.T.);
#1127=EDGE_CURVE('',#919,#920,#580,.T.);
#1128=EDGE_CURVE('',#920,#921,#581,.T.);
#1129=EDGE_CURVE('',#921,#922,#582,.T.);
#1130=EDGE_CURVE('',#922,#919,#583,.T.);
#1131=EDGE_CURVE('',#923,#913,#147,.T.);
#1132=EDGE_CURVE('',#918,#923,#584,.T.);
#1133=EDGE_CURVE('',#924,#917,#585,.T.);
#1134=EDGE_CURVE('',#923,#924,#586,.T.);
#1135=EDGE_CURVE('',#925,#924,#148,.T.);
#1136=EDGE_CURVE('',#916,#925,#587,.T.);
#1137=EDGE_CURVE('',#926,#915,#588,.T.);
#1138=EDGE_CURVE('',#925,#926,#589,.T.);
#1139=EDGE_CURVE('',#927,#926,#149,.T.);
#1140=EDGE_CURVE('',#914,#927,#590,.T.);
#1141=EDGE_CURVE('',#927,#909,#591,.T.);
#1142=EDGE_CURVE('',#928,#929,#150,.T.);
#1143=EDGE_CURVE('',#929,#930,#592,.T.);
#1144=EDGE_CURVE('',#930,#931,#151,.T.);
#1145=EDGE_CURVE('',#931,#928,#593,.T.);
#1146=EDGE_CURVE('',#932,#928,#152,.T.);
#1147=EDGE_CURVE('',#928,#933,#594,.T.);
#1148=EDGE_CURVE('',#933,#934,#65,.T.);
#1149=EDGE_CURVE('',#934,#932,#595,.T.);
#1150=EDGE_CURVE('',#932,#929,#153,.T.);
#1151=EDGE_CURVE('',#935,#930,#596,.T.);
#1152=EDGE_CURVE('',#936,#929,#597,.T.);
#1153=EDGE_CURVE('',#937,#936,#598,.T.);
#1154=EDGE_CURVE('',#937,#938,#599,.T.);
#1155=EDGE_CURVE('',#938,#939,#600,.T.);
#1156=EDGE_CURVE('',#939,#940,#601,.T.);
#1157=EDGE_CURVE('',#940,#935,#602,.T.);
#1158=EDGE_CURVE('',#941,#941,#154,.T.);
#1159=EDGE_CURVE('',#942,#942,#155,.T.);
#1160=EDGE_CURVE('',#943,#943,#156,.T.);
#1161=EDGE_CURVE('',#944,#944,#157,.T.);
#1162=EDGE_CURVE('',#932,#945,#603,.T.);
#1163=EDGE_CURVE('',#936,#945,#158,.T.);
#1164=EDGE_CURVE('',#934,#946,#604,.T.);
#1165=EDGE_CURVE('',#946,#947,#605,.T.);
#1166=EDGE_CURVE('',#947,#948,#606,.T.);
#1167=EDGE_CURVE('',#948,#949,#607,.T.);
#1168=EDGE_CURVE('',#949,#950,#608,.T.);
#1169=EDGE_CURVE('',#945,#950,#609,.T.);
#1170=EDGE_CURVE('',#951,#945,#159,.T.);
#1171=EDGE_CURVE('',#950,#952,#66,.T.);
#1172=EDGE_CURVE('',#952,#951,#610,.T.);
#1173=EDGE_CURVE('',#936,#951,#160,.T.);
#1174=EDGE_CURVE('',#951,#953,#611,.T.);
#1175=EDGE_CURVE('',#953,#937,#161,.T.);
#1176=EDGE_CURVE('',#935,#954,#612,.T.);
#1177=EDGE_CURVE('',#954,#955,#613,.T.);
#1178=EDGE_CURVE('',#955,#935,#614,.T.);
#1179=EDGE_CURVE('',#955,#946,#615,.T.);
#1180=EDGE_CURVE('',#933,#931,#616,.T.);
#1181=EDGE_CURVE('',#956,#938,#617,.T.);
#1182=EDGE_CURVE('',#957,#938,#618,.T.);
#1183=EDGE_CURVE('',#957,#956,#619,.T.);
#1184=EDGE_CURVE('',#957,#949,#620,.T.);
#1185=EDGE_CURVE('',#952,#953,#621,.T.);
#1186=EDGE_CURVE('',#919,#948,#622,.T.);
#1187=EDGE_CURVE('',#920,#947,#623,.T.);
#1188=EDGE_CURVE('',#958,#922,#624,.T.);
#1189=EDGE_CURVE('',#959,#958,#625,.T.);
#1190=EDGE_CURVE('',#959,#957,#626,.T.);
#1191=EDGE_CURVE('',#944,#960,#627,.T.);
#1192=EDGE_CURVE('',#960,#960,#162,.T.);
#1193=EDGE_CURVE('',#943,#961,#628,.T.);
#1194=EDGE_CURVE('',#961,#961,#163,.T.);
#1195=EDGE_CURVE('',#942,#962,#629,.T.);
#1196=EDGE_CURVE('',#962,#962,#164,.T.);
#1197=EDGE_CURVE('',#941,#963,#630,.T.);
#1198=EDGE_CURVE('',#963,#963,#165,.T.);
#1199=EDGE_CURVE('',#964,#965,#631,.T.);
#1200=EDGE_CURVE('',#964,#940,#632,.T.);
#1201=EDGE_CURVE('',#965,#939,#633,.T.);
#1202=EDGE_CURVE('',#966,#965,#634,.T.);
#1203=EDGE_CURVE('',#966,#956,#635,.T.);
#1204=EDGE_CURVE('',#959,#966,#636,.T.);
#1205=EDGE_CURVE('',#958,#967,#637,.T.);
#1206=EDGE_CURVE('',#967,#921,#638,.T.);
#1207=EDGE_CURVE('',#968,#955,#639,.T.);
#1208=EDGE_CURVE('',#967,#968,#640,.T.);
#1209=EDGE_CURVE('',#969,#968,#641,.T.);
#1210=EDGE_CURVE('',#969,#954,#642,.T.);
#1211=EDGE_CURVE('',#964,#969,#643,.T.);
#1212=EDGE_CURVE('',#970,#970,#166,.T.);
#1213=EDGE_CURVE('',#970,#971,#644,.T.);
#1214=EDGE_CURVE('',#971,#971,#167,.T.);
#1215=EDGE_CURVE('',#972,#972,#168,.T.);
#1216=EDGE_CURVE('',#972,#973,#645,.T.);
#1217=EDGE_CURVE('',#973,#973,#169,.T.);
#1218=EDGE_CURVE('',#974,#974,#170,.T.);
#1219=EDGE_CURVE('',#974,#975,#646,.T.);
#1220=EDGE_CURVE('',#975,#975,#171,.T.);
#1221=EDGE_CURVE('',#976,#976,#172,.T.);
#1222=EDGE_CURVE('',#976,#977,#647,.T.);
#1223=EDGE_CURVE('',#977,#977,#173,.T.);
#1224=EDGE_CURVE('',#978,#978,#174,.T.);
#1225=EDGE_CURVE('',#978,#979,#648,.T.);
#1226=EDGE_CURVE('',#979,#979,#175,.T.);
#1227=EDGE_CURVE('',#980,#980,#176,.T.);
#1228=EDGE_CURVE('',#980,#981,#649,.T.);
#1229=EDGE_CURVE('',#981,#981,#177,.T.);
#1230=EDGE_CURVE('',#982,#982,#178,.T.);
#1231=EDGE_CURVE('',#982,#983,#650,.T.);
#1232=EDGE_CURVE('',#983,#983,#179,.T.);
#1233=EDGE_CURVE('',#984,#984,#180,.T.);
#1234=EDGE_CURVE('',#985,#985,#181,.T.);
#1235=EDGE_CURVE('',#985,#984,#651,.T.);
#1236=ORIENTED_EDGE('',*,*,#986,.T.);
#1237=ORIENTED_EDGE('',*,*,#987,.T.);
#1238=ORIENTED_EDGE('',*,*,#988,.T.);
#1239=ORIENTED_EDGE('',*,*,#989,.T.);
#1240=ORIENTED_EDGE('',*,*,#990,.T.);
#1241=ORIENTED_EDGE('',*,*,#991,.T.);
#1242=ORIENTED_EDGE('',*,*,#992,.T.);
#1243=ORIENTED_EDGE('',*,*,#993,.T.);
#1244=ORIENTED_EDGE('',*,*,#994,.T.);
#1245=ORIENTED_EDGE('',*,*,#995,.T.);
#1246=ORIENTED_EDGE('',*,*,#996,.T.);
#1247=ORIENTED_EDGE('',*,*,#997,.T.);
#1248=ORIENTED_EDGE('',*,*,#998,.F.);
#1249=ORIENTED_EDGE('',*,*,#999,.F.);
#1250=ORIENTED_EDGE('',*,*,#1000,.F.);
#1251=ORIENTED_EDGE('',*,*,#987,.F.);
#1252=ORIENTED_EDGE('',*,*,#1000,.T.);
#1253=ORIENTED_EDGE('',*,*,#1001,.F.);
#1254=ORIENTED_EDGE('',*,*,#1002,.F.);
#1255=ORIENTED_EDGE('',*,*,#988,.F.);
#1256=ORIENTED_EDGE('',*,*,#1002,.T.);
#1257=ORIENTED_EDGE('',*,*,#1003,.F.);
#1258=ORIENTED_EDGE('',*,*,#1004,.F.);
#1259=ORIENTED_EDGE('',*,*,#989,.F.);
#1260=ORIENTED_EDGE('',*,*,#1004,.T.);
#1261=ORIENTED_EDGE('',*,*,#1005,.F.);
#1262=ORIENTED_EDGE('',*,*,#1006,.F.);
#1263=ORIENTED_EDGE('',*,*,#990,.F.);
#1264=ORIENTED_EDGE('',*,*,#1006,.T.);
#1265=ORIENTED_EDGE('',*,*,#1007,.F.);
#1266=ORIENTED_EDGE('',*,*,#1008,.F.);
#1267=ORIENTED_EDGE('',*,*,#991,.F.);
#1268=ORIENTED_EDGE('',*,*,#1008,.T.);
#1269=ORIENTED_EDGE('',*,*,#1009,.F.);
#1270=ORIENTED_EDGE('',*,*,#1010,.F.);
#1271=ORIENTED_EDGE('',*,*,#992,.F.);
#1272=ORIENTED_EDGE('',*,*,#1010,.T.);
#1273=ORIENTED_EDGE('',*,*,#1011,.F.);
#1274=ORIENTED_EDGE('',*,*,#1012,.F.);
#1275=ORIENTED_EDGE('',*,*,#993,.F.);
#1276=ORIENTED_EDGE('',*,*,#1012,.T.);
#1277=ORIENTED_EDGE('',*,*,#1013,.F.);
#1278=ORIENTED_EDGE('',*,*,#1014,.F.);
#1279=ORIENTED_EDGE('',*,*,#994,.F.);
#1280=ORIENTED_EDGE('',*,*,#1014,.T.);
#1281=ORIENTED_EDGE('',*,*,#1015,.F.);
#1282=ORIENTED_EDGE('',*,*,#1016,.F.);
#1283=ORIENTED_EDGE('',*,*,#995,.F.);
#1284=ORIENTED_EDGE('',*,*,#1016,.T.);
#1285=ORIENTED_EDGE('',*,*,#1017,.F.);
#1286=ORIENTED_EDGE('',*,*,#1018,.F.);
#1287=ORIENTED_EDGE('',*,*,#996,.F.);
#1288=ORIENTED_EDGE('',*,*,#1018,.T.);
#1289=ORIENTED_EDGE('',*,*,#1019,.F.);
#1290=ORIENTED_EDGE('',*,*,#1020,.F.);
#1291=ORIENTED_EDGE('',*,*,#997,.F.);
#1292=ORIENTED_EDGE('',*,*,#1020,.T.);
#1293=ORIENTED_EDGE('',*,*,#1021,.F.);
#1294=ORIENTED_EDGE('',*,*,#998,.T.);
#1295=ORIENTED_EDGE('',*,*,#986,.F.);
#1296=ORIENTED_EDGE('',*,*,#1021,.T.);
#1297=ORIENTED_EDGE('',*,*,#1019,.T.);
#1298=ORIENTED_EDGE('',*,*,#1017,.T.);
#1299=ORIENTED_EDGE('',*,*,#1015,.T.);
#1300=ORIENTED_EDGE('',*,*,#1013,.T.);
#1301=ORIENTED_EDGE('',*,*,#1011,.T.);
#1302=ORIENTED_EDGE('',*,*,#1009,.T.);
#1303=ORIENTED_EDGE('',*,*,#1007,.T.);
#1304=ORIENTED_EDGE('',*,*,#1005,.T.);
#1305=ORIENTED_EDGE('',*,*,#1003,.T.);
#1306=ORIENTED_EDGE('',*,*,#1001,.T.);
#1307=ORIENTED_EDGE('',*,*,#999,.T.);
#1308=ORIENTED_EDGE('',*,*,#1022,.F.);
#1309=ORIENTED_EDGE('',*,*,#1023,.T.);
#1310=ORIENTED_EDGE('',*,*,#1024,.T.);
#1311=ORIENTED_EDGE('',*,*,#1023,.F.);
#1312=ORIENTED_EDGE('',*,*,#1025,.F.);
#1313=ORIENTED_EDGE('',*,*,#1026,.T.);
#1314=ORIENTED_EDGE('',*,*,#1027,.T.);
#1315=ORIENTED_EDGE('',*,*,#1026,.F.);
#1316=ORIENTED_EDGE('',*,*,#1027,.F.);
#1317=ORIENTED_EDGE('',*,*,#1028,.F.);
#1318=ORIENTED_EDGE('',*,*,#1029,.F.);
#1319=ORIENTED_EDGE('',*,*,#1030,.F.);
#1320=ORIENTED_EDGE('',*,*,#1031,.F.);
#1321=ORIENTED_EDGE('',*,*,#1024,.F.);
#1322=ORIENTED_EDGE('',*,*,#1032,.F.);
#1323=ORIENTED_EDGE('',*,*,#1033,.F.);
#1324=ORIENTED_EDGE('',*,*,#1034,.F.);
#1325=ORIENTED_EDGE('',*,*,#1035,.F.);
#1326=ORIENTED_EDGE('',*,*,#1036,.F.);
#1327=ORIENTED_EDGE('',*,*,#1037,.F.);
#1328=ORIENTED_EDGE('',*,*,#1038,.F.);
#1329=ORIENTED_EDGE('',*,*,#1039,.F.);
#1330=ORIENTED_EDGE('',*,*,#1040,.F.);
#1331=ORIENTED_EDGE('',*,*,#1041,.F.);
#1332=ORIENTED_EDGE('',*,*,#1042,.F.);
#1333=ORIENTED_EDGE('',*,*,#1043,.F.);
#1334=ORIENTED_EDGE('',*,*,#1044,.F.);
#1335=ORIENTED_EDGE('',*,*,#1045,.F.);
#1336=ORIENTED_EDGE('',*,*,#1046,.F.);
#1337=ORIENTED_EDGE('',*,*,#1047,.F.);
#1338=ORIENTED_EDGE('',*,*,#1045,.T.);
#1339=ORIENTED_EDGE('',*,*,#1048,.F.);
#1340=ORIENTED_EDGE('',*,*,#1049,.T.);
#1341=ORIENTED_EDGE('',*,*,#1050,.T.);
#1342=ORIENTED_EDGE('',*,*,#1044,.T.);
#1343=ORIENTED_EDGE('',*,*,#1051,.F.);
#1344=ORIENTED_EDGE('',*,*,#1052,.T.);
#1345=ORIENTED_EDGE('',*,*,#1048,.T.);
#1346=ORIENTED_EDGE('',*,*,#1041,.T.);
#1347=ORIENTED_EDGE('',*,*,#1053,.F.);
#1348=ORIENTED_EDGE('',*,*,#1054,.T.);
#1349=ORIENTED_EDGE('',*,*,#1055,.T.);
#1350=ORIENTED_EDGE('',*,*,#1040,.T.);
#1351=ORIENTED_EDGE('',*,*,#1056,.F.);
#1352=ORIENTED_EDGE('',*,*,#1057,.T.);
#1353=ORIENTED_EDGE('',*,*,#1053,.T.);
#1354=ORIENTED_EDGE('',*,*,#1037,.T.);
#1355=ORIENTED_EDGE('',*,*,#1058,.F.);
#1356=ORIENTED_EDGE('',*,*,#1059,.T.);
#1357=ORIENTED_EDGE('',*,*,#1060,.T.);
#1358=ORIENTED_EDGE('',*,*,#1036,.T.);
#1359=ORIENTED_EDGE('',*,*,#1061,.F.);
#1360=ORIENTED_EDGE('',*,*,#1062,.T.);
#1361=ORIENTED_EDGE('',*,*,#1058,.T.);
#1362=ORIENTED_EDGE('',*,*,#1033,.T.);
#1363=ORIENTED_EDGE('',*,*,#1063,.F.);
#1364=ORIENTED_EDGE('',*,*,#1064,.T.);
#1365=ORIENTED_EDGE('',*,*,#1065,.T.);
#1366=ORIENTED_EDGE('',*,*,#1032,.T.);
#1367=ORIENTED_EDGE('',*,*,#1066,.F.);
#1368=ORIENTED_EDGE('',*,*,#1067,.T.);
#1369=ORIENTED_EDGE('',*,*,#1063,.T.);
#1370=ORIENTED_EDGE('',*,*,#1029,.T.);
#1371=ORIENTED_EDGE('',*,*,#1068,.F.);
#1372=ORIENTED_EDGE('',*,*,#1069,.T.);
#1373=ORIENTED_EDGE('',*,*,#1070,.T.);
#1374=ORIENTED_EDGE('',*,*,#1028,.T.);
#1375=ORIENTED_EDGE('',*,*,#1071,.F.);
#1376=ORIENTED_EDGE('',*,*,#1072,.T.);
#1377=ORIENTED_EDGE('',*,*,#1068,.T.);
#1378=ORIENTED_EDGE('',*,*,#1022,.T.);
#1379=ORIENTED_EDGE('',*,*,#1073,.T.);
#1380=ORIENTED_EDGE('',*,*,#1074,.T.);
#1381=ORIENTED_EDGE('',*,*,#1075,.T.);
#1382=ORIENTED_EDGE('',*,*,#1076,.T.);
#1383=ORIENTED_EDGE('',*,*,#1077,.F.);
#1384=ORIENTED_EDGE('',*,*,#1078,.T.);
#1385=ORIENTED_EDGE('',*,*,#1079,.T.);
#1386=ORIENTED_EDGE('',*,*,#1078,.F.);
#1387=ORIENTED_EDGE('',*,*,#1080,.F.);
#1388=ORIENTED_EDGE('',*,*,#1081,.T.);
#1389=ORIENTED_EDGE('',*,*,#1082,.T.);
#1390=ORIENTED_EDGE('',*,*,#1081,.F.);
#1391=ORIENTED_EDGE('',*,*,#1082,.F.);
#1392=ORIENTED_EDGE('',*,*,#1083,.F.);
#1393=ORIENTED_EDGE('',*,*,#1084,.F.);
#1394=ORIENTED_EDGE('',*,*,#1069,.F.);
#1395=ORIENTED_EDGE('',*,*,#1072,.F.);
#1396=ORIENTED_EDGE('',*,*,#1062,.F.);
#1397=ORIENTED_EDGE('',*,*,#1085,.F.);
#1398=ORIENTED_EDGE('',*,*,#1086,.F.);
#1399=ORIENTED_EDGE('',*,*,#1059,.F.);
#1400=ORIENTED_EDGE('',*,*,#1087,.F.);
#1401=ORIENTED_EDGE('',*,*,#1088,.F.);
#1402=ORIENTED_EDGE('',*,*,#1049,.F.);
#1403=ORIENTED_EDGE('',*,*,#1052,.F.);
#1404=ORIENTED_EDGE('',*,*,#1089,.F.);
#1405=ORIENTED_EDGE('',*,*,#1090,.F.);
#1406=ORIENTED_EDGE('',*,*,#1054,.F.);
#1407=ORIENTED_EDGE('',*,*,#1057,.F.);
#1408=ORIENTED_EDGE('',*,*,#1079,.F.);
#1409=ORIENTED_EDGE('',*,*,#1091,.F.);
#1410=ORIENTED_EDGE('',*,*,#1092,.F.);
#1411=ORIENTED_EDGE('',*,*,#1064,.F.);
#1412=ORIENTED_EDGE('',*,*,#1067,.F.);
#1413=ORIENTED_EDGE('',*,*,#1038,.T.);
#1414=ORIENTED_EDGE('',*,*,#1060,.F.);
#1415=ORIENTED_EDGE('',*,*,#1086,.T.);
#1416=ORIENTED_EDGE('',*,*,#1093,.T.);
#1417=ORIENTED_EDGE('',*,*,#1042,.T.);
#1418=ORIENTED_EDGE('',*,*,#1055,.F.);
#1419=ORIENTED_EDGE('',*,*,#1090,.T.);
#1420=ORIENTED_EDGE('',*,*,#1094,.T.);
#1421=ORIENTED_EDGE('',*,*,#1077,.T.);
#1422=ORIENTED_EDGE('',*,*,#1095,.T.);
#1423=ORIENTED_EDGE('',*,*,#1096,.T.);
#1424=ORIENTED_EDGE('',*,*,#1097,.T.);
#1425=ORIENTED_EDGE('',*,*,#1098,.T.);
#1426=ORIENTED_EDGE('',*,*,#1039,.T.);
#1427=ORIENTED_EDGE('',*,*,#1093,.F.);
#1428=ORIENTED_EDGE('',*,*,#1085,.T.);
#1429=ORIENTED_EDGE('',*,*,#1061,.T.);
#1430=ORIENTED_EDGE('',*,*,#1034,.T.);
#1431=ORIENTED_EDGE('',*,*,#1065,.F.);
#1432=ORIENTED_EDGE('',*,*,#1092,.T.);
#1433=ORIENTED_EDGE('',*,*,#1099,.T.);
#1434=ORIENTED_EDGE('',*,*,#1035,.T.);
#1435=ORIENTED_EDGE('',*,*,#1099,.F.);
#1436=ORIENTED_EDGE('',*,*,#1091,.T.);
#1437=ORIENTED_EDGE('',*,*,#1066,.T.);
#1438=ORIENTED_EDGE('',*,*,#1043,.T.);
#1439=ORIENTED_EDGE('',*,*,#1094,.F.);
#1440=ORIENTED_EDGE('',*,*,#1089,.T.);
#1441=ORIENTED_EDGE('',*,*,#1056,.T.);
#1442=ORIENTED_EDGE('',*,*,#1047,.T.);
#1443=ORIENTED_EDGE('',*,*,#1100,.F.);
#1444=ORIENTED_EDGE('',*,*,#1087,.T.);
#1445=ORIENTED_EDGE('',*,*,#1051,.T.);
#1446=ORIENTED_EDGE('',*,*,#1046,.T.);
#1447=ORIENTED_EDGE('',*,*,#1050,.F.);
#1448=ORIENTED_EDGE('',*,*,#1088,.T.);
#1449=ORIENTED_EDGE('',*,*,#1100,.T.);
#1450=ORIENTED_EDGE('',*,*,#1031,.T.);
#1451=ORIENTED_EDGE('',*,*,#1101,.F.);
#1452=ORIENTED_EDGE('',*,*,#1083,.T.);
#1453=ORIENTED_EDGE('',*,*,#1071,.T.);
#1454=ORIENTED_EDGE('',*,*,#1030,.T.);
#1455=ORIENTED_EDGE('',*,*,#1070,.F.);
#1456=ORIENTED_EDGE('',*,*,#1084,.T.);
#1457=ORIENTED_EDGE('',*,*,#1101,.T.);
#1458=ORIENTED_EDGE('',*,*,#1098,.F.);
#1459=ORIENTED_EDGE('',*,*,#1102,.T.);
#1460=ORIENTED_EDGE('',*,*,#1074,.F.);
#1461=ORIENTED_EDGE('',*,*,#1103,.F.);
#1462=ORIENTED_EDGE('',*,*,#1097,.F.);
#1463=ORIENTED_EDGE('',*,*,#1104,.F.);
#1464=ORIENTED_EDGE('',*,*,#1075,.F.);
#1465=ORIENTED_EDGE('',*,*,#1102,.F.);
#1466=ORIENTED_EDGE('',*,*,#1095,.F.);
#1467=ORIENTED_EDGE('',*,*,#1103,.T.);
#1468=ORIENTED_EDGE('',*,*,#1073,.F.);
#1469=ORIENTED_EDGE('',*,*,#1105,.F.);
#1470=ORIENTED_EDGE('',*,*,#1106,.F.);
#1471=ORIENTED_EDGE('',*,*,#1025,.T.);
#1472=ORIENTED_EDGE('',*,*,#1106,.T.);
#1473=ORIENTED_EDGE('',*,*,#1107,.T.);
#1474=ORIENTED_EDGE('',*,*,#1108,.T.);
#1475=ORIENTED_EDGE('',*,*,#1109,.T.);
#1476=ORIENTED_EDGE('',*,*,#1107,.F.);
#1477=ORIENTED_EDGE('',*,*,#1110,.F.);
#1478=ORIENTED_EDGE('',*,*,#1111,.T.);
#1479=ORIENTED_EDGE('',*,*,#1108,.F.);
#1480=ORIENTED_EDGE('',*,*,#1109,.F.);
#1481=ORIENTED_EDGE('',*,*,#1111,.F.);
#1482=ORIENTED_EDGE('',*,*,#1112,.T.);
#1483=ORIENTED_EDGE('',*,*,#1113,.T.);
#1484=ORIENTED_EDGE('',*,*,#1110,.T.);
#1485=ORIENTED_EDGE('',*,*,#1113,.F.);
#1486=ORIENTED_EDGE('',*,*,#1112,.F.);
#1487=ORIENTED_EDGE('',*,*,#1080,.T.);
#1488=ORIENTED_EDGE('',*,*,#1105,.T.);
#1489=ORIENTED_EDGE('',*,*,#1076,.F.);
#1490=ORIENTED_EDGE('',*,*,#1104,.T.);
#1491=ORIENTED_EDGE('',*,*,#1096,.F.);
#1492=ORIENTED_EDGE('',*,*,#1114,.T.);
#1493=ORIENTED_EDGE('',*,*,#1115,.T.);
#1494=ORIENTED_EDGE('',*,*,#1116,.T.);
#1495=ORIENTED_EDGE('',*,*,#1117,.T.);
#1496=ORIENTED_EDGE('',*,*,#1117,.F.);
#1497=ORIENTED_EDGE('',*,*,#1118,.T.);
#1498=ORIENTED_EDGE('',*,*,#1119,.F.);
#1499=ORIENTED_EDGE('',*,*,#1120,.F.);
#1500=ORIENTED_EDGE('',*,*,#1116,.F.);
#1501=ORIENTED_EDGE('',*,*,#1121,.F.);
#1502=ORIENTED_EDGE('',*,*,#1122,.F.);
#1503=ORIENTED_EDGE('',*,*,#1123,.F.);
#1504=ORIENTED_EDGE('',*,*,#1124,.F.);
#1505=ORIENTED_EDGE('',*,*,#1125,.F.);
#1506=ORIENTED_EDGE('',*,*,#1126,.F.);
#1507=ORIENTED_EDGE('',*,*,#1118,.F.);
#1508=ORIENTED_EDGE('',*,*,#1127,.T.);
#1509=ORIENTED_EDGE('',*,*,#1128,.T.);
#1510=ORIENTED_EDGE('',*,*,#1129,.T.);
#1511=ORIENTED_EDGE('',*,*,#1130,.T.);
#1512=ORIENTED_EDGE('',*,*,#1131,.T.);
#1513=ORIENTED_EDGE('',*,*,#1119,.T.);
#1514=ORIENTED_EDGE('',*,*,#1126,.T.);
#1515=ORIENTED_EDGE('',*,*,#1132,.T.);
#1516=ORIENTED_EDGE('',*,*,#1132,.F.);
#1517=ORIENTED_EDGE('',*,*,#1125,.T.);
#1518=ORIENTED_EDGE('',*,*,#1133,.F.);
#1519=ORIENTED_EDGE('',*,*,#1134,.F.);
#1520=ORIENTED_EDGE('',*,*,#1135,.T.);
#1521=ORIENTED_EDGE('',*,*,#1133,.T.);
#1522=ORIENTED_EDGE('',*,*,#1124,.T.);
#1523=ORIENTED_EDGE('',*,*,#1136,.T.);
#1524=ORIENTED_EDGE('',*,*,#1136,.F.);
#1525=ORIENTED_EDGE('',*,*,#1123,.T.);
#1526=ORIENTED_EDGE('',*,*,#1137,.F.);
#1527=ORIENTED_EDGE('',*,*,#1138,.F.);
#1528=ORIENTED_EDGE('',*,*,#1139,.T.);
#1529=ORIENTED_EDGE('',*,*,#1137,.T.);
#1530=ORIENTED_EDGE('',*,*,#1122,.T.);
#1531=ORIENTED_EDGE('',*,*,#1140,.T.);
#1532=ORIENTED_EDGE('',*,*,#1115,.F.);
#1533=ORIENTED_EDGE('',*,*,#1141,.F.);
#1534=ORIENTED_EDGE('',*,*,#1140,.F.);
#1535=ORIENTED_EDGE('',*,*,#1121,.T.);
#1536=ORIENTED_EDGE('',*,*,#1114,.F.);
#1537=ORIENTED_EDGE('',*,*,#1120,.T.);
#1538=ORIENTED_EDGE('',*,*,#1131,.F.);
#1539=ORIENTED_EDGE('',*,*,#1134,.T.);
#1540=ORIENTED_EDGE('',*,*,#1135,.F.);
#1541=ORIENTED_EDGE('',*,*,#1138,.T.);
#1542=ORIENTED_EDGE('',*,*,#1139,.F.);
#1543=ORIENTED_EDGE('',*,*,#1141,.T.);
#1544=ORIENTED_EDGE('',*,*,#1142,.T.);
#1545=ORIENTED_EDGE('',*,*,#1143,.T.);
#1546=ORIENTED_EDGE('',*,*,#1144,.T.);
#1547=ORIENTED_EDGE('',*,*,#1145,.T.);
#1548=ORIENTED_EDGE('',*,*,#1146,.T.);
#1549=ORIENTED_EDGE('',*,*,#1147,.T.);
#1550=ORIENTED_EDGE('',*,*,#1148,.T.);
#1551=ORIENTED_EDGE('',*,*,#1149,.T.);
#1552=ORIENTED_EDGE('',*,*,#1146,.F.);
#1553=ORIENTED_EDGE('',*,*,#1150,.T.);
#1554=ORIENTED_EDGE('',*,*,#1142,.F.);
#1555=ORIENTED_EDGE('',*,*,#1151,.T.);
#1556=ORIENTED_EDGE('',*,*,#1143,.F.);
#1557=ORIENTED_EDGE('',*,*,#1152,.F.);
#1558=ORIENTED_EDGE('',*,*,#1153,.F.);
#1559=ORIENTED_EDGE('',*,*,#1154,.T.);
#1560=ORIENTED_EDGE('',*,*,#1155,.T.);
#1561=ORIENTED_EDGE('',*,*,#1156,.T.);
#1562=ORIENTED_EDGE('',*,*,#1157,.T.);
#1563=ORIENTED_EDGE('',*,*,#1158,.T.);
#1564=ORIENTED_EDGE('',*,*,#1159,.T.);
#1565=ORIENTED_EDGE('',*,*,#1160,.T.);
#1566=ORIENTED_EDGE('',*,*,#1161,.T.);
#1567=ORIENTED_EDGE('',*,*,#1150,.F.);
#1568=ORIENTED_EDGE('',*,*,#1162,.T.);
#1569=ORIENTED_EDGE('',*,*,#1163,.F.);
#1570=ORIENTED_EDGE('',*,*,#1152,.T.);
#1571=ORIENTED_EDGE('',*,*,#1149,.F.);
#1572=ORIENTED_EDGE('',*,*,#1164,.T.);
#1573=ORIENTED_EDGE('',*,*,#1165,.T.);
#1574=ORIENTED_EDGE('',*,*,#1166,.T.);
#1575=ORIENTED_EDGE('',*,*,#1167,.T.);
#1576=ORIENTED_EDGE('',*,*,#1168,.T.);
#1577=ORIENTED_EDGE('',*,*,#1169,.F.);
#1578=ORIENTED_EDGE('',*,*,#1162,.F.);
#1579=ORIENTED_EDGE('',*,*,#1170,.T.);
#1580=ORIENTED_EDGE('',*,*,#1169,.T.);
#1581=ORIENTED_EDGE('',*,*,#1171,.T.);
#1582=ORIENTED_EDGE('',*,*,#1172,.T.);
#1583=ORIENTED_EDGE('',*,*,#1173,.T.);
#1584=ORIENTED_EDGE('',*,*,#1174,.T.);
#1585=ORIENTED_EDGE('',*,*,#1175,.T.);
#1586=ORIENTED_EDGE('',*,*,#1153,.T.);
#1587=ORIENTED_EDGE('',*,*,#1173,.F.);
#1588=ORIENTED_EDGE('',*,*,#1163,.T.);
#1589=ORIENTED_EDGE('',*,*,#1170,.F.);
#1590=ORIENTED_EDGE('',*,*,#1176,.T.);
#1591=ORIENTED_EDGE('',*,*,#1177,.T.);
#1592=ORIENTED_EDGE('',*,*,#1178,.T.);
#1593=ORIENTED_EDGE('',*,*,#1179,.T.);
#1594=ORIENTED_EDGE('',*,*,#1164,.F.);
#1595=ORIENTED_EDGE('',*,*,#1148,.F.);
#1596=ORIENTED_EDGE('',*,*,#1180,.T.);
#1597=ORIENTED_EDGE('',*,*,#1144,.F.);
#1598=ORIENTED_EDGE('',*,*,#1151,.F.);
#1599=ORIENTED_EDGE('',*,*,#1178,.F.);
#1600=ORIENTED_EDGE('',*,*,#1145,.F.);
#1601=ORIENTED_EDGE('',*,*,#1180,.F.);
#1602=ORIENTED_EDGE('',*,*,#1147,.F.);
#1603=ORIENTED_EDGE('',*,*,#1181,.T.);
#1604=ORIENTED_EDGE('',*,*,#1182,.F.);
#1605=ORIENTED_EDGE('',*,*,#1183,.T.);
#1606=ORIENTED_EDGE('',*,*,#1184,.F.);
#1607=ORIENTED_EDGE('',*,*,#1182,.T.);
#1608=ORIENTED_EDGE('',*,*,#1154,.F.);
#1609=ORIENTED_EDGE('',*,*,#1175,.F.);
#1610=ORIENTED_EDGE('',*,*,#1185,.F.);
#1611=ORIENTED_EDGE('',*,*,#1171,.F.);
#1612=ORIENTED_EDGE('',*,*,#1168,.F.);
#1613=ORIENTED_EDGE('',*,*,#1172,.F.);
#1614=ORIENTED_EDGE('',*,*,#1185,.T.);
#1615=ORIENTED_EDGE('',*,*,#1174,.F.);
#1616=ORIENTED_EDGE('',*,*,#1127,.F.);
#1617=ORIENTED_EDGE('',*,*,#1186,.T.);
#1618=ORIENTED_EDGE('',*,*,#1166,.F.);
#1619=ORIENTED_EDGE('',*,*,#1187,.F.);
#1620=ORIENTED_EDGE('',*,*,#1188,.F.);
#1621=ORIENTED_EDGE('',*,*,#1189,.F.);
#1622=ORIENTED_EDGE('',*,*,#1190,.T.);
#1623=ORIENTED_EDGE('',*,*,#1184,.T.);
#1624=ORIENTED_EDGE('',*,*,#1167,.F.);
#1625=ORIENTED_EDGE('',*,*,#1186,.F.);
#1626=ORIENTED_EDGE('',*,*,#1130,.F.);
#1627=ORIENTED_EDGE('',*,*,#1161,.F.);
#1628=ORIENTED_EDGE('',*,*,#1191,.T.);
#1629=ORIENTED_EDGE('',*,*,#1192,.T.);
#1630=ORIENTED_EDGE('',*,*,#1191,.F.);
#1631=ORIENTED_EDGE('',*,*,#1160,.F.);
#1632=ORIENTED_EDGE('',*,*,#1193,.T.);
#1633=ORIENTED_EDGE('',*,*,#1194,.T.);
#1634=ORIENTED_EDGE('',*,*,#1193,.F.);
#1635=ORIENTED_EDGE('',*,*,#1159,.F.);
#1636=ORIENTED_EDGE('',*,*,#1195,.T.);
#1637=ORIENTED_EDGE('',*,*,#1196,.T.);
#1638=ORIENTED_EDGE('',*,*,#1195,.F.);
#1639=ORIENTED_EDGE('',*,*,#1158,.F.);
#1640=ORIENTED_EDGE('',*,*,#1197,.T.);
#1641=ORIENTED_EDGE('',*,*,#1198,.T.);
#1642=ORIENTED_EDGE('',*,*,#1197,.F.);
#1643=ORIENTED_EDGE('',*,*,#1199,.F.);
#1644=ORIENTED_EDGE('',*,*,#1200,.T.);
#1645=ORIENTED_EDGE('',*,*,#1156,.F.);
#1646=ORIENTED_EDGE('',*,*,#1201,.F.);
#1647=ORIENTED_EDGE('',*,*,#1202,.T.);
#1648=ORIENTED_EDGE('',*,*,#1201,.T.);
#1649=ORIENTED_EDGE('',*,*,#1155,.F.);
#1650=ORIENTED_EDGE('',*,*,#1181,.F.);
#1651=ORIENTED_EDGE('',*,*,#1203,.F.);
#1652=ORIENTED_EDGE('',*,*,#1204,.T.);
#1653=ORIENTED_EDGE('',*,*,#1203,.T.);
#1654=ORIENTED_EDGE('',*,*,#1183,.F.);
#1655=ORIENTED_EDGE('',*,*,#1190,.F.);
#1656=ORIENTED_EDGE('',*,*,#1205,.F.);
#1657=ORIENTED_EDGE('',*,*,#1188,.T.);
#1658=ORIENTED_EDGE('',*,*,#1129,.F.);
#1659=ORIENTED_EDGE('',*,*,#1206,.F.);
#1660=ORIENTED_EDGE('',*,*,#1207,.F.);
#1661=ORIENTED_EDGE('',*,*,#1208,.F.);
#1662=ORIENTED_EDGE('',*,*,#1206,.T.);
#1663=ORIENTED_EDGE('',*,*,#1128,.F.);
#1664=ORIENTED_EDGE('',*,*,#1187,.T.);
#1665=ORIENTED_EDGE('',*,*,#1165,.F.);
#1666=ORIENTED_EDGE('',*,*,#1179,.F.);
#1667=ORIENTED_EDGE('',*,*,#1209,.T.);
#1668=ORIENTED_EDGE('',*,*,#1207,.T.);
#1669=ORIENTED_EDGE('',*,*,#1177,.F.);
#1670=ORIENTED_EDGE('',*,*,#1210,.F.);
#1671=ORIENTED_EDGE('',*,*,#1211,.T.);
#1672=ORIENTED_EDGE('',*,*,#1210,.T.);
#1673=ORIENTED_EDGE('',*,*,#1176,.F.);
#1674=ORIENTED_EDGE('',*,*,#1157,.F.);
#1675=ORIENTED_EDGE('',*,*,#1200,.F.);
#1676=ORIENTED_EDGE('',*,*,#1211,.F.);
#1677=ORIENTED_EDGE('',*,*,#1199,.T.);
#1678=ORIENTED_EDGE('',*,*,#1202,.F.);
#1679=ORIENTED_EDGE('',*,*,#1204,.F.);
#1680=ORIENTED_EDGE('',*,*,#1189,.T.);
#1681=ORIENTED_EDGE('',*,*,#1205,.T.);
#1682=ORIENTED_EDGE('',*,*,#1208,.T.);
#1683=ORIENTED_EDGE('',*,*,#1209,.F.);
#1684=ORIENTED_EDGE('',*,*,#1198,.F.);
#1685=ORIENTED_EDGE('',*,*,#1196,.F.);
#1686=ORIENTED_EDGE('',*,*,#1194,.F.);
#1687=ORIENTED_EDGE('',*,*,#1192,.F.);
#1688=ORIENTED_EDGE('',*,*,#1212,.F.);
#1689=ORIENTED_EDGE('',*,*,#1213,.T.);
#1690=ORIENTED_EDGE('',*,*,#1214,.F.);
#1691=ORIENTED_EDGE('',*,*,#1213,.F.);
#1692=ORIENTED_EDGE('',*,*,#1215,.F.);
#1693=ORIENTED_EDGE('',*,*,#1216,.T.);
#1694=ORIENTED_EDGE('',*,*,#1217,.F.);
#1695=ORIENTED_EDGE('',*,*,#1216,.F.);
#1696=ORIENTED_EDGE('',*,*,#1215,.T.);
#1697=ORIENTED_EDGE('',*,*,#1212,.T.);
#1698=ORIENTED_EDGE('',*,*,#1218,.F.);
#1699=ORIENTED_EDGE('',*,*,#1219,.T.);
#1700=ORIENTED_EDGE('',*,*,#1220,.T.);
#1701=ORIENTED_EDGE('',*,*,#1219,.F.);
#1702=ORIENTED_EDGE('',*,*,#1221,.F.);
#1703=ORIENTED_EDGE('',*,*,#1222,.T.);
#1704=ORIENTED_EDGE('',*,*,#1223,.T.);
#1705=ORIENTED_EDGE('',*,*,#1222,.F.);
#1706=ORIENTED_EDGE('',*,*,#1224,.F.);
#1707=ORIENTED_EDGE('',*,*,#1225,.T.);
#1708=ORIENTED_EDGE('',*,*,#1226,.T.);
#1709=ORIENTED_EDGE('',*,*,#1225,.F.);
#1710=ORIENTED_EDGE('',*,*,#1227,.F.);
#1711=ORIENTED_EDGE('',*,*,#1228,.T.);
#1712=ORIENTED_EDGE('',*,*,#1229,.T.);
#1713=ORIENTED_EDGE('',*,*,#1228,.F.);
#1714=ORIENTED_EDGE('',*,*,#1230,.F.);
#1715=ORIENTED_EDGE('',*,*,#1231,.T.);
#1716=ORIENTED_EDGE('',*,*,#1232,.T.);
#1717=ORIENTED_EDGE('',*,*,#1231,.F.);
#1718=ORIENTED_EDGE('',*,*,#1230,.T.);
#1719=ORIENTED_EDGE('',*,*,#1227,.T.);
#1720=ORIENTED_EDGE('',*,*,#1217,.T.);
#1721=ORIENTED_EDGE('',*,*,#1224,.T.);
#1722=ORIENTED_EDGE('',*,*,#1221,.T.);
#1723=ORIENTED_EDGE('',*,*,#1218,.T.);
#1724=ORIENTED_EDGE('',*,*,#1232,.F.);
#1725=ORIENTED_EDGE('',*,*,#1214,.T.);
#1726=ORIENTED_EDGE('',*,*,#1229,.F.);
#1727=ORIENTED_EDGE('',*,*,#1226,.F.);
#1728=ORIENTED_EDGE('',*,*,#1223,.F.);
#1729=ORIENTED_EDGE('',*,*,#1220,.F.);
#1730=ORIENTED_EDGE('',*,*,#1233,.T.);
#1731=ORIENTED_EDGE('',*,*,#1234,.F.);
#1732=ORIENTED_EDGE('',*,*,#1235,.T.);
#1733=ORIENTED_EDGE('',*,*,#1233,.F.);
#1734=ORIENTED_EDGE('',*,*,#1235,.F.);
#1735=ORIENTED_EDGE('',*,*,#1234,.T.);
#1736=PLANE('',#1964);
#1737=PLANE('',#1965);
#1738=PLANE('',#1966);
#1739=PLANE('',#1967);
#1740=PLANE('',#1968);
#1741=PLANE('',#1969);
#1742=PLANE('',#1970);
#1743=PLANE('',#1971);
#1744=PLANE('',#1972);
#1745=PLANE('',#1973);
#1746=PLANE('',#1974);
#1747=PLANE('',#1975);
#1748=PLANE('',#1976);
#1749=PLANE('',#1977);
#1750=PLANE('',#1985);
#1751=PLANE('',#1996);
#1752=PLANE('',#1999);
#1753=PLANE('',#2002);
#1754=PLANE('',#2005);
#1755=PLANE('',#2010);
#1756=PLANE('',#2011);
#1757=PLANE('',#2019);
#1758=PLANE('',#2027);
#1759=PLANE('',#2029);
#1760=PLANE('',#2031);
#1761=PLANE('',#2032);
#1762=PLANE('',#2033);
#1763=PLANE('',#2036);
#1764=PLANE('',#2037);
#1765=PLANE('',#2038);
#1766=PLANE('',#2039);
#1767=PLANE('',#2040);
#1768=PLANE('',#2051);
#1769=PLANE('',#2057);
#1770=PLANE('',#2058);
#1771=PLANE('',#2064);
#1772=PLANE('',#2067);
#1773=PLANE('',#2070);
#1774=PLANE('',#2071);
#1775=PLANE('',#2080);
#1776=PLANE('',#2087);
#1777=PLANE('',#2095);
#1778=PLANE('',#2096);
#1779=PLANE('',#2097);
#1780=PLANE('',#2098);
#1781=PLANE('',#2099);
#1782=PLANE('',#2100);
#1783=PLANE('',#2101);
#1784=PLANE('',#2102);
#1785=PLANE('',#2111);
#1786=PLANE('',#2112);
#1787=PLANE('',#2113);
#1788=PLANE('',#2114);
#1789=PLANE('',#2115);
#1790=PLANE('',#2116);
#1791=PLANE('',#2117);
#1792=PLANE('',#2118);
#1793=PLANE('',#2126);
#1794=PLANE('',#2142);
#1795=PLANE('',#2143);
#1796=PLANE('',#2145);
#1797=PLANE('',#2149);
#1798=ADVANCED_FACE('',(#239),#1736,.T.);
#1799=ADVANCED_FACE('',(#240),#1737,.T.);
#1800=ADVANCED_FACE('',(#241),#1738,.T.);
#1801=ADVANCED_FACE('',(#242),#1739,.T.);
#1802=ADVANCED_FACE('',(#243),#1740,.T.);
#1803=ADVANCED_FACE('',(#244),#1741,.T.);
#1804=ADVANCED_FACE('',(#245),#1742,.T.);
#1805=ADVANCED_FACE('',(#246),#1743,.T.);
#1806=ADVANCED_FACE('',(#247),#1744,.T.);
#1807=ADVANCED_FACE('',(#248),#1745,.T.);
#1808=ADVANCED_FACE('',(#249),#1746,.T.);
#1809=ADVANCED_FACE('',(#250),#1747,.T.);
#1810=ADVANCED_FACE('',(#251),#1748,.T.);
#1811=ADVANCED_FACE('',(#252),#1749,.T.);
#1812=ADVANCED_FACE('',(#253),#182,.T.);
#1813=ADVANCED_FACE('',(#254),#183,.F.);
#1814=ADVANCED_FACE('',(#255,#69,#70,#71,#72,#73,#74),#1750,.T.);
#1815=ADVANCED_FACE('',(#256),#1751,.F.);
#1816=ADVANCED_FACE('',(#257),#184,.F.);
#1817=ADVANCED_FACE('',(#258),#1752,.F.);
#1818=ADVANCED_FACE('',(#259),#185,.F.);
#1819=ADVANCED_FACE('',(#260),#1753,.F.);
#1820=ADVANCED_FACE('',(#261),#186,.F.);
#1821=ADVANCED_FACE('',(#262),#1754,.F.);
#1822=ADVANCED_FACE('',(#263),#187,.F.);
#1823=ADVANCED_FACE('',(#264),#188,.T.);
#1824=ADVANCED_FACE('',(#265),#1755,.F.);
#1825=ADVANCED_FACE('',(#266,#75),#1756,.F.);
#1826=ADVANCED_FACE('',(#267),#189,.T.);
#1827=ADVANCED_FACE('',(#268),#190,.F.);
#1828=ADVANCED_FACE('',(#269,#76,#77,#78,#79,#80,#81),#1757,.T.);
#1829=ADVANCED_FACE('',(#270),#191,.T.);
#1830=ADVANCED_FACE('',(#271),#192,.T.);
#1831=ADVANCED_FACE('',(#272,#82),#1758,.T.);
#1832=ADVANCED_FACE('',(#273),#1759,.F.);
#1833=ADVANCED_FACE('',(#274),#193,.T.);
#1834=ADVANCED_FACE('',(#275),#1760,.F.);
#1835=ADVANCED_FACE('',(#276),#1761,.F.);
#1836=ADVANCED_FACE('',(#277),#1762,.F.);
#1837=ADVANCED_FACE('',(#278),#194,.T.);
#1838=ADVANCED_FACE('',(#279),#195,.F.);
#1839=ADVANCED_FACE('',(#280),#1763,.F.);
#1840=ADVANCED_FACE('',(#281),#1764,.F.);
#1841=ADVANCED_FACE('',(#282),#1765,.F.);
#1842=ADVANCED_FACE('',(#283),#1766,.F.);
#1843=ADVANCED_FACE('',(#284,#83),#1767,.F.);
#1844=ADVANCED_FACE('',(#285),#67,.T.);
#1845=ADVANCED_FACE('',(#286),#196,.T.);
#1846=ADVANCED_FACE('',(#287),#68,.T.);
#1847=ADVANCED_FACE('',(#288,#84),#1768,.T.);
#1848=ADVANCED_FACE('',(#289),#197,.F.);
#1849=ADVANCED_FACE('',(#290),#198,.T.);
#1850=ADVANCED_FACE('',(#291),#1769,.T.);
#1851=ADVANCED_FACE('',(#292,#85),#1770,.F.);
#1852=ADVANCED_FACE('',(#293),#199,.T.);
#1853=ADVANCED_FACE('',(#294),#1771,.T.);
#1854=ADVANCED_FACE('',(#295),#200,.T.);
#1855=ADVANCED_FACE('',(#296),#1772,.T.);
#1856=ADVANCED_FACE('',(#297),#201,.T.);
#1857=ADVANCED_FACE('',(#298),#1773,.T.);
#1858=ADVANCED_FACE('',(#299),#1774,.T.);
#1859=ADVANCED_FACE('',(#300),#202,.F.);
#1860=ADVANCED_FACE('',(#301),#203,.F.);
#1861=ADVANCED_FACE('',(#302),#63,.F.);
#1862=ADVANCED_FACE('',(#303,#86,#87,#88,#89),#1775,.T.);
#1863=ADVANCED_FACE('',(#304),#204,.F.);
#1864=ADVANCED_FACE('',(#305),#1776,.T.);
#1865=ADVANCED_FACE('',(#306),#205,.F.);
#1866=ADVANCED_FACE('',(#307),#206,.F.);
#1867=ADVANCED_FACE('',(#308),#64,.F.);
#1868=ADVANCED_FACE('',(#309),#1777,.F.);
#1869=ADVANCED_FACE('',(#310),#1778,.F.);
#1870=ADVANCED_FACE('',(#311),#1779,.T.);
#1871=ADVANCED_FACE('',(#312),#1780,.T.);
#1872=ADVANCED_FACE('',(#313),#1781,.T.);
#1873=ADVANCED_FACE('',(#314),#1782,.F.);
#1874=ADVANCED_FACE('',(#315),#1783,.T.);
#1875=ADVANCED_FACE('',(#316),#1784,.T.);
#1876=ADVANCED_FACE('',(#317),#207,.F.);
#1877=ADVANCED_FACE('',(#318),#208,.F.);
#1878=ADVANCED_FACE('',(#319),#209,.F.);
#1879=ADVANCED_FACE('',(#320),#210,.F.);
#1880=ADVANCED_FACE('',(#321),#1785,.T.);
#1881=ADVANCED_FACE('',(#322),#1786,.T.);
#1882=ADVANCED_FACE('',(#323),#1787,.T.);
#1883=ADVANCED_FACE('',(#324),#1788,.T.);
#1884=ADVANCED_FACE('',(#325),#1789,.T.);
#1885=ADVANCED_FACE('',(#326),#1790,.T.);
#1886=ADVANCED_FACE('',(#327),#1791,.T.);
#1887=ADVANCED_FACE('',(#328,#90,#91,#92,#93),#1792,.F.);
#1888=ADVANCED_FACE('',(#329),#211,.F.);
#1889=ADVANCED_FACE('',(#330),#212,.T.);
#1890=ADVANCED_FACE('',(#331,#94),#1793,.T.);
#1891=ADVANCED_FACE('',(#332),#213,.F.);
#1892=ADVANCED_FACE('',(#333),#214,.F.);
#1893=ADVANCED_FACE('',(#334),#215,.F.);
#1894=ADVANCED_FACE('',(#335),#216,.F.);
#1895=ADVANCED_FACE('',(#336),#217,.T.);
#1896=ADVANCED_FACE('',(#337,#95,#96,#97,#98,#99),#1794,.T.);
#1897=ADVANCED_FACE('',(#338,#100,#101,#102,#103,#104),#1795,.F.);
#1898=ADVANCED_FACE('',(#339),#1796,.F.);
#1899=ADVANCED_FACE('',(#340),#218,.T.);
#1900=ADVANCED_FACE('',(#341),#1797,.T.);
#1901=CLOSED_SHELL('',(#1798,#1799,#1800,#1801,#1802,#1803,#1804,#1805,
#1806,#1807,#1808,#1809,#1810,#1811));
#1902=CLOSED_SHELL('',(#1812,#1813,#1814,#1815,#1816,#1817,#1818,#1819,
#1820,#1821,#1822,#1823,#1824,#1825,#1826,#1827,#1828,#1829,#1830,#1831,
#1832,#1833,#1834,#1835,#1836,#1837,#1838,#1839,#1840,#1841,#1842,#1843,
#1844,#1845,#1846,#1847,#1848));
#1903=CLOSED_SHELL('',(#1849,#1850,#1851,#1852,#1853,#1854,#1855,#1856,
#1857,#1858,#1859,#1860,#1861,#1862,#1863,#1864,#1865,#1866,#1867,#1868,
#1869,#1870,#1871,#1872,#1873,#1874,#1875,#1876,#1877,#1878,#1879,#1880,
#1881,#1882,#1883,#1884,#1885,#1886,#1887));
#1904=CLOSED_SHELL('',(#1888,#1889,#1890,#1891,#1892,#1893,#1894,#1895,
#1896,#1897));
#1905=CLOSED_SHELL('',(#1898,#1899,#1900));
#1906=DERIVED_UNIT_ELEMENT(#1916,1.);
#1907=DERIVED_UNIT_ELEMENT(#3286,-3.);
#1908=DERIVED_UNIT_ELEMENT(#1916,1.);
#1909=DERIVED_UNIT_ELEMENT(#3286,-3.);
#1910=DERIVED_UNIT_ELEMENT(#1916,1.);
#1911=DERIVED_UNIT_ELEMENT(#3286,-3.);
#1912=DERIVED_UNIT_ELEMENT(#1916,1.);
#1913=DERIVED_UNIT_ELEMENT(#3286,-3.);
#1914=DERIVED_UNIT_ELEMENT(#1916,1.);
#1915=DERIVED_UNIT_ELEMENT(#3286,-3.);
#1916=(
MASS_UNIT()
NAMED_UNIT(*)
SI_UNIT(.KILO.,.GRAM.)
);
#1917=DERIVED_UNIT((#1906,#1907));
#1918=DERIVED_UNIT((#1908,#1909));
#1919=DERIVED_UNIT((#1910,#1911));
#1920=DERIVED_UNIT((#1912,#1913));
#1921=DERIVED_UNIT((#1914,#1915));
#1922=MEASURE_REPRESENTATION_ITEM('density measure',
POSITIVE_RATIO_MEASURE(2700.),#1917);
#1923=MEASURE_REPRESENTATION_ITEM('density measure',
POSITIVE_RATIO_MEASURE(7990.),#1918);
#1924=MEASURE_REPRESENTATION_ITEM('density measure',
POSITIVE_RATIO_MEASURE(7850.),#1919);
#1925=MEASURE_REPRESENTATION_ITEM('density measure',
POSITIVE_RATIO_MEASURE(7850.),#1920);
#1926=MEASURE_REPRESENTATION_ITEM('density measure',
POSITIVE_RATIO_MEASURE(7850.),#1921);
#1927=PROPERTY_DEFINITION_REPRESENTATION(#1952,#1937);
#1928=PROPERTY_DEFINITION_REPRESENTATION(#1953,#1938);
#1929=PROPERTY_DEFINITION_REPRESENTATION(#1954,#1939);
#1930=PROPERTY_DEFINITION_REPRESENTATION(#1955,#1940);
#1931=PROPERTY_DEFINITION_REPRESENTATION(#1956,#1941);
#1932=PROPERTY_DEFINITION_REPRESENTATION(#1957,#1942);
#1933=PROPERTY_DEFINITION_REPRESENTATION(#1958,#1943);
#1934=PROPERTY_DEFINITION_REPRESENTATION(#1959,#1944);
#1935=PROPERTY_DEFINITION_REPRESENTATION(#1960,#1945);
#1936=PROPERTY_DEFINITION_REPRESENTATION(#1961,#1946);
#1937=REPRESENTATION('material name',(#1947),#3279);
#1938=REPRESENTATION('density',(#1922),#3279);
#1939=REPRESENTATION('material name',(#1948),#3280);
#1940=REPRESENTATION('density',(#1923),#3280);
#1941=REPRESENTATION('material name',(#1949),#3281);
#1942=REPRESENTATION('density',(#1924),#3281);
#1943=REPRESENTATION('material name',(#1950),#3282);
#1944=REPRESENTATION('density',(#1925),#3282);
#1945=REPRESENTATION('material name',(#1951),#3283);
#1946=REPRESENTATION('density',(#1926),#3283);
#1947=DESCRIPTIVE_REPRESENTATION_ITEM('Aluminum 6061-AHC',
'Aluminum 6061-AHC');
#1948=DESCRIPTIVE_REPRESENTATION_ITEM('Stainless Steel 316L',
'Stainless Steel 316L');
#1949=DESCRIPTIVE_REPRESENTATION_ITEM('Steel','Steel');
#1950=DESCRIPTIVE_REPRESENTATION_ITEM('Steel','Steel');
#1951=DESCRIPTIVE_REPRESENTATION_ITEM('Steel','Steel');
#1952=PROPERTY_DEFINITION('material property','material name',#3322);
#1953=PROPERTY_DEFINITION('material property','density of part',#3322);
#1954=PROPERTY_DEFINITION('material property','material name',#3323);
#1955=PROPERTY_DEFINITION('material property','density of part',#3323);
#1956=PROPERTY_DEFINITION('material property','material name',#3324);
#1957=PROPERTY_DEFINITION('material property','density of part',#3324);
#1958=PROPERTY_DEFINITION('material property','material name',#3325);
#1959=PROPERTY_DEFINITION('material property','density of part',#3325);
#1960=PROPERTY_DEFINITION('material property','material name',#3326);
#1961=PROPERTY_DEFINITION('material property','density of part',#3326);
#1962=AXIS2_PLACEMENT_3D('',#2736,#2163,#2164);
#1963=AXIS2_PLACEMENT_3D('',#2737,#2165,#2166);
#1964=AXIS2_PLACEMENT_3D('',#2738,#2167,#2168);
#1965=AXIS2_PLACEMENT_3D('',#2763,#2181,#2182);
#1966=AXIS2_PLACEMENT_3D('',#2769,#2186,#2187);
#1967=AXIS2_PLACEMENT_3D('',#2773,#2190,#2191);
#1968=AXIS2_PLACEMENT_3D('',#2777,#2194,#2195);
#1969=AXIS2_PLACEMENT_3D('',#2781,#2198,#2199);
#1970=AXIS2_PLACEMENT_3D('',#2785,#2202,#2203);
#1971=AXIS2_PLACEMENT_3D('',#2789,#2206,#2207);
#1972=AXIS2_PLACEMENT_3D('',#2793,#2210,#2211);
#1973=AXIS2_PLACEMENT_3D('',#2797,#2214,#2215);
#1974=AXIS2_PLACEMENT_3D('',#2801,#2218,#2219);
#1975=AXIS2_PLACEMENT_3D('',#2805,#2222,#2223);
#1976=AXIS2_PLACEMENT_3D('',#2809,#2226,#2227);
#1977=AXIS2_PLACEMENT_3D('',#2811,#2229,#2230);
#1978=AXIS2_PLACEMENT_3D('',#2812,#2231,#2232);
#1979=AXIS2_PLACEMENT_3D('',#2813,#2233,#2234);
#1980=AXIS2_PLACEMENT_3D('',#2815,#2235,#2236);
#1981=AXIS2_PLACEMENT_3D('',#2818,#2238,#2239);
#1982=AXIS2_PLACEMENT_3D('',#2819,#2240,#2241);
#1983=AXIS2_PLACEMENT_3D('',#2821,#2242,#2243);
#1984=AXIS2_PLACEMENT_3D('',#2824,#2245,#2246);
#1985=AXIS2_PLACEMENT_3D('',#2825,#2247,#2248);
#1986=AXIS2_PLACEMENT_3D('',#2830,#2250,#2251);
#1987=AXIS2_PLACEMENT_3D('',#2833,#2253,#2254);
#1988=AXIS2_PLACEMENT_3D('',#2836,#2255,#2256);
#1989=AXIS2_PLACEMENT_3D('',#2840,#2258,#2259);
#1990=AXIS2_PLACEMENT_3D('',#2844,#2261,#2262);
#1991=AXIS2_PLACEMENT_3D('',#2848,#2264,#2265);
#1992=AXIS2_PLACEMENT_3D('',#2852,#2267,#2268);
#1993=AXIS2_PLACEMENT_3D('',#2856,#2270,#2271);
#1994=AXIS2_PLACEMENT_3D('',#2860,#2273,#2274);
#1995=AXIS2_PLACEMENT_3D('',#2864,#2276,#2277);
#1996=AXIS2_PLACEMENT_3D('',#2866,#2279,#2280);
#1997=AXIS2_PLACEMENT_3D('',#2872,#2284,#2285);
#1998=AXIS2_PLACEMENT_3D('',#2875,#2287,#2288);
#1999=AXIS2_PLACEMENT_3D('',#2876,#2289,#2290);
#2000=AXIS2_PLACEMENT_3D('',#2882,#2294,#2295);
#2001=AXIS2_PLACEMENT_3D('',#2885,#2297,#2298);
#2002=AXIS2_PLACEMENT_3D('',#2886,#2299,#2300);
#2003=AXIS2_PLACEMENT_3D('',#2892,#2304,#2305);
#2004=AXIS2_PLACEMENT_3D('',#2895,#2307,#2308);
#2005=AXIS2_PLACEMENT_3D('',#2896,#2309,#2310);
#2006=AXIS2_PLACEMENT_3D('',#2902,#2314,#2315);
#2007=AXIS2_PLACEMENT_3D('',#2905,#2317,#2318);
#2008=AXIS2_PLACEMENT_3D('',#2906,#2319,#2320);
#2009=AXIS2_PLACEMENT_3D('',#2910,#2322,#2323);
#2010=AXIS2_PLACEMENT_3D('',#2912,#2325,#2326);
#2011=AXIS2_PLACEMENT_3D('',#2916,#2329,#2330);
#2012=AXIS2_PLACEMENT_3D('',#2924,#2334,#2335);
#2013=AXIS2_PLACEMENT_3D('',#2925,#2336,#2337);
#2014=AXIS2_PLACEMENT_3D('',#2927,#2338,#2339);
#2015=AXIS2_PLACEMENT_3D('',#2930,#2341,#2342);
#2016=AXIS2_PLACEMENT_3D('',#2931,#2343,#2344);
#2017=AXIS2_PLACEMENT_3D('',#2933,#2345,#2346);
#2018=AXIS2_PLACEMENT_3D('',#2936,#2348,#2349);
#2019=AXIS2_PLACEMENT_3D('',#2937,#2350,#2351);
#2020=AXIS2_PLACEMENT_3D('',#2939,#2352,#2353);
#2021=AXIS2_PLACEMENT_3D('',#2943,#2356,#2357);
#2022=AXIS2_PLACEMENT_3D('',#2946,#2359,#2360);
#2023=AXIS2_PLACEMENT_3D('',#2949,#2362,#2363);
#2024=AXIS2_PLACEMENT_3D('',#2952,#2365,#2366);
#2025=AXIS2_PLACEMENT_3D('',#2953,#2367,#2368);
#2026=AXIS2_PLACEMENT_3D('',#2955,#2370,#2371);
#2027=AXIS2_PLACEMENT_3D('',#2957,#2373,#2374);
#2028=AXIS2_PLACEMENT_3D('',#2962,#2376,#2377);
#2029=AXIS2_PLACEMENT_3D('',#2966,#2380,#2381);
#2030=AXIS2_PLACEMENT_3D('',#2967,#2382,#2383);
#2031=AXIS2_PLACEMENT_3D('',#2969,#2385,#2386);
#2032=AXIS2_PLACEMENT_3D('',#2970,#2387,#2388);
#2033=AXIS2_PLACEMENT_3D('',#2971,#2389,#2390);
#2034=AXIS2_PLACEMENT_3D('',#2973,#2392,#2393);
#2035=AXIS2_PLACEMENT_3D('',#2974,#2394,#2395);
#2036=AXIS2_PLACEMENT_3D('',#2976,#2397,#2398);
#2037=AXIS2_PLACEMENT_3D('',#2977,#2399,#2400);
#2038=AXIS2_PLACEMENT_3D('',#2980,#2403,#2404);
#2039=AXIS2_PLACEMENT_3D('',#2982,#2406,#2407);
#2040=AXIS2_PLACEMENT_3D('',#2984,#2409,#2410);
#2041=AXIS2_PLACEMENT_3D('',#2986,#2411,#2412);
#2042=AXIS2_PLACEMENT_3D('',#2987,#2413,#2414);
#2043=AXIS2_PLACEMENT_3D('',#2989,#2415,#2416);
#2044=AXIS2_PLACEMENT_3D('',#2991,#2417,#2418);
#2045=AXIS2_PLACEMENT_3D('',#2992,#2419,#2420);
#2046=AXIS2_PLACEMENT_3D('',#2993,#2421,#2422);
#2047=AXIS2_PLACEMENT_3D('',#2995,#2423,#2424);
#2048=AXIS2_PLACEMENT_3D('',#2997,#2426,#2427);
#2049=AXIS2_PLACEMENT_3D('',#2999,#2428,#2429);
#2050=AXIS2_PLACEMENT_3D('',#3000,#2430,#2431);
#2051=AXIS2_PLACEMENT_3D('',#3001,#2432,#2433);
#2052=AXIS2_PLACEMENT_3D('',#3002,#2434,#2435);
#2053=AXIS2_PLACEMENT_3D('',#3003,#2436,#2437);
#2054=AXIS2_PLACEMENT_3D('',#3004,#2438,#2439);
#2055=AXIS2_PLACEMENT_3D('',#3007,#2440,#2441);
#2056=AXIS2_PLACEMENT_3D('',#3011,#2443,#2444);
#2057=AXIS2_PLACEMENT_3D('',#3013,#2446,#2447);
#2058=AXIS2_PLACEMENT_3D('',#3019,#2451,#2452);
#2059=AXIS2_PLACEMENT_3D('',#3023,#2454,#2455);
#2060=AXIS2_PLACEMENT_3D('',#3027,#2457,#2458);
#2061=AXIS2_PLACEMENT_3D('',#3030,#2460,#2461);
#2062=AXIS2_PLACEMENT_3D('',#3039,#2466,#2467);
#2063=AXIS2_PLACEMENT_3D('',#3041,#2468,#2469);
#2064=AXIS2_PLACEMENT_3D('',#3043,#2471,#2472);
#2065=AXIS2_PLACEMENT_3D('',#3047,#2475,#2476);
#2066=AXIS2_PLACEMENT_3D('',#3049,#2477,#2478);
#2067=AXIS2_PLACEMENT_3D('',#3051,#2480,#2481);
#2068=AXIS2_PLACEMENT_3D('',#3055,#2484,#2485);
#2069=AXIS2_PLACEMENT_3D('',#3057,#2486,#2487);
#2070=AXIS2_PLACEMENT_3D('',#3059,#2489,#2490);
#2071=AXIS2_PLACEMENT_3D('',#3061,#2492,#2493);
#2072=AXIS2_PLACEMENT_3D('',#3062,#2494,#2495);
#2073=AXIS2_PLACEMENT_3D('',#3065,#2496,#2497);
#2074=AXIS2_PLACEMENT_3D('',#3069,#2499,#2500);
#2075=AXIS2_PLACEMENT_3D('',#3071,#2502,#2503);
#2076=AXIS2_PLACEMENT_3D('',#3073,#2504,#2505);
#2077=AXIS2_PLACEMENT_3D('',#3077,#2507,#2508);
#2078=AXIS2_PLACEMENT_3D('',#3079,#2510,#2511);
#2079=AXIS2_PLACEMENT_3D('',#3080,#2512,#2513);
#2080=AXIS2_PLACEMENT_3D('',#3081,#2514,#2515);
#2081=AXIS2_PLACEMENT_3D('',#3096,#2523,#2524);
#2082=AXIS2_PLACEMENT_3D('',#3098,#2525,#2526);
#2083=AXIS2_PLACEMENT_3D('',#3100,#2527,#2528);
#2084=AXIS2_PLACEMENT_3D('',#3102,#2529,#2530);
#2085=AXIS2_PLACEMENT_3D('',#3103,#2531,#2532);
#2086=AXIS2_PLACEMENT_3D('',#3106,#2534,#2535);
#2087=AXIS2_PLACEMENT_3D('',#3107,#2536,#2537);
#2088=AXIS2_PLACEMENT_3D('',#3119,#2544,#2545);
#2089=AXIS2_PLACEMENT_3D('',#3121,#2546,#2547);
#2090=AXIS2_PLACEMENT_3D('',#3123,#2548,#2549);
#2091=AXIS2_PLACEMENT_3D('',#3125,#2551,#2552);
#2092=AXIS2_PLACEMENT_3D('',#3126,#2553,#2554);
#2093=AXIS2_PLACEMENT_3D('',#3129,#2556,#2557);
#2094=AXIS2_PLACEMENT_3D('',#3130,#2558,#2559);
#2095=AXIS2_PLACEMENT_3D('',#3131,#2560,#2561);
#2096=AXIS2_PLACEMENT_3D('',#3137,#2565,#2566);
#2097=AXIS2_PLACEMENT_3D('',#3140,#2569,#2570);
#2098=AXIS2_PLACEMENT_3D('',#3141,#2571,#2572);
#2099=AXIS2_PLACEMENT_3D('',#3147,#2576,#2577);
#2100=AXIS2_PLACEMENT_3D('',#3150,#2580,#2581);
#2101=AXIS2_PLACEMENT_3D('',#3151,#2582,#2583);
#2102=AXIS2_PLACEMENT_3D('',#3154,#2586,#2587);
#2103=AXIS2_PLACEMENT_3D('',#3160,#2591,#2592);
#2104=AXIS2_PLACEMENT_3D('',#3163,#2594,#2595);
#2105=AXIS2_PLACEMENT_3D('',#3164,#2596,#2597);
#2106=AXIS2_PLACEMENT_3D('',#3167,#2599,#2600);
#2107=AXIS2_PLACEMENT_3D('',#3168,#2601,#2602);
#2108=AXIS2_PLACEMENT_3D('',#3171,#2604,#2605);
#2109=AXIS2_PLACEMENT_3D('',#3172,#2606,#2607);
#2110=AXIS2_PLACEMENT_3D('',#3175,#2609,#2610);
#2111=AXIS2_PLACEMENT_3D('',#3176,#2611,#2612);
#2112=AXIS2_PLACEMENT_3D('',#3182,#2616,#2617);
#2113=AXIS2_PLACEMENT_3D('',#3186,#2620,#2621);
#2114=AXIS2_PLACEMENT_3D('',#3188,#2623,#2624);
#2115=AXIS2_PLACEMENT_3D('',#3192,#2627,#2628);
#2116=AXIS2_PLACEMENT_3D('',#3196,#2631,#2632);
#2117=AXIS2_PLACEMENT_3D('',#3200,#2635,#2636);
#2118=AXIS2_PLACEMENT_3D('',#3202,#2638,#2639);
#2119=AXIS2_PLACEMENT_3D('',#3203,#2640,#2641);
#2120=AXIS2_PLACEMENT_3D('',#3204,#2642,#2643);
#2121=AXIS2_PLACEMENT_3D('',#3206,#2644,#2645);
#2122=AXIS2_PLACEMENT_3D('',#3209,#2647,#2648);
#2123=AXIS2_PLACEMENT_3D('',#3210,#2649,#2650);
#2124=AXIS2_PLACEMENT_3D('',#3212,#2651,#2652);
#2125=AXIS2_PLACEMENT_3D('',#3215,#2654,#2655);
#2126=AXIS2_PLACEMENT_3D('',#3216,#2656,#2657);
#2127=AXIS2_PLACEMENT_3D('',#3217,#2658,#2659);
#2128=AXIS2_PLACEMENT_3D('',#3219,#2660,#2661);
#2129=AXIS2_PLACEMENT_3D('',#3222,#2663,#2664);
#2130=AXIS2_PLACEMENT_3D('',#3223,#2665,#2666);
#2131=AXIS2_PLACEMENT_3D('',#3225,#2667,#2668);
#2132=AXIS2_PLACEMENT_3D('',#3228,#2670,#2671);
#2133=AXIS2_PLACEMENT_3D('',#3229,#2672,#2673);
#2134=AXIS2_PLACEMENT_3D('',#3231,#2674,#2675);
#2135=AXIS2_PLACEMENT_3D('',#3234,#2677,#2678);
#2136=AXIS2_PLACEMENT_3D('',#3235,#2679,#2680);
#2137=AXIS2_PLACEMENT_3D('',#3237,#2681,#2682);
#2138=AXIS2_PLACEMENT_3D('',#3240,#2684,#2685);
#2139=AXIS2_PLACEMENT_3D('',#3241,#2686,#2687);
#2140=AXIS2_PLACEMENT_3D('',#3243,#2688,#2689);
#2141=AXIS2_PLACEMENT_3D('',#3246,#2691,#2692);
#2142=AXIS2_PLACEMENT_3D('',#3247,#2693,#2694);
#2143=AXIS2_PLACEMENT_3D('',#3248,#2695,#2696);
#2144=AXIS2_PLACEMENT_3D('',#3249,#2697,#2698);
#2145=AXIS2_PLACEMENT_3D('',#3250,#2699,#2700);
#2146=AXIS2_PLACEMENT_3D('',#3252,#2701,#2702);
#2147=AXIS2_PLACEMENT_3D('',#3253,#2703,#2704);
#2148=AXIS2_PLACEMENT_3D('',#3255,#2705,#2706);
#2149=AXIS2_PLACEMENT_3D('',#3257,#2708,#2709);
#2150=AXIS2_PLACEMENT_3D('',#3258,#2710,#2711);
#2151=AXIS2_PLACEMENT_3D('',#3259,#2712,#2713);
#2152=AXIS2_PLACEMENT_3D('',#3260,#2714,#2715);
#2153=AXIS2_PLACEMENT_3D('',#3261,#2716,#2717);
#2154=AXIS2_PLACEMENT_3D('',#3262,#2718,#2719);
#2155=AXIS2_PLACEMENT_3D('',#3263,#2720,#2721);
#2156=AXIS2_PLACEMENT_3D('',#3264,#2722,#2723);
#2157=AXIS2_PLACEMENT_3D('',#3265,#2724,#2725);
#2158=AXIS2_PLACEMENT_3D('',#3266,#2726,#2727);
#2159=AXIS2_PLACEMENT_3D('',#3267,#2728,#2729);
#2160=AXIS2_PLACEMENT_3D('',#3268,#2730,#2731);
#2161=AXIS2_PLACEMENT_3D('',#3269,#2732,#2733);
#2162=AXIS2_PLACEMENT_3D('',#3270,#2734,#2735);
#2163=DIRECTION('axis',(0.,0.,1.));
#2164=DIRECTION('refdir',(1.,0.,0.));
#2165=DIRECTION('axis',(0.,0.,1.));
#2166=DIRECTION('refdir',(1.,0.,0.));
#2167=DIRECTION('center_axis',(0.,0.,-1.));
#2168=DIRECTION('ref_axis',(-1.,0.,0.));
#2169=DIRECTION('',(0.,1.,0.));
#2170=DIRECTION('',(1.,0.,0.));
#2171=DIRECTION('',(0.,-1.,0.));
#2172=DIRECTION('',(1.,0.,0.));
#2173=DIRECTION('',(0.,-1.,0.));
#2174=DIRECTION('',(-1.,0.,0.));
#2175=DIRECTION('',(0.,-1.,0.));
#2176=DIRECTION('',(-1.,-9.86864910777917E-17,0.));
#2177=DIRECTION('',(0.,1.,0.));
#2178=DIRECTION('',(-1.,0.,0.));
#2179=DIRECTION('',(-9.86864910777917E-17,1.,0.));
#2180=DIRECTION('',(1.,0.,0.));
#2181=DIRECTION('center_axis',(0.,1.,0.));
#2182=DIRECTION('ref_axis',(-1.,0.,0.));
#2183=DIRECTION('',(0.,0.,-1.));
#2184=DIRECTION('',(-1.,0.,0.));
#2185=DIRECTION('',(0.,0.,1.));
#2186=DIRECTION('center_axis',(1.,0.,0.));
#2187=DIRECTION('ref_axis',(0.,1.,0.));
#2188=DIRECTION('',(0.,1.,0.));
#2189=DIRECTION('',(0.,0.,1.));
#2190=DIRECTION('center_axis',(0.,1.,0.));
#2191=DIRECTION('ref_axis',(-1.,0.,0.));
#2192=DIRECTION('',(-1.,0.,0.));
#2193=DIRECTION('',(0.,0.,1.));
#2194=DIRECTION('center_axis',(1.,0.,0.));
#2195=DIRECTION('ref_axis',(0.,1.,0.));
#2196=DIRECTION('',(0.,1.,0.));
#2197=DIRECTION('',(0.,0.,1.));
#2198=DIRECTION('center_axis',(0.,-1.,0.));
#2199=DIRECTION('ref_axis',(1.,0.,0.));
#2200=DIRECTION('',(1.,0.,0.));
#2201=DIRECTION('',(0.,0.,1.));
#2202=DIRECTION('center_axis',(1.,0.,0.));
#2203=DIRECTION('ref_axis',(0.,1.,0.));
#2204=DIRECTION('',(0.,1.,0.));
#2205=DIRECTION('',(0.,0.,1.));
#2206=DIRECTION('center_axis',(9.86864910777917E-17,-1.,0.));
#2207=DIRECTION('ref_axis',(1.,9.86864910777917E-17,0.));
#2208=DIRECTION('',(1.,9.86864910777917E-17,0.));
#2209=DIRECTION('',(0.,0.,1.));
#2210=DIRECTION('center_axis',(-1.,0.,0.));
#2211=DIRECTION('ref_axis',(0.,-1.,0.));
#2212=DIRECTION('',(0.,-1.,0.));
#2213=DIRECTION('',(0.,0.,1.));
#2214=DIRECTION('center_axis',(0.,-1.,0.));
#2215=DIRECTION('ref_axis',(1.,0.,0.));
#2216=DIRECTION('',(1.,0.,0.));
#2217=DIRECTION('',(0.,0.,1.));
#2218=DIRECTION('center_axis',(-1.,-9.86864910777917E-17,0.));
#2219=DIRECTION('ref_axis',(9.86864910777917E-17,-1.,0.));
#2220=DIRECTION('',(9.86864910777917E-17,-1.,0.));
#2221=DIRECTION('',(0.,0.,1.));
#2222=DIRECTION('center_axis',(0.,1.,0.));
#2223=DIRECTION('ref_axis',(-1.,0.,0.));
#2224=DIRECTION('',(-1.,0.,0.));
#2225=DIRECTION('',(0.,0.,1.));
#2226=DIRECTION('center_axis',(-1.,0.,0.));
#2227=DIRECTION('ref_axis',(0.,-1.,0.));
#2228=DIRECTION('',(0.,-1.,0.));
#2229=DIRECTION('center_axis',(0.,0.,1.));
#2230=DIRECTION('ref_axis',(1.,0.,0.));
#2231=DIRECTION('axis',(0.,0.,1.));
#2232=DIRECTION('refdir',(1.,0.,0.));
#2233=DIRECTION('center_axis',(0.,-0.816496476964308,0.577350416216074));
#2234=DIRECTION('ref_axis',(-1.,0.,0.));
#2235=DIRECTION('center_axis',(0.,0.816496476964307,-0.577350416216074));
#2236=DIRECTION('ref_axis',(-1.,0.,0.));
#2237=DIRECTION('',(0.,-0.816496476964308,0.577350416216074));
#2238=DIRECTION('center_axis',(0.,0.816496476964307,-0.577350416216074));
#2239=DIRECTION('ref_axis',(-1.,0.,0.));
#2240=DIRECTION('center_axis',(0.,-0.816496476964308,0.577350416216074));
#2241=DIRECTION('ref_axis',(-1.,0.,0.));
#2242=DIRECTION('center_axis',(0.,-0.816496476964307,0.577350416216074));
#2243=DIRECTION('ref_axis',(-1.,0.,0.));
#2244=DIRECTION('',(0.,-0.816496476964308,0.577350416216074));
#2245=DIRECTION('center_axis',(0.,-0.816496476964307,0.577350416216074));
#2246=DIRECTION('ref_axis',(-1.,0.,0.));
#2247=DIRECTION('center_axis',(0.,0.816496476964307,-0.577350416216074));
#2248=DIRECTION('ref_axis',(-1.,0.,0.));
#2249=DIRECTION('',(-0.777145961456971,-0.363338389705886,-0.513837882173992));
#2250=DIRECTION('center_axis',(0.,-0.816496476964307,0.577350416216074));
#2251=DIRECTION('ref_axis',(1.,0.,0.));
#2252=DIRECTION('',(0.998629534754574,-0.0302161861199298,-0.0427321238909217));
#2253=DIRECTION('center_axis',(0.,0.816496476964307,-0.577350416216074));
#2254=DIRECTION('ref_axis',(1.,0.,0.));
#2255=DIRECTION('center_axis',(0.,0.816496476964307,-0.577350416216074));
#2256=DIRECTION('ref_axis',(1.,0.,0.));
#2257=DIRECTION('',(-0.838670567945424,0.314447573553447,0.44469585330701));
#2258=DIRECTION('center_axis',(0.,-0.816496476964307,0.577350416216074));
#2259=DIRECTION('ref_axis',(1.,0.,0.));
#2260=DIRECTION('',(0.258819045102521,-0.557677677841849,-0.788675034173862));
#2261=DIRECTION('center_axis',(0.,0.816496476964307,-0.577350416216074));
#2262=DIRECTION('ref_axis',(1.,0.,0.));
#2263=DIRECTION('',(0.998629534754574,0.0302161861199296,0.0427321238909214));
#2264=DIRECTION('center_axis',(0.,-0.816496476964307,0.577350416216074));
#2265=DIRECTION('ref_axis',(1.,0.,0.));
#2266=DIRECTION('',(-0.777145961456971,0.363338389705887,0.513837882173993));
#2267=DIRECTION('center_axis',(0.,0.816496476964307,-0.577350416216074));
#2268=DIRECTION('ref_axis',(1.,0.,0.));
#2269=DIRECTION('',(0.3583679495453,-0.53900304780934,-0.762265129197801));
#2270=DIRECTION('center_axis',(0.,-0.816496476964307,0.577350416216074));
#2271=DIRECTION('ref_axis',(1.,0.,0.));
#2272=DIRECTION('',(0.3583679495453,0.53900304780934,0.762265129197801));
#2273=DIRECTION('center_axis',(0.,0.816496476964307,-0.577350416216074));
#2274=DIRECTION('ref_axis',(1.,0.,0.));
#2275=DIRECTION('',(0.258819045102521,0.557677677841849,0.788675034173862));
#2276=DIRECTION('center_axis',(0.,-0.816496476964307,0.577350416216074));
#2277=DIRECTION('ref_axis',(1.,0.,0.));
#2278=DIRECTION('',(-0.838670567945424,-0.314447573553447,-0.444695853307009));
#2279=DIRECTION('center_axis',(-0.965925826289068,0.149429283414587,0.211324838497474));
#2280=DIRECTION('ref_axis',(0.258819045102521,0.557677677841849,0.788675034173862));
#2281=DIRECTION('',(0.,0.816496476964307,-0.577350416216075));
#2282=DIRECTION('',(-0.258819045102521,-0.557677677841849,-0.788675034173862));
#2283=DIRECTION('',(0.,0.816496476964307,-0.577350416216075));
#2284=DIRECTION('center_axis',(0.,0.816496476964307,-0.577350416216075));
#2285=DIRECTION('ref_axis',(1.,0.,0.));
#2286=DIRECTION('',(0.,0.816496476964307,-0.577350416216075));
#2287=DIRECTION('center_axis',(0.,-0.816496476964307,0.577350416216074));
#2288=DIRECTION('ref_axis',(1.,0.,0.));
#2289=DIRECTION('center_axis',(0.933580426497202,0.20690388482848,0.29260616826066));
#2290=DIRECTION('ref_axis',(0.3583679495453,-0.53900304780934,-0.762265129197801));
#2291=DIRECTION('',(0.,0.816496476964307,-0.577350416216074));
#2292=DIRECTION('',(-0.3583679495453,0.53900304780934,0.762265129197801));
#2293=DIRECTION('',(0.,0.816496476964307,-0.577350416216074));
#2294=DIRECTION('center_axis',(0.,0.816496476964307,-0.577350416216074));
#2295=DIRECTION('ref_axis',(1.,0.,0.));
#2296=DIRECTION('',(0.,0.816496476964307,-0.577350416216074));
#2297=DIRECTION('center_axis',(0.,-0.816496476964307,0.577350416216074));
#2298=DIRECTION('ref_axis',(1.,0.,0.));
#2299=DIRECTION('center_axis',(-0.0523359562429433,0.576559177536218,0.815377496919615));
#2300=DIRECTION('ref_axis',(0.998629534754574,0.0302161861199296,0.0427321238909214));
#2301=DIRECTION('',(0.,0.816496476964307,-0.577350416216074));
#2302=DIRECTION('',(-0.998629534754574,-0.0302161861199296,-0.0427321238909214));
#2303=DIRECTION('',(0.,0.816496476964307,-0.577350416216074));
#2304=DIRECTION('center_axis',(0.,0.816496476964307,-0.577350416216074));
#2305=DIRECTION('ref_axis',(1.,0.,0.));
#2306=DIRECTION('',(0.,0.816496476964307,-0.577350416216074));
#2307=DIRECTION('center_axis',(0.,-0.816496476964307,0.577350416216074));
#2308=DIRECTION('ref_axis',(1.,0.,0.));
#2309=DIRECTION('center_axis',(-0.544639035015027,-0.484206801471462,-0.684771564061093));
#2310=DIRECTION('ref_axis',(-0.838670567945424,0.314447573553447,0.44469585330701));
#2311=DIRECTION('',(0.,0.816496476964307,-0.577350416216075));
#2312=DIRECTION('',(0.838670567945424,-0.314447573553447,-0.44469585330701));
#2313=DIRECTION('',(0.,0.816496476964307,-0.577350416216075));
#2314=DIRECTION('center_axis',(0.,0.816496476964307,-0.577350416216075));
#2315=DIRECTION('ref_axis',(1.,0.,0.));
#2316=DIRECTION('',(0.,0.816496476964307,-0.577350416216075));
#2317=DIRECTION('center_axis',(0.,-0.816496476964307,0.577350416216074));
#2318=DIRECTION('ref_axis',(1.,0.,0.));
#2319=DIRECTION('center_axis',(0.,0.816496476964307,-0.577350416216074));
#2320=DIRECTION('ref_axis',(-0.951056516295154,-0.178411090320216,-0.252311287229243));
#2321=DIRECTION('',(0.,0.816496476964307,-0.577350416216074));
#2322=DIRECTION('center_axis',(0.,0.816496476964307,-0.577350416216074));
#2323=DIRECTION('ref_axis',(1.,0.,0.));
#2324=DIRECTION('',(0.,0.816496476964307,-0.577350416216074));
#2325=DIRECTION('center_axis',(0.629320391049837,-0.448685544307823,-0.634536939616656));
#2326=DIRECTION('ref_axis',(-0.777145961456971,-0.363338389705886,-0.513837882173992));
#2327=DIRECTION('',(0.,0.816496476964307,-0.577350416216074));
#2328=DIRECTION('',(0.777145961456971,0.363338389705886,0.513837882173992));
#2329=DIRECTION('center_axis',(0.,-0.816496476964307,0.577350416216074));
#2330=DIRECTION('ref_axis',(1.,0.,0.));
#2331=DIRECTION('',(0.,0.577350416216074,0.816496476964307));
#2332=DIRECTION('',(-1.,0.,0.));
#2333=DIRECTION('',(0.,-0.577350416216074,-0.816496476964307));
#2334=DIRECTION('center_axis',(0.,-0.816496476964307,0.577350416216075));
#2335=DIRECTION('ref_axis',(1.,0.,0.));
#2336=DIRECTION('center_axis',(0.,0.816496476964308,-0.577350416216074));
#2337=DIRECTION('ref_axis',(1.,0.,0.));
#2338=DIRECTION('center_axis',(0.,-0.816496476964307,0.577350416216074));
#2339=DIRECTION('ref_axis',(1.,0.,0.));
#2340=DIRECTION('',(0.,0.816496476964308,-0.577350416216074));
#2341=DIRECTION('center_axis',(0.,-0.816496476964307,0.577350416216074));
#2342=DIRECTION('ref_axis',(1.,0.,0.));
#2343=DIRECTION('center_axis',(0.,0.816496476964308,-0.577350416216074));
#2344=DIRECTION('ref_axis',(1.,0.,0.));
#2345=DIRECTION('center_axis',(0.,0.816496476964307,-0.577350416216074));
#2346=DIRECTION('ref_axis',(1.,0.,0.));
#2347=DIRECTION('',(0.,0.816496476964308,-0.577350416216074));
#2348=DIRECTION('center_axis',(0.,0.816496476964307,-0.577350416216074));
#2349=DIRECTION('ref_axis',(1.,0.,0.));
#2350=DIRECTION('center_axis',(0.,-0.816496476964307,0.577350416216074));
#2351=DIRECTION('ref_axis',(1.,0.,0.));
#2352=DIRECTION('center_axis',(0.,-0.816496476964307,0.577350416216074));
#2353=DIRECTION('ref_axis',(1.,0.,0.));
#2354=DIRECTION('',(-0.998629534754574,0.0302161861199298,0.0427321238909217));
#2355=DIRECTION('',(0.777145961456971,-0.363338389705886,-0.513837882173993));
#2356=DIRECTION('center_axis',(0.,0.816496476964307,-0.577350416216074));
#2357=DIRECTION('ref_axis',(1.,0.,0.));
#2358=DIRECTION('',(0.838670567945424,0.314447573553447,0.44469585330701));
#2359=DIRECTION('center_axis',(0.,0.816496476964307,-0.577350416216074));
#2360=DIRECTION('ref_axis',(1.,0.,0.));
#2361=DIRECTION('',(-0.3583679495453,-0.53900304780934,-0.762265129197801));
#2362=DIRECTION('center_axis',(0.,0.816496476964307,-0.577350416216074));
#2363=DIRECTION('ref_axis',(1.,0.,0.));
#2364=DIRECTION('',(-0.258819045102521,0.557677677841849,0.788675034173862));
#2365=DIRECTION('center_axis',(0.,0.816496476964307,-0.577350416216074));
#2366=DIRECTION('ref_axis',(1.,0.,0.));
#2367=DIRECTION('center_axis',(0.,0.816496476964307,-0.577350416216074));
#2368=DIRECTION('ref_axis',(1.,0.,0.));
#2369=DIRECTION('',(0.,0.816496476964307,-0.577350416216074));
#2370=DIRECTION('center_axis',(0.,0.816496476964307,-0.577350416216074));
#2371=DIRECTION('ref_axis',(1.,0.,0.));
#2372=DIRECTION('',(0.,0.816496476964307,-0.577350416216074));
#2373=DIRECTION('center_axis',(0.,-0.816496476964307,0.577350416216074));
#2374=DIRECTION('ref_axis',(1.,0.,0.));
#2375=DIRECTION('',(0.,-0.577350416216074,-0.816496476964307));
#2376=DIRECTION('center_axis',(0.,0.816496476964307,-0.577350416216074));
#2377=DIRECTION('ref_axis',(1.,0.,0.));
#2378=DIRECTION('',(0.,0.577350416216074,0.816496476964307));
#2379=DIRECTION('',(1.,0.,0.));
#2380=DIRECTION('center_axis',(-0.629320391049838,-0.448685544307823,-0.634536939616656));
#2381=DIRECTION('ref_axis',(-0.777145961456971,0.363338389705886,0.513837882173993));
#2382=DIRECTION('center_axis',(0.,0.816496476964307,-0.577350416216075));
#2383=DIRECTION('ref_axis',(1.,0.,0.));
#2384=DIRECTION('',(0.,0.816496476964307,-0.577350416216075));
#2385=DIRECTION('center_axis',(0.965925826289068,0.149429283414587,0.211324838497474));
#2386=DIRECTION('ref_axis',(0.258819045102521,-0.557677677841849,-0.788675034173862));
#2387=DIRECTION('center_axis',(-0.933580426497202,0.20690388482848,0.29260616826066));
#2388=DIRECTION('ref_axis',(0.3583679495453,0.53900304780934,0.762265129197801));
#2389=DIRECTION('center_axis',(0.544639035015027,-0.484206801471462,-0.684771564061093));
#2390=DIRECTION('ref_axis',(-0.838670567945424,-0.314447573553447,-0.44469585330701));
#2391=DIRECTION('',(0.,0.816496476964307,-0.577350416216075));
#2392=DIRECTION('center_axis',(0.,0.816496476964307,-0.577350416216075));
#2393=DIRECTION('ref_axis',(1.,0.,0.));
#2394=DIRECTION('center_axis',(0.,0.816496476964307,-0.577350416216074));
#2395=DIRECTION('ref_axis',(-0.951056516295154,-0.178411090320216,-0.252311287229244));
#2396=DIRECTION('',(0.,0.816496476964307,-0.577350416216074));
#2397=DIRECTION('center_axis',(0.0523359562429437,0.576559177536218,0.815377496919615));
#2398=DIRECTION('ref_axis',(0.998629534754574,-0.0302161861199298,-0.0427321238909217));
#2399=DIRECTION('center_axis',(0.,0.577350416216074,0.816496476964307));
#2400=DIRECTION('ref_axis',(1.,0.,0.));
#2401=DIRECTION('',(0.,0.816496476964307,-0.577350416216074));
#2402=DIRECTION('',(0.,0.816496476964307,-0.577350416216074));
#2403=DIRECTION('center_axis',(-1.,0.,0.));
#2404=DIRECTION('ref_axis',(0.,0.577350416216077,0.816496476964305));
#2405=DIRECTION('',(0.,-0.816496476964308,0.577350416216074));
#2406=DIRECTION('center_axis',(1.,0.,0.));
#2407=DIRECTION('ref_axis',(0.,-0.577350416216074,-0.816496476964307));
#2408=DIRECTION('',(0.,0.816496476964308,-0.577350416216074));
#2409=DIRECTION('center_axis',(0.,-0.816496476964307,0.577350416216074));
#2410=DIRECTION('ref_axis',(1.,0.,0.));
#2411=DIRECTION('center_axis',(0.,-0.816496476964307,0.577350416216074));
#2412=DIRECTION('ref_axis',(1.,6.14943588201481E-17,8.69661230330503E-17));
#2413=DIRECTION('center_axis',(0.,0.816496476964307,-0.577350416216074));
#2414=DIRECTION('ref_axis',(-1.,0.,0.));
#2415=DIRECTION('center_axis',(0.,-0.577350416216074,-0.816496476964307));
#2416=DIRECTION('ref_axis',(1.,0.,0.));
#2417=DIRECTION('center_axis',(0.,0.816496476964307,-0.577350416216074));
#2418=DIRECTION('ref_axis',(1.,5.55111512312578E-17,9.1196891308495E-17));
#2419=DIRECTION('center_axis',(0.,0.816496476964307,-0.577350416216074));
#2420=DIRECTION('ref_axis',(1.,5.55111512312578E-17,9.1196891308495E-17));
#2421=DIRECTION('center_axis',(0.,-0.816496476964308,0.577350416216074));
#2422=DIRECTION('ref_axis',(1.,0.,0.));
#2423=DIRECTION('center_axis',(0.,-0.816496476964307,0.577350416216074));
#2424=DIRECTION('ref_axis',(1.,-3.96508223080413E-17,-1.03092138000907E-16));
#2425=DIRECTION('',(0.,0.816496476964307,-0.577350416216074));
#2426=DIRECTION('center_axis',(0.,-0.816496476964307,0.577350416216074));
#2427=DIRECTION('ref_axis',(1.,0.,0.));
#2428=DIRECTION('center_axis',(0.,0.816496476964307,-0.577350416216074));
#2429=DIRECTION('ref_axis',(1.,-6.18150536004962E-17,-8.74196537675584E-17));
#2430=DIRECTION('center_axis',(0.,-0.577350416216074,-0.816496476964307));
#2431=DIRECTION('ref_axis',(-1.,0.,0.));
#2432=DIRECTION('center_axis',(0.,-0.816496476964307,0.577350416216074));
#2433=DIRECTION('ref_axis',(1.,0.,0.));
#2434=DIRECTION('center_axis',(0.,-0.816496476964308,0.577350416216074));
#2435=DIRECTION('ref_axis',(6.12323399573677E-17,-0.577350416216074,-0.816496476964308));
#2436=DIRECTION('axis',(0.,0.,1.));
#2437=DIRECTION('refdir',(1.,0.,0.));
#2438=DIRECTION('center_axis',(0.,-0.816496476964307,0.577350416216074));
#2439=DIRECTION('ref_axis',(-0.707106781186548,-0.408248394427263,-0.577350195676387));
#2440=DIRECTION('center_axis',(0.,0.816496476964307,-0.577350416216074));
#2441=DIRECTION('ref_axis',(-0.707106781186548,-0.408248394427263,-0.577350195676387));
#2442=DIRECTION('',(0.,0.816496476964307,-0.577350416216074));
#2443=DIRECTION('center_axis',(1.21031134100313E-52,-0.816496476964307,
0.577350416216075));
#2444=DIRECTION('ref_axis',(-0.707106781186548,-0.408248394427263,-0.577350195676387));
#2445=DIRECTION('',(0.,-0.816496476964307,0.577350416216074));
#2446=DIRECTION('center_axis',(8.55819683481304E-53,-0.577350416216074,
-0.816496476964307));
#2447=DIRECTION('ref_axis',(1.,1.48232279642284E-52,0.));
#2448=DIRECTION('',(1.,1.48232279642284E-52,0.));
#2449=DIRECTION('',(4.93038065763132E-32,0.816496476964307,-0.577350416216074));
#2450=DIRECTION('',(1.,1.48232279642284E-52,0.));
#2451=DIRECTION('center_axis',(1.21031134100313E-52,-0.816496476964307,
0.577350416216075));
#2452=DIRECTION('ref_axis',(1.,1.48232279642284E-52,0.));
#2453=DIRECTION('',(-7.40148683083438E-17,-0.577350416216075,-0.816496476964307));
#2454=DIRECTION('center_axis',(1.21031134100313E-52,-0.816496476964307,
0.577350416216075));
#2455=DIRECTION('ref_axis',(-0.707106781186547,0.408248394427262,0.577350195676388));
#2456=DIRECTION('',(-1.,-8.5603483658335E-17,-1.2106156133218E-16));
#2457=DIRECTION('center_axis',(1.21031134100313E-52,-0.816496476964307,
0.577350416216075));
#2458=DIRECTION('ref_axis',(0.707106781186547,0.408248394427262,0.577350195676388));
#2459=DIRECTION('',(-5.18104078158406E-16,0.577350416216075,0.816496476964307));
#2460=DIRECTION('center_axis',(1.21031134100313E-52,-0.816496476964307,
0.577350416216075));
#2461=DIRECTION('ref_axis',(0.707106781186548,-0.408248394427263,-0.577350195676386));
#2462=DIRECTION('',(-1.,-7.7715611723761E-15,0.));
#2463=DIRECTION('',(4.48691407752003E-15,-0.577350416216075,-0.816496476964307));
#2464=DIRECTION('',(1.,7.7715611723761E-15,0.));
#2465=DIRECTION('',(-4.48691407752003E-15,0.577350416216075,0.816496476964307));
#2466=DIRECTION('center_axis',(-4.93038065763132E-32,-0.816496476964307,
0.577350416216074));
#2467=DIRECTION('ref_axis',(0.707106781186548,-0.408248394427263,-0.577350195676386));
#2468=DIRECTION('center_axis',(0.,0.816496476964307,-0.577350416216074));
#2469=DIRECTION('ref_axis',(0.707106781186548,-0.408248394427263,-0.577350195676386));
#2470=DIRECTION('',(-4.93038065763132E-32,-0.816496476964307,0.577350416216074));
#2471=DIRECTION('center_axis',(1.,2.99127605168001E-16,4.23030154517179E-16));
#2472=DIRECTION('ref_axis',(-5.18104078158406E-16,0.577350416216075,0.816496476964307));
#2473=DIRECTION('',(4.93038065763132E-32,0.816496476964307,-0.577350416216074));
#2474=DIRECTION('',(-5.18104078158406E-16,0.577350416216075,0.816496476964307));
#2475=DIRECTION('center_axis',(-4.93038065763132E-32,-0.816496476964307,
0.577350416216074));
#2476=DIRECTION('ref_axis',(0.707106781186547,0.408248394427262,0.577350195676388));
#2477=DIRECTION('center_axis',(0.,0.816496476964307,-0.577350416216074));
#2478=DIRECTION('ref_axis',(0.707106781186547,0.408248394427262,0.577350195676388));
#2479=DIRECTION('',(-4.93038065763132E-32,-0.816496476964307,0.577350416216074));
#2480=DIRECTION('center_axis',(-1.48269545243209E-16,0.577350416216074,
0.816496476964307));
#2481=DIRECTION('ref_axis',(-1.,-8.5603483658335E-17,-1.2106156133218E-16));
#2482=DIRECTION('',(0.,0.816496476964307,-0.577350416216074));
#2483=DIRECTION('',(-1.,-8.5603483658335E-17,-1.2106156133218E-16));
#2484=DIRECTION('center_axis',(0.,-0.816496476964307,0.577350416216074));
#2485=DIRECTION('ref_axis',(-0.707106781186547,0.408248394427262,0.577350195676388));
#2486=DIRECTION('center_axis',(0.,0.816496476964307,-0.577350416216074));
#2487=DIRECTION('ref_axis',(-0.707106781186547,0.408248394427262,0.577350195676388));
#2488=DIRECTION('',(0.,-0.816496476964307,0.577350416216074));
#2489=DIRECTION('center_axis',(-1.,4.27325150240002E-17,6.04328792167398E-17));
#2490=DIRECTION('ref_axis',(-7.40148683083438E-17,-0.577350416216075,-0.816496476964307));
#2491=DIRECTION('',(-7.40148683083438E-17,-0.577350416216075,-0.816496476964307));
#2492=DIRECTION('center_axis',(0.,-0.816496476964307,0.577350416216074));
#2493=DIRECTION('ref_axis',(1.,0.,0.));
#2494=DIRECTION('center_axis',(1.40897345296713E-31,-1.,0.));
#2495=DIRECTION('ref_axis',(-0.707106781186548,0.,-0.707106781186548));
#2496=DIRECTION('center_axis',(0.,-1.,0.));
#2497=DIRECTION('ref_axis',(-1.,0.,0.));
#2498=DIRECTION('',(-1.40897345296713E-31,1.,0.));
#2499=DIRECTION('center_axis',(0.,1.,0.));
#2500=DIRECTION('ref_axis',(-0.707106781186548,0.,-0.707106781186548));
#2501=DIRECTION('',(1.40897345296713E-31,-1.,0.));
#2502=DIRECTION('center_axis',(2.08005240798215E-46,0.577350416216074,0.816496476964307));
#2503=DIRECTION('ref_axis',(-0.707106781186547,-0.577350195676386,0.408248394427264));
#2504=DIRECTION('center_axis',(0.,-0.577350416216075,-0.816496476964307));
#2505=DIRECTION('ref_axis',(6.66133814775093E-15,-0.816496476964307,0.577350416216075));
#2506=DIRECTION('',(2.08005240798215E-46,0.577350416216074,0.816496476964307));
#2507=DIRECTION('center_axis',(0.,1.,0.));
#2508=DIRECTION('ref_axis',(8.01234656700004E-17,0.,1.));
#2509=DIRECTION('',(-2.08005240798215E-46,-0.577350416216074,-0.816496476964307));
#2510=DIRECTION('center_axis',(0.241003139469533,0.196778214314214,-0.950366151089746));
#2511=DIRECTION('ref_axis',(-0.736150492687188,-0.601064283794628,-0.311133699336573));
#2512=DIRECTION('center_axis',(1.,7.61454472040871E-15,0.));
#2513=DIRECTION('ref_axis',(6.66133814775094E-15,-0.888073875366256,-0.459700763423294));
#2514=DIRECTION('center_axis',(0.,0.,1.));
#2515=DIRECTION('ref_axis',(-1.,0.,0.));
#2516=DIRECTION('',(1.,0.,0.));
#2517=DIRECTION('',(-1.,-7.61454472040871E-15,0.));
#2518=DIRECTION('',(-1.40897345296713E-31,-1.,0.));
#2519=DIRECTION('',(1.,0.,0.));
#2520=DIRECTION('',(-0.5,0.866025403784439,0.));
#2521=DIRECTION('',(-1.,0.,0.));
#2522=DIRECTION('',(-0.5,-0.866025403784438,0.));
#2523=DIRECTION('center_axis',(0.,0.,-1.));
#2524=DIRECTION('ref_axis',(-1.,0.,0.));
#2525=DIRECTION('center_axis',(0.,0.,-1.));
#2526=DIRECTION('ref_axis',(-1.,0.,0.));
#2527=DIRECTION('center_axis',(0.,0.,-1.));
#2528=DIRECTION('ref_axis',(-1.,0.,0.));
#2529=DIRECTION('center_axis',(0.,0.,-1.));
#2530=DIRECTION('ref_axis',(-1.,0.,0.));
#2531=DIRECTION('center_axis',(1.,7.61454472040871E-15,0.));
#2532=DIRECTION('ref_axis',(6.76227823900299E-15,-0.888073875366256,-0.459700763423295));
#2533=DIRECTION('',(1.,7.61454472040871E-15,0.));
#2534=DIRECTION('center_axis',(-1.,-7.61454472040871E-15,0.));
#2535=DIRECTION('ref_axis',(6.66133814775094E-15,-0.888073875366256,-0.459700763423294));
#2536=DIRECTION('center_axis',(-6.21724893790088E-15,0.816496476964307,
-0.577350416216074));
#2537=DIRECTION('ref_axis',(-1.,0.,1.07685883014486E-14));
#2538=DIRECTION('',(-1.,0.,1.07685883014486E-14));
#2539=DIRECTION('',(-4.48691407752003E-15,0.577350416216075,0.816496476964307));
#2540=DIRECTION('',(1.,7.7715611723761E-15,0.));
#2541=DIRECTION('',(4.48691407752003E-15,-0.577350416216075,-0.816496476964307));
#2542=DIRECTION('',(-1.,0.,1.07685883014486E-14));
#2543=DIRECTION('',(-2.08005240798215E-46,0.577350416216074,0.816496476964307));
#2544=DIRECTION('center_axis',(2.08005240798215E-46,-0.577350416216074,
-0.816496476964307));
#2545=DIRECTION('ref_axis',(0.707106781186548,-0.577350195676388,0.408248394427261));
#2546=DIRECTION('center_axis',(0.,-0.577350416216074,-0.816496476964308));
#2547=DIRECTION('ref_axis',(1.,0.,0.));
#2548=DIRECTION('center_axis',(0.,1.,0.));
#2549=DIRECTION('ref_axis',(4.00617328350002E-17,0.,1.));
#2550=DIRECTION('',(2.08005240798215E-46,-0.577350416216074,-0.816496476964307));
#2551=DIRECTION('center_axis',(1.40897345296713E-31,1.,0.));
#2552=DIRECTION('ref_axis',(0.707106781186548,0.,-0.707106781186548));
#2553=DIRECTION('center_axis',(0.,-1.,0.));
#2554=DIRECTION('ref_axis',(0.,0.,-1.));
#2555=DIRECTION('',(1.40897345296713E-31,1.,0.));
#2556=DIRECTION('center_axis',(0.,1.,0.));
#2557=DIRECTION('ref_axis',(0.707106781186548,0.,-0.707106781186548));
#2558=DIRECTION('center_axis',(-0.24100313946953,0.196778214314208,-0.950366151089748));
#2559=DIRECTION('ref_axis',(0.73615049268719,-0.601064283794627,-0.311133699336569));
#2560=DIRECTION('center_axis',(0.,0.,1.));
#2561=DIRECTION('ref_axis',(0.,-1.,0.));
#2562=DIRECTION('',(-0.5,-0.866025403784438,0.));
#2563=DIRECTION('',(-0.866025403784438,0.500000000000001,0.));
#2564=DIRECTION('',(1.,0.,0.));
#2565=DIRECTION('center_axis',(0.,-1.,0.));
#2566=DIRECTION('ref_axis',(0.,0.,-1.));
#2567=DIRECTION('',(0.,0.,1.));
#2568=DIRECTION('',(0.,0.,-1.));
#2569=DIRECTION('center_axis',(1.,1.40897345296713E-31,-9.96295063675495E-32));
#2570=DIRECTION('ref_axis',(-1.40897345296713E-31,1.,0.));
#2571=DIRECTION('center_axis',(0.,0.,-1.));
#2572=DIRECTION('ref_axis',(0.,-1.,0.));
#2573=DIRECTION('',(-0.5,0.866025403784439,0.));
#2574=DIRECTION('',(-1.,0.,0.));
#2575=DIRECTION('',(-0.866025403784438,-0.5,0.));
#2576=DIRECTION('center_axis',(0.,1.,0.));
#2577=DIRECTION('ref_axis',(0.,0.,-1.));
#2578=DIRECTION('',(0.,0.,1.));
#2579=DIRECTION('',(0.,0.,-1.));
#2580=DIRECTION('center_axis',(1.,-1.40897345296713E-31,9.96295063675495E-32));
#2581=DIRECTION('ref_axis',(1.40897345296713E-31,1.,0.));
#2582=DIRECTION('center_axis',(-4.48691407752002E-15,0.577350416216074,
0.816496476964307));
#2583=DIRECTION('ref_axis',(1.,7.7715611723761E-15,0.));
#2584=DIRECTION('',(-6.21724893790088E-15,0.816496476964307,-0.577350416216074));
#2585=DIRECTION('',(-6.21724893790088E-15,0.816496476964307,-0.577350416216074));
#2586=DIRECTION('center_axis',(1.,-1.38777878078146E-16,0.));
#2587=DIRECTION('ref_axis',(1.38777878078146E-16,1.,0.));
#2588=DIRECTION('',(0.,0.,1.));
#2589=DIRECTION('',(-1.38777878078146E-16,-1.,0.));
#2590=DIRECTION('',(0.,0.,1.));
#2591=DIRECTION('center_axis',(0.,0.,1.));
#2592=DIRECTION('ref_axis',(-1.,0.,0.));
#2593=DIRECTION('',(0.,0.,-1.));
#2594=DIRECTION('center_axis',(0.,0.,-1.));
#2595=DIRECTION('ref_axis',(-1.,0.,0.));
#2596=DIRECTION('center_axis',(0.,0.,1.));
#2597=DIRECTION('ref_axis',(-1.,0.,0.));
#2598=DIRECTION('',(0.,0.,-1.));
#2599=DIRECTION('center_axis',(0.,0.,-1.));
#2600=DIRECTION('ref_axis',(-1.,0.,0.));
#2601=DIRECTION('center_axis',(0.,0.,1.));
#2602=DIRECTION('ref_axis',(-1.,0.,0.));
#2603=DIRECTION('',(0.,0.,-1.));
#2604=DIRECTION('center_axis',(0.,0.,-1.));
#2605=DIRECTION('ref_axis',(-1.,0.,0.));
#2606=DIRECTION('center_axis',(0.,0.,1.));
#2607=DIRECTION('ref_axis',(-1.,0.,0.));
#2608=DIRECTION('',(0.,0.,-1.));
#2609=DIRECTION('center_axis',(0.,0.,-1.));
#2610=DIRECTION('ref_axis',(-1.,0.,0.));
#2611=DIRECTION('center_axis',(0.,1.,0.));
#2612=DIRECTION('ref_axis',(-1.,0.,0.));
#2613=DIRECTION('',(1.,0.,0.));
#2614=DIRECTION('',(0.,0.,1.));
#2615=DIRECTION('',(0.,0.,1.));
#2616=DIRECTION('center_axis',(0.866025403784439,0.5,0.));
#2617=DIRECTION('ref_axis',(-0.5,0.866025403784439,0.));
#2618=DIRECTION('',(-0.5,0.866025403784439,0.));
#2619=DIRECTION('',(0.,0.,1.));
#2620=DIRECTION('center_axis',(-0.5,0.866025403784438,0.));
#2621=DIRECTION('ref_axis',(-0.866025403784438,-0.5,0.));
#2622=DIRECTION('',(-0.866025403784438,-0.5,0.));
#2623=DIRECTION('center_axis',(7.7715611723761E-15,-1.,0.));
#2624=DIRECTION('ref_axis',(1.,7.7715611723761E-15,0.));
#2625=DIRECTION('',(-1.,-7.7715611723761E-15,0.));
#2626=DIRECTION('',(0.,0.,1.));
#2627=DIRECTION('center_axis',(-1.,-2.77555756156289E-16,0.));
#2628=DIRECTION('ref_axis',(2.77555756156289E-16,-1.,0.));
#2629=DIRECTION('',(0.,0.,1.));
#2630=DIRECTION('',(-2.77555756156289E-16,1.,0.));
#2631=DIRECTION('center_axis',(0.500000000000001,0.866025403784438,0.));
#2632=DIRECTION('ref_axis',(-0.866025403784438,0.500000000000001,0.));
#2633=DIRECTION('',(-0.866025403784438,0.500000000000001,0.));
#2634=DIRECTION('',(0.,0.,1.));
#2635=DIRECTION('center_axis',(-0.866025403784438,0.5,0.));
#2636=DIRECTION('ref_axis',(-0.5,-0.866025403784438,0.));
#2637=DIRECTION('',(-0.5,-0.866025403784438,0.));
#2638=DIRECTION('center_axis',(0.,0.,1.));
#2639=DIRECTION('ref_axis',(-1.,0.,0.));
#2640=DIRECTION('axis',(0.,0.,1.));
#2641=DIRECTION('refdir',(1.,0.,0.));
#2642=DIRECTION('center_axis',(0.,0.816496476964307,-0.577350416216075));
#2643=DIRECTION('ref_axis',(1.,0.,0.));
#2644=DIRECTION('center_axis',(-3.01801197076819E-17,0.816496476964307,
-0.577350416216074));
#2645=DIRECTION('ref_axis',(1.,0.,0.));
#2646=DIRECTION('',(0.,0.816496476964307,-0.577350416216075));
#2647=DIRECTION('center_axis',(3.01801197076819E-17,-0.816496476964307,
0.577350416216074));
#2648=DIRECTION('ref_axis',(1.,0.,0.));
#2649=DIRECTION('center_axis',(0.,-0.816496476964307,0.577350416216074));
#2650=DIRECTION('ref_axis',(1.,1.23209901207275E-17,1.74245046746811E-17));
#2651=DIRECTION('center_axis',(3.01801197076819E-17,-0.816496476964307,
0.577350416216074));
#2652=DIRECTION('ref_axis',(1.,3.69629515364109E-17,0.));
#2653=DIRECTION('',(0.,0.816496476964307,-0.577350416216074));
#2654=DIRECTION('center_axis',(-3.01801197076819E-17,0.816496476964307,
-0.577350416216074));
#2655=DIRECTION('ref_axis',(1.,3.69629515364109E-17,0.));
#2656=DIRECTION('center_axis',(3.01801197076819E-17,-0.816496476964307,
0.577350416216074));
#2657=DIRECTION('ref_axis',(1.,3.69629515364109E-17,0.));
#2658=DIRECTION('center_axis',(0.,-0.816496476964308,0.577350416216074));
#2659=DIRECTION('ref_axis',(1.,1.23209901207275E-17,1.74245046746811E-17));
#2660=DIRECTION('center_axis',(-3.01801197076819E-17,0.816496476964307,
-0.577350416216074));
#2661=DIRECTION('ref_axis',(1.,3.69629515364109E-17,0.));
#2662=DIRECTION('',(0.,0.816496476964308,-0.577350416216074));
#2663=DIRECTION('center_axis',(-3.01801197076819E-17,0.816496476964307,
-0.577350416216074));
#2664=DIRECTION('ref_axis',(1.,3.69629515364109E-17,0.));
#2665=DIRECTION('center_axis',(0.,-0.816496476964308,0.577350416216074));
#2666=DIRECTION('ref_axis',(1.,1.23209901207275E-17,1.74245046746811E-17));
#2667=DIRECTION('center_axis',(-3.01801197076819E-17,0.816496476964307,
-0.577350416216074));
#2668=DIRECTION('ref_axis',(1.,3.69629515364109E-17,0.));
#2669=DIRECTION('',(0.,0.816496476964308,-0.577350416216074));
#2670=DIRECTION('center_axis',(-3.01801197076819E-17,0.816496476964307,
-0.577350416216074));
#2671=DIRECTION('ref_axis',(1.,3.69629515364109E-17,0.));
#2672=DIRECTION('center_axis',(0.,-0.816496476964308,0.577350416216074));
#2673=DIRECTION('ref_axis',(1.,1.23209901207275E-17,1.74245046746811E-17));
#2674=DIRECTION('center_axis',(-3.01801197076819E-17,0.816496476964307,
-0.577350416216074));
#2675=DIRECTION('ref_axis',(1.,3.69629515364109E-17,0.));
#2676=DIRECTION('',(0.,0.816496476964308,-0.577350416216074));
#2677=DIRECTION('center_axis',(-3.01801197076819E-17,0.816496476964307,
-0.577350416216074));
#2678=DIRECTION('ref_axis',(1.,3.69629515364109E-17,0.));
#2679=DIRECTION('center_axis',(0.,-0.816496476964308,0.577350416216074));
#2680=DIRECTION('ref_axis',(1.,1.23209901207275E-17,1.74245046746811E-17));
#2681=DIRECTION('center_axis',(-3.01801197076819E-17,0.816496476964307,
-0.577350416216074));
#2682=DIRECTION('ref_axis',(1.,3.69629515364109E-17,0.));
#2683=DIRECTION('',(0.,0.816496476964308,-0.577350416216074));
#2684=DIRECTION('center_axis',(-3.01801197076819E-17,0.816496476964307,
-0.577350416216074));
#2685=DIRECTION('ref_axis',(1.,3.69629515364109E-17,0.));
#2686=DIRECTION('center_axis',(0.,-0.816496476964308,0.577350416216074));
#2687=DIRECTION('ref_axis',(1.,1.23209901207275E-17,1.74245046746811E-17));
#2688=DIRECTION('center_axis',(3.01801197076819E-17,-0.816496476964307,
0.577350416216074));
#2689=DIRECTION('ref_axis',(1.,3.69629515364109E-17,0.));
#2690=DIRECTION('',(0.,0.816496476964308,-0.577350416216074));
#2691=DIRECTION('center_axis',(3.01801197076819E-17,-0.816496476964307,
0.577350416216074));
#2692=DIRECTION('ref_axis',(1.,3.69629515364109E-17,0.));
#2693=DIRECTION('center_axis',(3.01801197076819E-17,-0.816496476964307,
0.577350416216074));
#2694=DIRECTION('ref_axis',(1.,3.69629515364109E-17,0.));
#2695=DIRECTION('center_axis',(3.01801197076819E-17,-0.816496476964307,
0.577350416216074));
#2696=DIRECTION('ref_axis',(1.,3.69629515364109E-17,0.));
#2697=DIRECTION('axis',(0.,0.,1.));
#2698=DIRECTION('refdir',(1.,0.,0.));
#2699=DIRECTION('center_axis',(0.,-0.816496476964307,0.577350416216074));
#2700=DIRECTION('ref_axis',(1.,0.,0.));
#2701=DIRECTION('center_axis',(-6.16297582203915E-33,0.816496476964307,
-0.577350416216074));
#2702=DIRECTION('ref_axis',(1.,0.,0.));
#2703=DIRECTION('center_axis',(0.,-0.816496476964307,0.577350416216074));
#2704=DIRECTION('ref_axis',(1.,0.,0.));
#2705=DIRECTION('center_axis',(6.16297582203915E-33,-0.816496476964307,
0.577350416216074));
#2706=DIRECTION('ref_axis',(1.,0.,0.));
#2707=DIRECTION('',(0.,0.816496476964307,-0.577350416216074));
#2708=DIRECTION('center_axis',(0.,-0.816496476964307,0.577350416216074));
#2709=DIRECTION('ref_axis',(1.,0.,0.));
#2710=DIRECTION('',(0.,0.,1.));
#2711=DIRECTION('',(1.,0.,0.));
#2712=DIRECTION('',(0.,0.,1.));
#2713=DIRECTION('',(1.,0.,0.));
#2714=DIRECTION('',(2.0955074512585E-18,6.84227943620246E-49,1.));
#2715=DIRECTION('',(1.,2.28934606887145E-18,3.08988367925152E-17));
#2716=DIRECTION('',(0.,0.,1.));
#2717=DIRECTION('',(1.,0.,0.));
#2718=DIRECTION('',(0.,0.,1.));
#2719=DIRECTION('',(1.,0.,0.));
#2720=DIRECTION('',(0.,0.,1.));
#2721=DIRECTION('',(-0.5,0.866025403784439,0.));
#2722=DIRECTION('',(-1.04775372562925E-18,1.81476268660945E-18,1.));
#2723=DIRECTION('',(-0.5,0.866025403784439,3.08988367925152E-17));
#2724=DIRECTION('',(0.,0.,1.));
#2725=DIRECTION('',(-0.5,0.866025403784439,0.));
#2726=DIRECTION('',(0.,0.,1.));
#2727=DIRECTION('',(-0.5,0.866025403784439,0.));
#2728=DIRECTION('',(0.,0.,1.));
#2729=DIRECTION('',(-0.5,-0.866025403784438,0.));
#2730=DIRECTION('',(-1.04775372562925E-18,-1.81476268660945E-18,1.));
#2731=DIRECTION('',(-0.500000000000001,-0.866025403784439,3.08988367925152E-17));
#2732=DIRECTION('',(0.,0.,1.));
#2733=DIRECTION('',(-0.5,-0.866025403784438,0.));
#2734=DIRECTION('',(0.,0.,1.));
#2735=DIRECTION('',(-0.5,-0.866025403784438,0.));
#2736=CARTESIAN_POINT('',(0.,0.,0.));
#2737=CARTESIAN_POINT('',(0.,0.,0.));
#2738=CARTESIAN_POINT('Origin',(-8.88178419700125E-15,-8.88178419700125E-15,
-1.5));
#2739=CARTESIAN_POINT('',(-37.,37.,-1.5));
#2740=CARTESIAN_POINT('',(-37.,45.,-1.5));
#2741=CARTESIAN_POINT('',(-37.,45.,-1.5));
#2742=CARTESIAN_POINT('',(37.,45.,-1.5));
#2743=CARTESIAN_POINT('',(-45.,45.,-1.5));
#2744=CARTESIAN_POINT('',(37.,37.,-1.5));
#2745=CARTESIAN_POINT('',(37.,45.,-1.5));
#2746=CARTESIAN_POINT('',(45.,37.,-1.5));
#2747=CARTESIAN_POINT('',(37.,37.,-1.5));
#2748=CARTESIAN_POINT('',(45.,-37.,-1.5));
#2749=CARTESIAN_POINT('',(45.,45.,-1.5));
#2750=CARTESIAN_POINT('',(37.,-37.,-1.5));
#2751=CARTESIAN_POINT('',(37.,-37.,-1.5));
#2752=CARTESIAN_POINT('',(37.,-45.,-1.5));
#2753=CARTESIAN_POINT('',(37.,-45.,-1.5));
#2754=CARTESIAN_POINT('',(-37.,-45.,-1.5));
#2755=CARTESIAN_POINT('',(45.,-45.,-1.5));
#2756=CARTESIAN_POINT('',(-37.,-37.,-1.5));
#2757=CARTESIAN_POINT('',(-37.,-45.,-1.5));
#2758=CARTESIAN_POINT('',(-45.,-37.,-1.5));
#2759=CARTESIAN_POINT('',(-37.,-37.,-1.5));
#2760=CARTESIAN_POINT('',(-45.,37.,-1.5));
#2761=CARTESIAN_POINT('',(-45.,-45.,-1.5));
#2762=CARTESIAN_POINT('',(-37.,37.,-1.5));
#2763=CARTESIAN_POINT('Origin',(37.,45.,0.));
#2764=CARTESIAN_POINT('',(-37.,45.,1.5));
#2765=CARTESIAN_POINT('',(-37.,45.,0.));
#2766=CARTESIAN_POINT('',(37.,45.,1.5));
#2767=CARTESIAN_POINT('',(-45.,45.,1.5));
#2768=CARTESIAN_POINT('',(37.,45.,0.));
#2769=CARTESIAN_POINT('Origin',(37.,37.,0.));
#2770=CARTESIAN_POINT('',(37.,37.,1.5));
#2771=CARTESIAN_POINT('',(37.,45.,1.5));
#2772=CARTESIAN_POINT('',(37.,37.,0.));
#2773=CARTESIAN_POINT('Origin',(45.,37.,0.));
#2774=CARTESIAN_POINT('',(45.,37.,1.5));
#2775=CARTESIAN_POINT('',(37.,37.,1.5));
#2776=CARTESIAN_POINT('',(45.,37.,0.));
#2777=CARTESIAN_POINT('Origin',(45.,-37.,0.));
#2778=CARTESIAN_POINT('',(45.,-37.,1.5));
#2779=CARTESIAN_POINT('',(45.,45.,1.5));
#2780=CARTESIAN_POINT('',(45.,-37.,0.));
#2781=CARTESIAN_POINT('Origin',(37.,-37.,0.));
#2782=CARTESIAN_POINT('',(37.,-37.,1.5));
#2783=CARTESIAN_POINT('',(37.,-37.,1.5));
#2784=CARTESIAN_POINT('',(37.,-37.,0.));
#2785=CARTESIAN_POINT('Origin',(37.,-45.,0.));
#2786=CARTESIAN_POINT('',(37.,-45.,1.5));
#2787=CARTESIAN_POINT('',(37.,-45.,1.5));
#2788=CARTESIAN_POINT('',(37.,-45.,0.));
#2789=CARTESIAN_POINT('Origin',(-37.,-45.,0.));
#2790=CARTESIAN_POINT('',(-37.,-45.,1.5));
#2791=CARTESIAN_POINT('',(45.,-45.,1.5));
#2792=CARTESIAN_POINT('',(-37.,-45.,0.));
#2793=CARTESIAN_POINT('Origin',(-37.,-37.,0.));
#2794=CARTESIAN_POINT('',(-37.,-37.,1.5));
#2795=CARTESIAN_POINT('',(-37.,-45.,1.5));
#2796=CARTESIAN_POINT('',(-37.,-37.,0.));
#2797=CARTESIAN_POINT('Origin',(-45.,-37.,0.));
#2798=CARTESIAN_POINT('',(-45.,-37.,1.5));
#2799=CARTESIAN_POINT('',(-37.,-37.,1.5));
#2800=CARTESIAN_POINT('',(-45.,-37.,0.));
#2801=CARTESIAN_POINT('Origin',(-45.,37.,0.));
#2802=CARTESIAN_POINT('',(-45.,37.,1.5));
#2803=CARTESIAN_POINT('',(-45.,-45.,1.5));
#2804=CARTESIAN_POINT('',(-45.,37.,0.));
#2805=CARTESIAN_POINT('Origin',(-37.,37.,0.));
#2806=CARTESIAN_POINT('',(-37.,37.,1.5));
#2807=CARTESIAN_POINT('',(-37.,37.,1.5));
#2808=CARTESIAN_POINT('',(-37.,37.,0.));
#2809=CARTESIAN_POINT('Origin',(-37.,45.,0.));
#2810=CARTESIAN_POINT('',(-37.,45.,1.5));
#2811=CARTESIAN_POINT('Origin',(-8.88178419700125E-15,-8.88178419700125E-15,
1.5));
#2812=CARTESIAN_POINT('',(0.,0.,0.));
#2813=CARTESIAN_POINT('Origin',(1.80411241501588E-15,-31.2438551915635,
28.2164755434173));
#2814=CARTESIAN_POINT('',(5.,-31.2438551915635,28.2164755434173));
#2815=CARTESIAN_POINT('Origin',(1.80411241501588E-15,-31.2438551915635,
28.2164755434173));
#2816=CARTESIAN_POINT('',(5.,-32.8768481454922,29.3711763758495));
#2817=CARTESIAN_POINT('',(5.,-31.2438551915635,28.2164755434173));
#2818=CARTESIAN_POINT('Origin',(1.80411241501588E-15,-32.8768481454922,
29.3711763758495));
#2819=CARTESIAN_POINT('Origin',(1.80411241501588E-15,-31.2438551915635,
28.2164755434173));
#2820=CARTESIAN_POINT('',(15.,-31.2438551915635,28.2164755434173));
#2821=CARTESIAN_POINT('Origin',(1.80411241501588E-15,-31.2438551915635,
28.2164755434173));
#2822=CARTESIAN_POINT('',(15.,-32.8768481454922,29.3711763758495));
#2823=CARTESIAN_POINT('',(15.,-31.2438551915635,28.2164755434173));
#2824=CARTESIAN_POINT('Origin',(1.80411241501588E-15,-32.8768481454922,
29.3711763758495));
#2825=CARTESIAN_POINT('Origin',(2.22044604925031E-15,-32.8768481454922,
29.3711763758495));
#2826=CARTESIAN_POINT('',(-4.66287576874183,-35.0568784837275,26.2881490828055));
#2827=CARTESIAN_POINT('',(-10.8800434603976,-37.9635856013746,22.1774460254136));
#2828=CARTESIAN_POINT('',(-2.33143788437092,-33.9668633146098,27.8296627293275));
#2829=CARTESIAN_POINT('',(-5.99177720852744,-32.6955510287726,29.627569119195));
#2830=CARTESIAN_POINT('Origin',(-5.55111512312578E-16,-32.8768481454922,
29.3711763758495));
#2831=CARTESIAN_POINT('',(-13.980813486564,-32.4538215398131,29.9694261103224));
#2832=CARTESIAN_POINT('',(-6.99040674328201,-32.6653348426527,29.6703012430859));
#2833=CARTESIAN_POINT('Origin',(-5.55111512312578E-16,-32.8768481454922,
29.3711763758495));
#2834=CARTESIAN_POINT('',(-11.7413879512359,-28.4745821157439,35.5969183221476));
#2835=CARTESIAN_POINT('',(-3.62346663143529,-25.0693606557063,40.4126268542835));
#2836=CARTESIAN_POINT('Origin',(-5.55111512312578E-16,-32.8768481454922,
29.3711763758495));
#2837=CARTESIAN_POINT('',(-5.03202340767254,-30.9901627041715,32.0393514956915));
#2838=CARTESIAN_POINT('',(-2.51601170383627,-31.9335054248318,30.7052639357705));
#2839=CARTESIAN_POINT('',(-1.55291427061513,-29.5307820784411,34.1032265808926));
#2840=CARTESIAN_POINT('Origin',(-5.55111512312578E-16,-32.8768481454922,
29.3711763758495));
#2841=CARTESIAN_POINT('',(-1.81173331571765,-28.9731044005992,34.8919016150665));
#2842=CARTESIAN_POINT('',(13.980813486564,-32.4538215398131,29.9694261103224));
#2843=CARTESIAN_POINT('',(10.8800434603976,-37.9635856013746,22.1774460254136));
#2844=CARTESIAN_POINT('Origin',(-5.55111512312578E-16,-32.8768481454922,
29.3711763758495));
#2845=CARTESIAN_POINT('',(5.99177720852745,-32.6955510287726,29.627569119195));
#2846=CARTESIAN_POINT('',(2.99588860426372,-32.7861995871324,29.4993727475222));
#2847=CARTESIAN_POINT('',(4.66287576874183,-35.0568784837275,26.2881490828055));
#2848=CARTESIAN_POINT('Origin',(-5.55111512312578E-16,-32.8768481454922,
29.3711763758495));
#2849=CARTESIAN_POINT('',(5.4400217301988,-35.4202168734334,25.7743112006315));
#2850=CARTESIAN_POINT('',(5.0171512936342,-40.4228908148229,18.6994645670803));
#2851=CARTESIAN_POINT('',(-5.0171512936342,-40.4228908148229,18.6994645670803));
#2852=CARTESIAN_POINT('Origin',(-5.55111512312578E-16,-32.8768481454922,
29.3711763758495));
#2853=CARTESIAN_POINT('',(2.1502076972718,-36.1108664323482,24.7975856006627));
#2854=CARTESIAN_POINT('',(1.0751038486359,-34.4938572889202,27.0843809882561));
#2855=CARTESIAN_POINT('',(-2.1502076972718,-36.1108664323482,24.7975856006627));
#2856=CARTESIAN_POINT('Origin',(-5.55111512312578E-16,-32.8768481454922,
29.3711763758495));
#2857=CARTESIAN_POINT('',(-2.5085756468171,-36.6498694801575,24.0353204714649));
#2858=CARTESIAN_POINT('',(3.62346663143529,-25.0693606557063,40.4126268542835));
#2859=CARTESIAN_POINT('',(11.7413879512359,-28.4745821157439,35.5969183221476));
#2860=CARTESIAN_POINT('Origin',(-5.55111512312578E-16,-32.8768481454922,
29.3711763758495));
#2861=CARTESIAN_POINT('',(1.55291427061512,-29.5307820784411,34.1032265808926));
#2862=CARTESIAN_POINT('',(0.776457135307562,-31.2038151119666,31.7372014783711));
#2863=CARTESIAN_POINT('',(5.03202340767254,-30.9901627041715,32.0393514956915));
#2864=CARTESIAN_POINT('Origin',(-5.55111512312578E-16,-32.8768481454922,
29.3711763758495));
#2865=CARTESIAN_POINT('',(5.87069397561796,-30.675715130618,32.4840473489985));
#2866=CARTESIAN_POINT('Origin',(1.55291427061512,-34.4297609402269,37.5673290781891));
#2867=CARTESIAN_POINT('',(3.62346663143529,-28.3353465635635,42.7220285191478));
#2868=CARTESIAN_POINT('',(3.62346663143529,-29.9683395174921,43.87672935158));
#2869=CARTESIAN_POINT('',(1.55291427061513,-32.7967679862983,36.4126282457569));
#2870=CARTESIAN_POINT('',(0.776457135307563,-34.4698010198238,34.0466031432354));
#2871=CARTESIAN_POINT('',(1.55291427061512,-34.4297609402269,37.5673290781891));
#2872=CARTESIAN_POINT('Origin',(-5.55111512312578E-16,-37.775827007278,
32.8352788731459));
#2873=CARTESIAN_POINT('',(11.7413879512359,-31.7405680236011,37.9063199870119));
#2874=CARTESIAN_POINT('',(11.7413879512359,-33.3735609775297,39.061020819444));
#2875=CARTESIAN_POINT('Origin',(-5.55111512312578E-16,-36.1428340533494,
31.6805780407138));
#2876=CARTESIAN_POINT('Origin',(2.1502076972718,-41.009845294134,28.2616880979591));
#2877=CARTESIAN_POINT('',(5.0171512936342,-43.6888767226801,21.0088662319446));
#2878=CARTESIAN_POINT('',(5.0171512936342,-45.3218696766088,22.1635670643767));
#2879=CARTESIAN_POINT('',(2.1502076972718,-39.3768523402054,27.106987265527));
#2880=CARTESIAN_POINT('',(1.0751038486359,-37.7598431967774,29.3937826531204));
#2881=CARTESIAN_POINT('',(2.1502076972718,-41.009845294134,28.2616880979591));
#2882=CARTESIAN_POINT('Origin',(-5.55111512312578E-16,-37.775827007278,
32.8352788731459));
#2883=CARTESIAN_POINT('',(-5.0171512936342,-43.6888767226801,21.0088662319446));
#2884=CARTESIAN_POINT('',(-5.0171512936342,-45.3218696766088,22.1635670643767));
#2885=CARTESIAN_POINT('Origin',(-5.55111512312578E-16,-36.1428340533494,
31.6805780407138));
#2886=CARTESIAN_POINT('Origin',(5.99177720852744,-37.5945298905584,33.0916716164914));
#2887=CARTESIAN_POINT('',(13.980813486564,-35.7198074476704,32.2788277751867));
#2888=CARTESIAN_POINT('',(13.980813486564,-37.352800401599,33.4335286076188));
#2889=CARTESIAN_POINT('',(5.99177720852744,-35.9615369366298,31.9369707840593));
#2890=CARTESIAN_POINT('',(2.99588860426372,-36.0521854949896,31.8087744123865));
#2891=CARTESIAN_POINT('',(5.99177720852744,-37.5945298905584,33.0916716164914));
#2892=CARTESIAN_POINT('Origin',(-5.55111512312578E-16,-37.775827007278,
32.8352788731459));
#2893=CARTESIAN_POINT('',(10.8800434603976,-41.2295715092318,24.4868476902779));
#2894=CARTESIAN_POINT('',(10.8800434603976,-42.8625644631604,25.64154852271));
#2895=CARTESIAN_POINT('Origin',(-5.55111512312578E-16,-36.1428340533494,
31.6805780407138));
#2896=CARTESIAN_POINT('Origin',(-5.03202340767254,-35.8891415659573,35.503453992988));
#2897=CARTESIAN_POINT('',(-11.7413879512359,-31.7405680236011,37.9063199870119));
#2898=CARTESIAN_POINT('',(-11.7413879512359,-33.3735609775297,39.0610208194441));
#2899=CARTESIAN_POINT('',(-5.03202340767255,-34.2561486120287,34.3487531605558));
#2900=CARTESIAN_POINT('',(-2.51601170383627,-35.199491332689,33.0146656006348));
#2901=CARTESIAN_POINT('',(-5.03202340767254,-35.8891415659573,35.503453992988));
#2902=CARTESIAN_POINT('Origin',(-5.55111512312578E-16,-37.775827007278,
32.8352788731459));
#2903=CARTESIAN_POINT('',(-3.6234666314353,-28.3353465635635,42.7220285191478));
#2904=CARTESIAN_POINT('',(-3.62346663143529,-29.9683395174921,43.87672935158));
#2905=CARTESIAN_POINT('Origin',(-5.55111512312578E-16,-36.1428340533494,
31.6805780407138));
#2906=CARTESIAN_POINT('Origin',(-5.55111512312578E-16,-37.775827007278,
32.8352788731459));
#2907=CARTESIAN_POINT('',(-4.66287576874183,-38.3228643915847,28.5975507476698));
#2908=CARTESIAN_POINT('',(-4.66287576874182,-39.9558573455133,29.752251580102));
#2909=CARTESIAN_POINT('',(-5.99177720852745,-35.9615369366298,31.9369707840593));
#2910=CARTESIAN_POINT('Origin',(-5.55111512312578E-16,-36.1428340533494,
31.6805780407138));
#2911=CARTESIAN_POINT('',(-5.99177720852744,-37.5945298905584,33.0916716164914));
#2912=CARTESIAN_POINT('Origin',(-4.66287576874182,-39.9558573455133,29.752251580102));
#2913=CARTESIAN_POINT('',(-10.8800434603976,-41.2295715092318,24.4868476902779));
#2914=CARTESIAN_POINT('',(-10.8800434603976,-42.8625644631604,25.64154852271));
#2915=CARTESIAN_POINT('',(-2.33143788437092,-37.232849222467,30.1390643941918));
#2916=CARTESIAN_POINT('Origin',(-2.22044604925031E-15,-31.2438551915635,
28.2164755434173));
#2917=CARTESIAN_POINT('',(0.500000007450581,-30.1258209192088,29.7976141706065));
#2918=CARTESIAN_POINT('',(0.500000007450581,-29.8004791295154,30.2577167662449));
#2919=CARTESIAN_POINT('',(0.500000007450581,-30.5221671605394,29.2370961548311));
#2920=CARTESIAN_POINT('',(-0.500000007450581,-29.8004791295154,30.2577167662449));
#2921=CARTESIAN_POINT('',(-0.250000003725291,-29.8004791295154,30.2577167662449));
#2922=CARTESIAN_POINT('',(-0.500000007450581,-30.1258209192088,29.7976141706065));
#2923=CARTESIAN_POINT('',(-0.500000007450581,-30.6848380553862,29.0070448570119));
#2924=CARTESIAN_POINT('Origin',(-1.667927140287E-15,-31.2438551915635,28.2164755434173));
#2925=CARTESIAN_POINT('Origin',(-1.667927140287E-15,-37.775827007278,32.8352788731459));
#2926=CARTESIAN_POINT('',(-5.,-37.775827007278,32.8352788731459));
#2927=CARTESIAN_POINT('Origin',(-1.667927140287E-15,-37.775827007278,32.8352788731459));
#2928=CARTESIAN_POINT('',(-5.,-36.1428340533494,31.6805780407138));
#2929=CARTESIAN_POINT('',(-5.,-37.775827007278,32.8352788731459));
#2930=CARTESIAN_POINT('Origin',(-1.667927140287E-15,-36.1428340533494,31.6805780407138));
#2931=CARTESIAN_POINT('Origin',(-1.667927140287E-15,-37.775827007278,32.8352788731459));
#2932=CARTESIAN_POINT('',(-15.,-37.775827007278,32.8352788731459));
#2933=CARTESIAN_POINT('Origin',(-1.667927140287E-15,-37.775827007278,32.8352788731459));
#2934=CARTESIAN_POINT('',(-15.,-36.1428340533494,31.6805780407138));
#2935=CARTESIAN_POINT('',(-15.,-37.775827007278,32.8352788731459));
#2936=CARTESIAN_POINT('Origin',(-1.667927140287E-15,-36.1428340533494,31.6805780407138));
#2937=CARTESIAN_POINT('Origin',(-2.22044604925031E-15,-36.1428340533494,
31.6805780407138));
#2938=CARTESIAN_POINT('',(-13.980813486564,-35.7198074476704,32.2788277751867));
#2939=CARTESIAN_POINT('Origin',(-5.55111512312578E-16,-36.1428340533494,
31.6805780407138));
#2940=CARTESIAN_POINT('',(-6.99040674328202,-35.9313207505099,31.9797029079502));
#2941=CARTESIAN_POINT('',(4.66287576874182,-38.3228643915847,28.5975507476698));
#2942=CARTESIAN_POINT('',(5.44002173019879,-38.6862027812906,28.0837128654958));
#2943=CARTESIAN_POINT('Origin',(-5.55111512312578E-16,-36.1428340533494,
31.6805780407138));
#2944=CARTESIAN_POINT('',(5.03202340767255,-34.2561486120287,34.3487531605558));
#2945=CARTESIAN_POINT('',(5.87069397561796,-33.9417010384753,34.7934490138628));
#2946=CARTESIAN_POINT('Origin',(-5.55111512312578E-16,-36.1428340533494,
31.6805780407138));
#2947=CARTESIAN_POINT('',(-2.1502076972718,-39.3768523402054,27.106987265527));
#2948=CARTESIAN_POINT('',(-2.5085756468171,-39.9158553880148,26.3447221363292));
#2949=CARTESIAN_POINT('Origin',(-5.55111512312578E-16,-36.1428340533494,
31.6805780407138));
#2950=CARTESIAN_POINT('',(-1.55291427061513,-32.7967679862983,36.4126282457569));
#2951=CARTESIAN_POINT('',(-1.81173331571765,-32.2390903084564,37.2013032799308));
#2952=CARTESIAN_POINT('Origin',(-5.55111512312578E-16,-36.1428340533494,
31.6805780407138));
#2953=CARTESIAN_POINT('Origin',(-5.55111512312578E-16,-37.775827007278,
32.8352788731459));
#2954=CARTESIAN_POINT('',(4.66287576874182,-39.9558573455133,29.752251580102));
#2955=CARTESIAN_POINT('Origin',(-5.55111512312578E-16,-37.775827007278,
32.8352788731459));
#2956=CARTESIAN_POINT('',(-2.1502076972718,-41.009845294134,28.2616880979591));
#2957=CARTESIAN_POINT('Origin',(-2.22044604925031E-15,-37.775827007278,
32.8352788731459));
#2958=CARTESIAN_POINT('',(0.500000007450581,-36.3324509452298,34.8765200959735));
#2959=CARTESIAN_POINT('',(0.500000007450581,-36.6577927349233,34.4164175003351));
#2960=CARTESIAN_POINT('',(0.500000007450581,-37.0541389762539,33.8558994845597));
#2961=CARTESIAN_POINT('',(-0.500000007450581,-36.6577927349233,34.4164175003351));
#2962=CARTESIAN_POINT('Origin',(-1.667927140287E-15,-37.775827007278,32.8352788731459));
#2963=CARTESIAN_POINT('',(-0.500000007450581,-36.3324509452298,34.8765200959735));
#2964=CARTESIAN_POINT('',(-0.500000007450581,-37.2168098711006,33.6258481867405));
#2965=CARTESIAN_POINT('',(-0.250000003725291,-36.3324509452298,34.8765200959735));
#2966=CARTESIAN_POINT('Origin',(10.8800434603976,-42.8625644631604,25.64154852271));
#2967=CARTESIAN_POINT('Origin',(-5.55111512312578E-16,-37.775827007278,
32.8352788731459));
#2968=CARTESIAN_POINT('',(-1.55291427061513,-34.4297609402269,37.5673290781891));
#2969=CARTESIAN_POINT('Origin',(-3.62346663143529,-29.9683395174921,43.87672935158));
#2970=CARTESIAN_POINT('Origin',(-5.0171512936342,-45.3218696766088,22.1635670643767));
#2971=CARTESIAN_POINT('Origin',(11.7413879512359,-33.3735609775297,39.0610208194441));
#2972=CARTESIAN_POINT('',(5.03202340767254,-35.8891415659573,35.503453992988));
#2973=CARTESIAN_POINT('Origin',(-5.55111512312578E-16,-37.775827007278,
32.8352788731459));
#2974=CARTESIAN_POINT('Origin',(-5.55111512312578E-16,-37.775827007278,
32.8352788731459));
#2975=CARTESIAN_POINT('',(-13.980813486564,-37.352800401599,33.4335286076188));
#2976=CARTESIAN_POINT('Origin',(-13.980813486564,-37.352800401599,33.4335286076188));
#2977=CARTESIAN_POINT('Origin',(-0.500000007450581,-36.3324509452298,34.8765200959735));
#2978=CARTESIAN_POINT('',(-0.500000007450581,-36.3324509452298,34.8765200959735));
#2979=CARTESIAN_POINT('',(0.500000007450581,-36.3324509452298,34.8765200959735));
#2980=CARTESIAN_POINT('Origin',(-0.500000007450581,-36.6577927349233,34.4164175003351));
#2981=CARTESIAN_POINT('',(-0.500000007450581,-34.2083033040304,32.6843662516869));
#2982=CARTESIAN_POINT('Origin',(0.500000007450581,-36.3324509452298,34.8765200959735));
#2983=CARTESIAN_POINT('',(0.500000007450581,-34.2083033040304,32.6843662516869));
#2984=CARTESIAN_POINT('Origin',(-2.22044604925031E-15,-31.2438551915635,
28.2164755434173));
#2985=CARTESIAN_POINT('',(17.,-31.2438551915635,28.2164755434173));
#2986=CARTESIAN_POINT('Origin',(-1.667927140287E-15,-31.2438551915635,28.2164755434173));
#2987=CARTESIAN_POINT('Origin',(-1.667927140287E-15,-31.6521034300457,28.5051507515253));
#2988=CARTESIAN_POINT('',(17.5,-31.6521034300457,28.5051507515253));
#2989=CARTESIAN_POINT('Origin',(17.,-31.6521034300457,28.5051507515253));
#2990=CARTESIAN_POINT('',(-17.5,-31.6521034300457,28.5051507515253));
#2991=CARTESIAN_POINT('Origin',(-1.667927140287E-15,-31.6521034300457,28.5051507515253));
#2992=CARTESIAN_POINT('Origin',(-1.667927140287E-15,-31.6521034300457,28.5051507515253));
#2993=CARTESIAN_POINT('Origin',(-1.667927140287E-15,-35.3263375763851,31.1032276244977));
#2994=CARTESIAN_POINT('',(-17.5,-37.3675787687959,32.5466036650379));
#2995=CARTESIAN_POINT('Origin',(-1.667927140287E-15,-37.3675787687959,32.5466036650379));
#2996=CARTESIAN_POINT('',(-17.5,-35.3263375763851,31.1032276244977));
#2997=CARTESIAN_POINT('Origin',(-1.667927140287E-15,-37.3675787687959,32.5466036650379));
#2998=CARTESIAN_POINT('',(-17.,-37.775827007278,32.8352788731459));
#2999=CARTESIAN_POINT('Origin',(-1.667927140287E-15,-37.775827007278,32.8352788731459));
#3000=CARTESIAN_POINT('Origin',(-17.,-37.3675787687959,32.5466036650379));
#3001=CARTESIAN_POINT('Origin',(-2.22044604925031E-15,-37.775827007278,
32.8352788731459));
#3002=CARTESIAN_POINT('Origin',(-1.667927140287E-15,-35.3263375763851,31.1032276244977));
#3003=CARTESIAN_POINT('',(0.,0.,0.));
#3004=CARTESIAN_POINT('Origin',(-12.9997392565552,-22.4194810630863,6.05501301855982));
#3005=CARTESIAN_POINT('',(-12.9997392565552,-25.2071748494471,5.57672089706337));
#3006=CARTESIAN_POINT('',(-14.9997392565552,-24.052474017015,7.20971385099198));
#3007=CARTESIAN_POINT('Origin',(-12.9997392565552,-24.052474017015,7.20971385099198));
#3008=CARTESIAN_POINT('',(-14.9997392565552,-22.4194810630863,6.05501301855983));
#3009=CARTESIAN_POINT('',(-14.9997392565552,-22.4194810630863,6.05501301855982));
#3010=CARTESIAN_POINT('',(-12.9997392565552,-23.5741818955185,4.42202006463122));
#3011=CARTESIAN_POINT('Origin',(-12.9997392565552,-22.4194810630863,6.05501301855982));
#3012=CARTESIAN_POINT('',(-12.9997392565552,-23.5741818955185,4.42202006463121));
#3013=CARTESIAN_POINT('Origin',(-14.9997392565552,-23.5741818955185,4.42202006463122));
#3014=CARTESIAN_POINT('',(12.9517392565552,-23.5741818955185,4.42202006463122));
#3015=CARTESIAN_POINT('',(-14.9997392565552,-23.5741818955185,4.42202006463122));
#3016=CARTESIAN_POINT('',(12.9517392565552,-25.2071748494471,5.57672089706337));
#3017=CARTESIAN_POINT('',(12.9517392565552,-23.5741818955185,4.42202006463122));
#3018=CARTESIAN_POINT('',(-14.9997392565552,-25.2071748494471,5.57672089706337));
#3019=CARTESIAN_POINT('Origin',(-0.0239999999999996,-14.9139256522774,16.6694672190958));
#3020=CARTESIAN_POINT('',(-14.9997392565552,-7.4083702414684,27.2839214196318));
#3021=CARTESIAN_POINT('',(-14.9997392565552,-6.25366940903624,28.9169143735604));
#3022=CARTESIAN_POINT('',(-12.9997392565552,-6.25366940903624,28.9169143735604));
#3023=CARTESIAN_POINT('Origin',(-12.9997392565552,-7.4083702414684,27.2839214196318));
#3024=CARTESIAN_POINT('',(12.9517392565552,-6.25366940903624,28.9169143735604));
#3025=CARTESIAN_POINT('',(14.9517392565552,-6.25366940903624,28.9169143735604));
#3026=CARTESIAN_POINT('',(14.9517392565552,-7.40837024146839,27.2839214196318));
#3027=CARTESIAN_POINT('Origin',(12.9517392565552,-7.4083702414684,27.2839214196318));
#3028=CARTESIAN_POINT('',(14.9517392565552,-22.4194810630863,6.05501301855983));
#3029=CARTESIAN_POINT('',(14.9517392565552,-23.5741818955185,4.42202006463122));
#3030=CARTESIAN_POINT('Origin',(12.9517392565552,-22.4194810630863,6.05501301855982));
#3031=CARTESIAN_POINT('',(11.9999999999999,-7.8008238604505,26.728908401072));
#3032=CARTESIAN_POINT('',(-12.0000000000001,-7.80082386045068,26.728908401072));
#3033=CARTESIAN_POINT('',(11.9999999999999,-7.8008238604505,26.728908401072));
#3034=CARTESIAN_POINT('',(-12.,-22.8119346820686,5.5));
#3035=CARTESIAN_POINT('',(-12.0000000000001,-7.80082386045068,26.728908401072));
#3036=CARTESIAN_POINT('',(12.,-22.8119346820684,5.5));
#3037=CARTESIAN_POINT('',(12.,-22.8119346820684,5.5));
#3038=CARTESIAN_POINT('',(12.,-22.8119346820684,5.5));
#3039=CARTESIAN_POINT('Origin',(12.9517392565552,-22.4194810630863,6.05501301855983));
#3040=CARTESIAN_POINT('',(14.9517392565552,-24.052474017015,7.20971385099198));
#3041=CARTESIAN_POINT('Origin',(12.9517392565552,-24.052474017015,7.20971385099198));
#3042=CARTESIAN_POINT('',(14.9517392565552,-22.4194810630863,6.05501301855983));
#3043=CARTESIAN_POINT('Origin',(14.9517392565552,-23.5741818955185,4.42202006463122));
#3044=CARTESIAN_POINT('',(14.9517392565552,-9.04136319539701,28.438622252064));
#3045=CARTESIAN_POINT('',(14.9517392565552,-7.4083702414684,27.2839214196318));
#3046=CARTESIAN_POINT('',(14.9517392565552,-25.2071748494471,5.57672089706337));
#3047=CARTESIAN_POINT('Origin',(12.9517392565552,-7.4083702414684,27.2839214196318));
#3048=CARTESIAN_POINT('',(12.9517392565552,-7.88666236296486,30.0716152059926));
#3049=CARTESIAN_POINT('Origin',(12.9517392565552,-9.04136319539702,28.438622252064));
#3050=CARTESIAN_POINT('',(12.9517392565552,-6.25366940903625,28.9169143735604));
#3051=CARTESIAN_POINT('Origin',(14.9517392565552,-6.25366940903624,28.9169143735604));
#3052=CARTESIAN_POINT('',(-12.9997392565552,-7.88666236296486,30.0716152059926));
#3053=CARTESIAN_POINT('',(-12.9997392565552,-6.25366940903625,28.9169143735604));
#3054=CARTESIAN_POINT('',(14.9517392565552,-7.88666236296486,30.0716152059926));
#3055=CARTESIAN_POINT('Origin',(-12.9997392565552,-7.4083702414684,27.2839214196318));
#3056=CARTESIAN_POINT('',(-14.9997392565552,-9.04136319539701,28.438622252064));
#3057=CARTESIAN_POINT('Origin',(-12.9997392565552,-9.04136319539703,28.438622252064));
#3058=CARTESIAN_POINT('',(-14.9997392565552,-7.4083702414684,27.2839214196318));
#3059=CARTESIAN_POINT('Origin',(-14.9997392565552,-6.25366940903624,28.9169143735604));
#3060=CARTESIAN_POINT('',(-14.9997392565552,-7.88666236296486,30.0716152059926));
#3061=CARTESIAN_POINT('Origin',(-0.0239999999999996,-16.546918606206,17.824168051528));
#3062=CARTESIAN_POINT('Origin',(-9.,-13.9590546672063,6.));
#3063=CARTESIAN_POINT('',(-9.5,-18.7841460744127,6.));
#3064=CARTESIAN_POINT('',(-9.,-18.7841460744127,5.5));
#3065=CARTESIAN_POINT('Origin',(-9.,-18.7841460744127,6.));
#3066=CARTESIAN_POINT('',(-9.,-6.92820323027551,5.5));
#3067=CARTESIAN_POINT('',(-9.,-13.9590546672063,5.5));
#3068=CARTESIAN_POINT('',(-9.5,-6.92820323027551,6.));
#3069=CARTESIAN_POINT('Origin',(-9.,-6.92820323027551,6.));
#3070=CARTESIAN_POINT('',(-9.5,-13.9590546672063,6.));
#3071=CARTESIAN_POINT('Origin',(-9.,-12.8550624472248,14.3849872750657));
#3072=CARTESIAN_POINT('',(-9.,-19.1923943128948,6.28867520810804));
#3073=CARTESIAN_POINT('Origin',(-9.,-18.7841460744127,6.));
#3074=CARTESIAN_POINT('',(-9.5,-6.92820323027551,22.7668287602053));
#3075=CARTESIAN_POINT('',(-9.5,-12.8550624472248,14.3849872750657));
#3076=CARTESIAN_POINT('',(-9.,-6.92820323027551,23.6328539434501));
#3077=CARTESIAN_POINT('Origin',(-9.,-6.92820323027551,22.7668287602053));
#3078=CARTESIAN_POINT('',(-9.,-13.2633106857069,14.6736624831738));
#3079=CARTESIAN_POINT('Origin',(-9.,-18.7841460744127,6.));
#3080=CARTESIAN_POINT('Origin',(-9.,-18.7841460744127,6.));
#3081=CARTESIAN_POINT('Origin',(0.,-14.8119346820686,5.5));
#3082=CARTESIAN_POINT('',(-11.865744644789,-6.92820323027551,5.5));
#3083=CARTESIAN_POINT('',(-6.,-6.92820323027551,5.5));
#3084=CARTESIAN_POINT('',(9.,-18.7841460744125,5.5));
#3085=CARTESIAN_POINT('',(1.718743476837E-15,-18.7841460744126,5.5));
#3086=CARTESIAN_POINT('',(9.,-6.92820323027551,5.5));
#3087=CARTESIAN_POINT('',(9.,-13.9590546672063,5.5));
#3088=CARTESIAN_POINT('',(11.8657446447889,-6.92820323027551,5.5));
#3089=CARTESIAN_POINT('',(6.,-6.92820323027551,5.5));
#3090=CARTESIAN_POINT('',(11.7986169671834,-6.81193468206863,5.5));
#3091=CARTESIAN_POINT('',(11.8993084835917,-6.98633750437895,5.5));
#3092=CARTESIAN_POINT('',(-11.7986169671834,-6.81193468206863,5.5));
#3093=CARTESIAN_POINT('',(-12.,-6.81193468206863,5.5));
#3094=CARTESIAN_POINT('',(0.100691516408298,13.7982721864476,5.5));
#3095=CARTESIAN_POINT('',(7.60000008940697,-10.0000001490116,5.5));
#3096=CARTESIAN_POINT('Origin',(6.00000008940697,-10.0000001490116,5.5));
#3097=CARTESIAN_POINT('',(7.60000010430813,-17.0000002533197,5.5));
#3098=CARTESIAN_POINT('Origin',(6.00000010430813,-17.0000002533197,5.5));
#3099=CARTESIAN_POINT('',(-4.40000008940697,-10.0000001490116,5.5));
#3100=CARTESIAN_POINT('Origin',(-6.00000008940697,-10.0000001490116,5.5));
#3101=CARTESIAN_POINT('',(-4.40000008940697,-17.0000002533197,5.5));
#3102=CARTESIAN_POINT('Origin',(-6.00000008940697,-17.0000002533197,5.5));
#3103=CARTESIAN_POINT('Origin',(1.718743476837E-15,-18.7841460744126,6.));
#3104=CARTESIAN_POINT('',(9.00000000000001,-19.1923943128947,6.28867520810804));
#3105=CARTESIAN_POINT('',(4.82736794578745E-15,-19.1923943128947,6.28867520810804));
#3106=CARTESIAN_POINT('Origin',(9.,-18.7841460744125,6.));
#3107=CARTESIAN_POINT('Origin',(-6.88338275267598E-14,-13.2651380788488,
14.6710781599958));
#3108=CARTESIAN_POINT('',(-12.,-6.92820323027551,23.6328539434499));
#3109=CARTESIAN_POINT('',(-5.99999999999999,-6.92820323027551,23.6328539434501));
#3110=CARTESIAN_POINT('',(-12.0000000000001,-5.75958266803991,25.2855323605318));
#3111=CARTESIAN_POINT('',(-12.0000000000001,-5.75958266803991,25.2855323605318));
#3112=CARTESIAN_POINT('',(11.9999999999999,-5.75958266803973,25.2855323605318));
#3113=CARTESIAN_POINT('',(11.9999999999999,-5.75958266803973,25.2855323605318));
#3114=CARTESIAN_POINT('',(12.,-6.92820323027551,23.6328539434499));
#3115=CARTESIAN_POINT('',(12.,-20.7706934896577,4.05662395945981));
#3116=CARTESIAN_POINT('',(9.00000000000001,-6.92820323027551,23.6328539434499));
#3117=CARTESIAN_POINT('',(6.00000000000001,-6.92820323027551,23.6328539434499));
#3118=CARTESIAN_POINT('',(9.00000000000001,-13.2633106857068,14.6736624831737));
#3119=CARTESIAN_POINT('Origin',(9.,-12.8550624472247,14.3849872750657));
#3120=CARTESIAN_POINT('',(9.5,-18.7841460744125,6.));
#3121=CARTESIAN_POINT('Origin',(9.,-18.7841460744125,6.));
#3122=CARTESIAN_POINT('',(9.5,-6.92820323027551,22.7668287602051));
#3123=CARTESIAN_POINT('Origin',(9.,-6.92820323027551,22.7668287602051));
#3124=CARTESIAN_POINT('',(9.5,-12.8550624472247,14.3849872750657));
#3125=CARTESIAN_POINT('Origin',(9.,-13.9590546672063,6.));
#3126=CARTESIAN_POINT('Origin',(9.,-18.7841460744125,6.));
#3127=CARTESIAN_POINT('',(9.5,-6.92820323027551,6.));
#3128=CARTESIAN_POINT('',(9.5,-13.9590546672063,6.));
#3129=CARTESIAN_POINT('Origin',(9.,-6.92820323027551,6.));
#3130=CARTESIAN_POINT('Origin',(9.,-18.7841460744125,6.));
#3131=CARTESIAN_POINT('Origin',(-12.,-6.92820323027551,5.5));
#3132=CARTESIAN_POINT('',(-11.8993084835917,-6.98633750437894,5.5));
#3133=CARTESIAN_POINT('',(0.100691516408298,13.7982721864476,5.5));
#3134=CARTESIAN_POINT('',(-12.,-6.92820323027551,5.5));
#3135=CARTESIAN_POINT('',(-11.8993084835917,-6.98633750437894,5.5));
#3136=CARTESIAN_POINT('',(-12.,-6.92820323027551,5.5));
#3137=CARTESIAN_POINT('Origin',(-12.,-6.92820323027551,23.6328539434499));
#3138=CARTESIAN_POINT('',(-12.,-6.92820323027551,5.5));
#3139=CARTESIAN_POINT('',(-9.5,-6.92820323027551,5.5));
#3140=CARTESIAN_POINT('Origin',(-9.5,-13.106174652344,14.5664269717249));
#3141=CARTESIAN_POINT('Origin',(12.,-6.92820323027551,5.5));
#3142=CARTESIAN_POINT('',(11.8993084835917,-6.98633750437895,5.5));
#3143=CARTESIAN_POINT('',(11.8993084835917,-6.98633750437895,5.5));
#3144=CARTESIAN_POINT('',(12.,-6.92820323027552,5.5));
#3145=CARTESIAN_POINT('',(12.,-6.92820323027551,5.5));
#3146=CARTESIAN_POINT('',(25.7557149441427,1.01366249562105,5.5));
#3147=CARTESIAN_POINT('Origin',(12.,-6.92820323027551,23.6328539434499));
#3148=CARTESIAN_POINT('',(12.,-6.92820323027551,5.5));
#3149=CARTESIAN_POINT('',(9.5,-6.92820323027551,5.5));
#3150=CARTESIAN_POINT('Origin',(9.5,-13.106174652344,14.5664269717249));
#3151=CARTESIAN_POINT('Origin',(-12.0000000000001,-7.80082386045068,26.728908401072));
#3152=CARTESIAN_POINT('',(11.9999999999999,-7.8008238604505,26.728908401072));
#3153=CARTESIAN_POINT('',(-12.0000000000001,-7.80082386045068,26.728908401072));
#3154=CARTESIAN_POINT('Origin',(12.,-22.8119346820684,1.5));
#3155=CARTESIAN_POINT('',(12.,-22.8119346820684,1.5));
#3156=CARTESIAN_POINT('',(12.,-22.8119346820684,1.5));
#3157=CARTESIAN_POINT('',(12.,-6.92820323027552,1.5));
#3158=CARTESIAN_POINT('',(12.,-6.81193468206863,1.5));
#3159=CARTESIAN_POINT('',(12.,-6.92820323027552,1.5));
#3160=CARTESIAN_POINT('Origin',(-6.00000008940697,-17.0000002533197,1.5));
#3161=CARTESIAN_POINT('',(-4.40000008940697,-17.0000002533197,1.5));
#3162=CARTESIAN_POINT('',(-4.40000008940697,-17.0000002533197,1.5));
#3163=CARTESIAN_POINT('Origin',(-6.00000008940697,-17.0000002533197,1.5));
#3164=CARTESIAN_POINT('Origin',(-6.00000008940697,-10.0000001490116,1.5));
#3165=CARTESIAN_POINT('',(-4.40000008940697,-10.0000001490116,1.5));
#3166=CARTESIAN_POINT('',(-4.40000008940697,-10.0000001490116,1.5));
#3167=CARTESIAN_POINT('Origin',(-6.00000008940697,-10.0000001490116,1.5));
#3168=CARTESIAN_POINT('Origin',(6.00000010430813,-17.0000002533197,1.5));
#3169=CARTESIAN_POINT('',(7.60000010430813,-17.0000002533197,1.5));
#3170=CARTESIAN_POINT('',(7.60000010430813,-17.0000002533197,1.5));
#3171=CARTESIAN_POINT('Origin',(6.00000010430813,-17.0000002533197,1.5));
#3172=CARTESIAN_POINT('Origin',(6.00000008940697,-10.0000001490116,1.5));
#3173=CARTESIAN_POINT('',(7.60000008940697,-10.0000001490116,1.5));
#3174=CARTESIAN_POINT('',(7.60000008940697,-10.0000001490116,1.5));
#3175=CARTESIAN_POINT('Origin',(6.00000008940697,-10.0000001490116,1.5));
#3176=CARTESIAN_POINT('Origin',(11.7986169671834,-6.81193468206863,1.5));
#3177=CARTESIAN_POINT('',(-11.7986169671834,-6.81193468206863,1.5));
#3178=CARTESIAN_POINT('',(11.7986169671834,-6.81193468206863,1.5));
#3179=CARTESIAN_POINT('',(-12.,-6.81193468206863,1.5));
#3180=CARTESIAN_POINT('',(-11.7986169671834,-6.81193468206863,1.5));
#3181=CARTESIAN_POINT('',(11.7986169671834,-6.81193468206863,1.5));
#3182=CARTESIAN_POINT('Origin',(11.8993084835917,-6.98633750437895,1.5));
#3183=CARTESIAN_POINT('',(11.8993084835917,-6.98633750437895,1.5));
#3184=CARTESIAN_POINT('',(11.8993084835917,-6.98633750437895,1.5));
#3185=CARTESIAN_POINT('',(11.8993084835917,-6.98633750437895,1.5));
#3186=CARTESIAN_POINT('Origin',(12.,-6.92820323027552,1.5));
#3187=CARTESIAN_POINT('',(25.7557149441427,1.01366249562105,1.5));
#3188=CARTESIAN_POINT('Origin',(-12.,-22.8119346820686,1.5));
#3189=CARTESIAN_POINT('',(-12.,-22.8119346820686,1.5));
#3190=CARTESIAN_POINT('',(12.,-22.8119346820684,1.5));
#3191=CARTESIAN_POINT('',(-12.,-22.8119346820686,1.5));
#3192=CARTESIAN_POINT('Origin',(-12.,-6.92820323027551,1.5));
#3193=CARTESIAN_POINT('',(-12.,-6.92820323027551,1.5));
#3194=CARTESIAN_POINT('',(-12.,-6.92820323027551,1.5));
#3195=CARTESIAN_POINT('',(-12.,-22.8119346820686,1.5));
#3196=CARTESIAN_POINT('Origin',(-11.8993084835917,-6.98633750437894,1.5));
#3197=CARTESIAN_POINT('',(-11.8993084835917,-6.98633750437894,1.5));
#3198=CARTESIAN_POINT('',(-11.8993084835917,-6.98633750437894,1.5));
#3199=CARTESIAN_POINT('',(-11.8993084835917,-6.98633750437894,1.5));
#3200=CARTESIAN_POINT('Origin',(-11.7986169671834,-6.81193468206863,1.5));
#3201=CARTESIAN_POINT('',(0.100691516408298,13.7982721864476,1.5));
#3202=CARTESIAN_POINT('Origin',(0.,-14.8119346820686,1.5));
#3203=CARTESIAN_POINT('',(0.,0.,0.));
#3204=CARTESIAN_POINT('Origin',(-5.13062035030594E-16,-31.2438551915635,
28.2164755434173));
#3205=CARTESIAN_POINT('',(-2.,-31.2438551915635,28.2164755434173));
#3206=CARTESIAN_POINT('Origin',(-5.13062035030594E-16,-31.2438551915635,
28.2164755434173));
#3207=CARTESIAN_POINT('',(-2.,-17.3634150831703,18.401518467744));
#3208=CARTESIAN_POINT('',(-2.,-31.2438551915635,28.2164755434173));
#3209=CARTESIAN_POINT('Origin',(-5.13062035030594E-16,-17.3634150831703,
18.401518467744));
#3210=CARTESIAN_POINT('Origin',(6.4180307022581E-16,-17.3634150831703,18.401518467744));
#3211=CARTESIAN_POINT('',(-11.,-31.2438551915635,28.2164755434173));
#3212=CARTESIAN_POINT('Origin',(6.4180307022581E-16,-31.2438551915635,28.2164755434173));
#3213=CARTESIAN_POINT('',(-11.,-18.9964080370989,19.5562193001762));
#3214=CARTESIAN_POINT('',(-11.,-17.3634150831703,18.401518467744));
#3215=CARTESIAN_POINT('Origin',(6.4180307022581E-16,-18.9964080370989,19.5562193001762));
#3216=CARTESIAN_POINT('Origin',(6.4180307022581E-16,-31.2438551915635,28.2164755434173));
#3217=CARTESIAN_POINT('Origin',(12.5000001862645,-17.3634150831703,18.401518467744));
#3218=CARTESIAN_POINT('',(11.5000001862645,-18.9964080370989,19.5562193001762));
#3219=CARTESIAN_POINT('Origin',(12.5000001862645,-18.9964080370989,19.5562193001762));
#3220=CARTESIAN_POINT('',(11.5000001862645,-17.3634150831703,18.401518467744));
#3221=CARTESIAN_POINT('',(11.5000001862645,-17.3634150831703,18.401518467744));
#3222=CARTESIAN_POINT('Origin',(12.5000001862645,-17.3634150831703,18.401518467744));
#3223=CARTESIAN_POINT('Origin',(-6.22248254367696E-16,-24.5802953934111,
8.19531235360588));
#3224=CARTESIAN_POINT('',(-1.,-26.2132883473398,9.35001318603802));
#3225=CARTESIAN_POINT('Origin',(-6.22248254367696E-16,-26.2132883473398,
9.35001318603802));
#3226=CARTESIAN_POINT('',(-1.,-24.5802953934111,8.19531235360588));
#3227=CARTESIAN_POINT('',(-1.,-24.5802953934111,8.19531235360588));
#3228=CARTESIAN_POINT('Origin',(-6.22248254367696E-16,-24.5802953934111,
8.19531235360588));
#3229=CARTESIAN_POINT('Origin',(-12.5000001862645,-17.3634150831703,18.401518467744));
#3230=CARTESIAN_POINT('',(-13.5000001862645,-18.9964080370989,19.5562193001762));
#3231=CARTESIAN_POINT('Origin',(-12.5000001862645,-18.9964080370989,19.5562193001762));
#3232=CARTESIAN_POINT('',(-13.5000001862645,-17.3634150831703,18.401518467744));
#3233=CARTESIAN_POINT('',(-13.5000001862645,-17.3634150831703,18.401518467744));
#3234=CARTESIAN_POINT('Origin',(-12.5000001862645,-17.3634150831703,18.401518467744));
#3235=CARTESIAN_POINT('Origin',(3.75045873074301E-16,-10.1465347729295,
28.6077245818822));
#3236=CARTESIAN_POINT('',(-1.,-11.7795277268581,29.7624254143144));
#3237=CARTESIAN_POINT('Origin',(3.75045873074301E-16,-11.7795277268581,
29.7624254143144));
#3238=CARTESIAN_POINT('',(-1.,-10.1465347729295,28.6077245818822));
#3239=CARTESIAN_POINT('',(-1.,-10.1465347729295,28.6077245818822));
#3240=CARTESIAN_POINT('Origin',(3.75045873074301E-16,-10.1465347729295,
28.6077245818822));
#3241=CARTESIAN_POINT('Origin',(6.4180307022581E-16,-17.3634150831703,18.401518467744));
#3242=CARTESIAN_POINT('',(-14.,-18.9964080370989,19.5562193001762));
#3243=CARTESIAN_POINT('Origin',(6.4180307022581E-16,-18.9964080370989,19.5562193001762));
#3244=CARTESIAN_POINT('',(-14.,-17.3634150831703,18.401518467744));
#3245=CARTESIAN_POINT('',(-14.,-17.3634150831703,18.401518467744));
#3246=CARTESIAN_POINT('Origin',(6.4180307022581E-16,-17.3634150831703,18.401518467744));
#3247=CARTESIAN_POINT('Origin',(6.4180307022581E-16,-18.9964080370989,19.5562193001762));
#3248=CARTESIAN_POINT('Origin',(6.4180307022581E-16,-17.3634150831703,18.401518467744));
#3249=CARTESIAN_POINT('',(0.,0.,0.));
#3250=CARTESIAN_POINT('Origin',(-1.66533453693773E-15,-17.3634150831703,
18.401518467744));
#3251=CARTESIAN_POINT('',(-2.,-17.3634150831703,18.401518467744));
#3252=CARTESIAN_POINT('Origin',(-1.667927140287E-15,-17.3634150831703,18.401518467744));
#3253=CARTESIAN_POINT('Origin',(-1.667927140287E-15,-31.2438551915635,28.2164755434173));
#3254=CARTESIAN_POINT('',(-2.,-35.3263375763851,31.1032276244977));
#3255=CARTESIAN_POINT('Origin',(-1.667927140287E-15,-35.3263375763851,31.1032276244977));
#3256=CARTESIAN_POINT('',(-2.,-31.2438551915635,28.2164755434173));
#3257=CARTESIAN_POINT('Origin',(-1.66533453693773E-15,-35.3263375763851,
31.1032276244977));
#3258=CARTESIAN_POINT('',(0.,0.,0.));
#3259=CARTESIAN_POINT('',(0.,0.,0.));
#3260=CARTESIAN_POINT('',(-6.57965589963368E-16,-0.81649647696431,0.577350416216076));
#3261=CARTESIAN_POINT('',(0.,0.,0.));
#3262=CARTESIAN_POINT('',(0.,0.,0.));
#3263=CARTESIAN_POINT('',(0.,0.,0.));
#3264=CARTESIAN_POINT('',(0.707106691151589,0.408248238482154,0.577350416216076));
#3265=CARTESIAN_POINT('',(0.,0.,0.));
#3266=CARTESIAN_POINT('',(0.,0.,0.));
#3267=CARTESIAN_POINT('',(0.,0.,0.));
#3268=CARTESIAN_POINT('',(-0.707106691151588,0.408248238482156,0.577350416216076));
#3269=CARTESIAN_POINT('',(0.,0.,0.));
#3270=CARTESIAN_POINT('',(0.,0.,0.));
#3271=UNCERTAINTY_MEASURE_WITH_UNIT(LENGTH_MEASURE(0.01),#3285,
'DISTANCE_ACCURACY_VALUE',
'Maximum model space distance between geometric entities at asserted c
onnectivities');
#3272=UNCERTAINTY_MEASURE_WITH_UNIT(LENGTH_MEASURE(0.01),#3285,
'DISTANCE_ACCURACY_VALUE',
'Maximum model space distance between geometric entities at asserted c
onnectivities');
#3273=UNCERTAINTY_MEASURE_WITH_UNIT(LENGTH_MEASURE(0.01),#3285,
'DISTANCE_ACCURACY_VALUE',
'Maximum model space distance between geometric entities at asserted c
onnectivities');
#3274=UNCERTAINTY_MEASURE_WITH_UNIT(LENGTH_MEASURE(0.01),#3285,
'DISTANCE_ACCURACY_VALUE',
'Maximum model space distance between geometric entities at asserted c
onnectivities');
#3275=UNCERTAINTY_MEASURE_WITH_UNIT(LENGTH_MEASURE(0.01),#3285,
'DISTANCE_ACCURACY_VALUE',
'Maximum model space distance between geometric entities at asserted c
onnectivities');
#3276=UNCERTAINTY_MEASURE_WITH_UNIT(LENGTH_MEASURE(0.01),#3285,
'DISTANCE_ACCURACY_VALUE',
'Maximum model space distance between geometric entities at asserted c
onnectivities');
#3277=UNCERTAINTY_MEASURE_WITH_UNIT(LENGTH_MEASURE(0.01),#3285,
'DISTANCE_ACCURACY_VALUE',
'Maximum model space distance between geometric entities at asserted c
onnectivities');
#3278=(
GEOMETRIC_REPRESENTATION_CONTEXT(3)
GLOBAL_UNCERTAINTY_ASSIGNED_CONTEXT((#3271))
GLOBAL_UNIT_ASSIGNED_CONTEXT((#3285,#3287,#3288))
REPRESENTATION_CONTEXT('','3D')
);
#3279=(
GEOMETRIC_REPRESENTATION_CONTEXT(3)
GLOBAL_UNCERTAINTY_ASSIGNED_CONTEXT((#3272))
GLOBAL_UNIT_ASSIGNED_CONTEXT((#3285,#3287,#3288))
REPRESENTATION_CONTEXT('','3D')
);
#3280=(
GEOMETRIC_REPRESENTATION_CONTEXT(3)
GLOBAL_UNCERTAINTY_ASSIGNED_CONTEXT((#3273))
GLOBAL_UNIT_ASSIGNED_CONTEXT((#3285,#3287,#3288))
REPRESENTATION_CONTEXT('','3D')
);
#3281=(
GEOMETRIC_REPRESENTATION_CONTEXT(3)
GLOBAL_UNCERTAINTY_ASSIGNED_CONTEXT((#3274))
GLOBAL_UNIT_ASSIGNED_CONTEXT((#3285,#3287,#3288))
REPRESENTATION_CONTEXT('','3D')
);
#3282=(
GEOMETRIC_REPRESENTATION_CONTEXT(3)
GLOBAL_UNCERTAINTY_ASSIGNED_CONTEXT((#3275))
GLOBAL_UNIT_ASSIGNED_CONTEXT((#3285,#3287,#3288))
REPRESENTATION_CONTEXT('','3D')
);
#3283=(
GEOMETRIC_REPRESENTATION_CONTEXT(3)
GLOBAL_UNCERTAINTY_ASSIGNED_CONTEXT((#3276))
GLOBAL_UNIT_ASSIGNED_CONTEXT((#3285,#3287,#3288))
REPRESENTATION_CONTEXT('','3D')
);
#3284=(
GEOMETRIC_REPRESENTATION_CONTEXT(3)
GLOBAL_UNCERTAINTY_ASSIGNED_CONTEXT((#3277))
GLOBAL_UNIT_ASSIGNED_CONTEXT((#3285,#3287,#3288))
REPRESENTATION_CONTEXT('','3D')
);
#3285=(
LENGTH_UNIT()
NAMED_UNIT(*)
SI_UNIT(.MILLI.,.METRE.)
);
#3286=(
LENGTH_UNIT()
NAMED_UNIT(*)
SI_UNIT($,.METRE.)
);
#3287=(
NAMED_UNIT(*)
PLANE_ANGLE_UNIT()
SI_UNIT($,.RADIAN.)
);
#3288=(
NAMED_UNIT(*)
SI_UNIT($,.STERADIAN.)
SOLID_ANGLE_UNIT()
);
#3289=SHAPE_DEFINITION_REPRESENTATION(#3295,#3314);
#3290=SHAPE_DEFINITION_REPRESENTATION(#3296,#3315);
#3291=SHAPE_DEFINITION_REPRESENTATION(#3297,#3316);
#3292=SHAPE_DEFINITION_REPRESENTATION(#3298,#3317);
#3293=SHAPE_DEFINITION_REPRESENTATION(#3299,#3318);
#3294=SHAPE_DEFINITION_REPRESENTATION(#3300,#3319);
#3295=PRODUCT_DEFINITION_SHAPE('',$,#3321);
#3296=PRODUCT_DEFINITION_SHAPE('',$,#3322);
#3297=PRODUCT_DEFINITION_SHAPE('',$,#3323);
#3298=PRODUCT_DEFINITION_SHAPE('',$,#3324);
#3299=PRODUCT_DEFINITION_SHAPE('',$,#3325);
#3300=PRODUCT_DEFINITION_SHAPE('',$,#3326);
#3301=PRODUCT_DEFINITION_SHAPE($,$,#50);
#3302=PRODUCT_DEFINITION_SHAPE($,$,#51);
#3303=PRODUCT_DEFINITION_SHAPE($,$,#52);
#3304=PRODUCT_DEFINITION_SHAPE($,$,#53);
#3305=PRODUCT_DEFINITION_SHAPE($,$,#54);
#3306=PRODUCT_DEFINITION_SHAPE($,$,#55);
#3307=PRODUCT_DEFINITION_SHAPE($,$,#56);
#3308=PRODUCT_DEFINITION_SHAPE($,$,#57);
#3309=PRODUCT_DEFINITION_SHAPE($,$,#58);
#3310=PRODUCT_DEFINITION_SHAPE($,$,#59);
#3311=PRODUCT_DEFINITION_SHAPE($,$,#60);
#3312=PRODUCT_DEFINITION_SHAPE($,$,#61);
#3313=PRODUCT_DEFINITION_SHAPE($,$,#62);
#3314=SHAPE_REPRESENTATION('',(#1962,#2150,#2151,#2152,#2153,#2154,#2155,
#2156,#2157,#2158,#2159,#2160,#2161,#2162),#3278);
#3315=SHAPE_REPRESENTATION('',(#1963),#3279);
#3316=SHAPE_REPRESENTATION('',(#1978),#3280);
#3317=SHAPE_REPRESENTATION('',(#2053),#3281);
#3318=SHAPE_REPRESENTATION('',(#2119),#3282);
#3319=SHAPE_REPRESENTATION('',(#2144),#3283);
#3320=PRODUCT_DEFINITION_CONTEXT('part definition',#3340,'design');
#3321=PRODUCT_DEFINITION('2026-07-10-00-25-43-652',
'acds_system_pyramid',#3327,#3320);
#3322=PRODUCT_DEFINITION('2026-07-10-00-25-43-652_1','baseplate',#3328,
#3320);
#3323=PRODUCT_DEFINITION('2026-07-10-00-25-43-674','flywheel (1)',#3329,
#3320);
#3324=PRODUCT_DEFINITION('2026-07-10-00-25-43-675','bracket (1)',#3330,
#3320);
#3325=PRODUCT_DEFINITION('2026-07-10-00-25-43-680','motor mounting',#3331,
#3320);
#3326=PRODUCT_DEFINITION('2026-07-10-00-25-43-682','shaft (1)',#3332,#3320);
#3327=PRODUCT_DEFINITION_FORMATION('',$,#3342);
#3328=PRODUCT_DEFINITION_FORMATION('',$,#3343);
#3329=PRODUCT_DEFINITION_FORMATION('',$,#3344);
#3330=PRODUCT_DEFINITION_FORMATION('',$,#3345);
#3331=PRODUCT_DEFINITION_FORMATION('',$,#3346);
#3332=PRODUCT_DEFINITION_FORMATION('',$,#3347);
#3333=PRODUCT_RELATED_PRODUCT_CATEGORY('acds_system_pyramid',
'acds_system_pyramid',(#3342));
#3334=PRODUCT_RELATED_PRODUCT_CATEGORY('baseplate','baseplate',(#3343));
#3335=PRODUCT_RELATED_PRODUCT_CATEGORY('flywheel (1)','flywheel (1)',(#3344));
#3336=PRODUCT_RELATED_PRODUCT_CATEGORY('bracket (1)','bracket (1)',(#3345));
#3337=PRODUCT_RELATED_PRODUCT_CATEGORY('motor mounting',
'motor mounting',(#3346));
#3338=PRODUCT_RELATED_PRODUCT_CATEGORY('shaft (1)','shaft (1)',(#3347));
#3339=APPLICATION_PROTOCOL_DEFINITION('international standard',
'automotive_design',2009,#3340);
#3340=APPLICATION_CONTEXT(
'Core Data for Automotive Mechanical Design Process');
#3341=PRODUCT_CONTEXT('part definition',#3340,'mechanical');
#3342=PRODUCT('2026-07-10-00-25-43-652','acds_system_pyramid',$,(#3341));
#3343=PRODUCT('2026-07-10-00-25-43-652_1','baseplate',$,(#3341));
#3344=PRODUCT('2026-07-10-00-25-43-674','flywheel (1)',$,(#3341));
#3345=PRODUCT('2026-07-10-00-25-43-675','bracket (1)',$,(#3341));
#3346=PRODUCT('2026-07-10-00-25-43-680','motor mounting',$,(#3341));
#3347=PRODUCT('2026-07-10-00-25-43-682','shaft (1)',$,(#3341));
#3348=PRESENTATION_STYLE_ASSIGNMENT((#3351));
#3349=PRESENTATION_STYLE_ASSIGNMENT((#3352));
#3350=PRESENTATION_STYLE_ASSIGNMENT((#3353));
#3351=SURFACE_STYLE_USAGE(.BOTH.,#3354);
#3352=SURFACE_STYLE_USAGE(.BOTH.,#3355);
#3353=SURFACE_STYLE_USAGE(.BOTH.,#3356);
#3354=SURFACE_SIDE_STYLE('',(#3357));
#3355=SURFACE_SIDE_STYLE('',(#3358));
#3356=SURFACE_SIDE_STYLE('',(#3359));
#3357=SURFACE_STYLE_FILL_AREA(#3360);
#3358=SURFACE_STYLE_FILL_AREA(#3361);
#3359=SURFACE_STYLE_FILL_AREA(#3362);
#3360=FILL_AREA_STYLE('Steel - Satin',(#3363));
#3361=FILL_AREA_STYLE('Aluminum - Satin',(#3364));
#3362=FILL_AREA_STYLE('Stainless Steel - Satin',(#3365));
#3363=FILL_AREA_STYLE_COLOUR('Steel - Satin',#3366);
#3364=FILL_AREA_STYLE_COLOUR('Aluminum - Satin',#3367);
#3365=FILL_AREA_STYLE_COLOUR('Stainless Steel - Satin',#3368);
#3366=COLOUR_RGB('Steel - Satin',0.627450980392157,0.627450980392157,0.627450980392157);
#3367=COLOUR_RGB('Aluminum - Satin',0.96078431372549,0.96078431372549,0.964705882352941);
#3368=COLOUR_RGB('Stainless Steel - Satin',0.796078431372549,0.796078431372549,
0.796078431372549);
ENDSEC;
END-ISO-10303-21;
