ISO-10303-21;
HEADER;
/* Generated by software containing ST-Developer
 * from STEP Tools, Inc. (www.steptools.com) 
 */

FILE_DESCRIPTION(
/* description */ (''),
/* implementation_level */ '2;1');

FILE_NAME(
/* name */ 'acds_system_pyramid.step',
/* time_stamp */ '2026-07-06T17:45:49+05:30',
/* author */ (''),
/* organization */ (''),
/* preprocessor_version */ 'ST-DEVELOPER v20.1',
/* originating_system */ 'Autodesk Translation Framework v15.8.0.0',
/* authorisation */ '');

FILE_SCHEMA (('AUTOMOTIVE_DESIGN { 1 0 10303 214 3 1 1 }'));
ENDSEC;

DATA;
#10=MECHANICAL_DESIGN_GEOMETRIC_PRESENTATION_REPRESENTATION('',(#249,#250,
#251,#252,#253,#254),#3902);
#11=ITEM_DEFINED_TRANSFORMATION($,$,#2314,#2543);
#12=ITEM_DEFINED_TRANSFORMATION($,$,#2333,#2544);
#13=ITEM_DEFINED_TRANSFORMATION($,$,#2384,#2545);
#14=ITEM_DEFINED_TRANSFORMATION($,$,#2409,#2546);
#15=ITEM_DEFINED_TRANSFORMATION($,$,#2415,#2547);
#16=ITEM_DEFINED_TRANSFORMATION($,$,#2333,#2548);
#17=ITEM_DEFINED_TRANSFORMATION($,$,#2384,#2549);
#18=ITEM_DEFINED_TRANSFORMATION($,$,#2409,#2550);
#19=ITEM_DEFINED_TRANSFORMATION($,$,#2415,#2551);
#20=ITEM_DEFINED_TRANSFORMATION($,$,#2333,#2552);
#21=ITEM_DEFINED_TRANSFORMATION($,$,#2384,#2553);
#22=ITEM_DEFINED_TRANSFORMATION($,$,#2409,#2554);
#23=ITEM_DEFINED_TRANSFORMATION($,$,#2415,#2555);
#24=ITEM_DEFINED_TRANSFORMATION($,$,#2333,#2556);
#25=ITEM_DEFINED_TRANSFORMATION($,$,#2384,#2557);
#26=ITEM_DEFINED_TRANSFORMATION($,$,#2409,#2558);
#27=ITEM_DEFINED_TRANSFORMATION($,$,#2415,#2559);
#28=(
REPRESENTATION_RELATIONSHIP($,$,#3937,#3936)
REPRESENTATION_RELATIONSHIP_WITH_TRANSFORMATION(#11)
SHAPE_REPRESENTATION_RELATIONSHIP()
);
#29=(
REPRESENTATION_RELATIONSHIP($,$,#3938,#3936)
REPRESENTATION_RELATIONSHIP_WITH_TRANSFORMATION(#12)
SHAPE_REPRESENTATION_RELATIONSHIP()
);
#30=(
REPRESENTATION_RELATIONSHIP($,$,#3939,#3936)
REPRESENTATION_RELATIONSHIP_WITH_TRANSFORMATION(#13)
SHAPE_REPRESENTATION_RELATIONSHIP()
);
#31=(
REPRESENTATION_RELATIONSHIP($,$,#3940,#3936)
REPRESENTATION_RELATIONSHIP_WITH_TRANSFORMATION(#14)
SHAPE_REPRESENTATION_RELATIONSHIP()
);
#32=(
REPRESENTATION_RELATIONSHIP($,$,#3941,#3936)
REPRESENTATION_RELATIONSHIP_WITH_TRANSFORMATION(#15)
SHAPE_REPRESENTATION_RELATIONSHIP()
);
#33=(
REPRESENTATION_RELATIONSHIP($,$,#3938,#3936)
REPRESENTATION_RELATIONSHIP_WITH_TRANSFORMATION(#16)
SHAPE_REPRESENTATION_RELATIONSHIP()
);
#34=(
REPRESENTATION_RELATIONSHIP($,$,#3939,#3936)
REPRESENTATION_RELATIONSHIP_WITH_TRANSFORMATION(#17)
SHAPE_REPRESENTATION_RELATIONSHIP()
);
#35=(
REPRESENTATION_RELATIONSHIP($,$,#3940,#3936)
REPRESENTATION_RELATIONSHIP_WITH_TRANSFORMATION(#18)
SHAPE_REPRESENTATION_RELATIONSHIP()
);
#36=(
REPRESENTATION_RELATIONSHIP($,$,#3941,#3936)
REPRESENTATION_RELATIONSHIP_WITH_TRANSFORMATION(#19)
SHAPE_REPRESENTATION_RELATIONSHIP()
);
#37=(
REPRESENTATION_RELATIONSHIP($,$,#3938,#3936)
REPRESENTATION_RELATIONSHIP_WITH_TRANSFORMATION(#20)
SHAPE_REPRESENTATION_RELATIONSHIP()
);
#38=(
REPRESENTATION_RELATIONSHIP($,$,#3939,#3936)
REPRESENTATION_RELATIONSHIP_WITH_TRANSFORMATION(#21)
SHAPE_REPRESENTATION_RELATIONSHIP()
);
#39=(
REPRESENTATION_RELATIONSHIP($,$,#3940,#3936)
REPRESENTATION_RELATIONSHIP_WITH_TRANSFORMATION(#22)
SHAPE_REPRESENTATION_RELATIONSHIP()
);
#40=(
REPRESENTATION_RELATIONSHIP($,$,#3941,#3936)
REPRESENTATION_RELATIONSHIP_WITH_TRANSFORMATION(#23)
SHAPE_REPRESENTATION_RELATIONSHIP()
);
#41=(
REPRESENTATION_RELATIONSHIP($,$,#3938,#3936)
REPRESENTATION_RELATIONSHIP_WITH_TRANSFORMATION(#24)
SHAPE_REPRESENTATION_RELATIONSHIP()
);
#42=(
REPRESENTATION_RELATIONSHIP($,$,#3939,#3936)
REPRESENTATION_RELATIONSHIP_WITH_TRANSFORMATION(#25)
SHAPE_REPRESENTATION_RELATIONSHIP()
);
#43=(
REPRESENTATION_RELATIONSHIP($,$,#3940,#3936)
REPRESENTATION_RELATIONSHIP_WITH_TRANSFORMATION(#26)
SHAPE_REPRESENTATION_RELATIONSHIP()
);
#44=(
REPRESENTATION_RELATIONSHIP($,$,#3941,#3936)
REPRESENTATION_RELATIONSHIP_WITH_TRANSFORMATION(#27)
SHAPE_REPRESENTATION_RELATIONSHIP()
);
#45=CONTEXT_DEPENDENT_SHAPE_REPRESENTATION(#28,#3919);
#46=CONTEXT_DEPENDENT_SHAPE_REPRESENTATION(#29,#3920);
#47=CONTEXT_DEPENDENT_SHAPE_REPRESENTATION(#30,#3921);
#48=CONTEXT_DEPENDENT_SHAPE_REPRESENTATION(#31,#3922);
#49=CONTEXT_DEPENDENT_SHAPE_REPRESENTATION(#32,#3923);
#50=CONTEXT_DEPENDENT_SHAPE_REPRESENTATION(#33,#3924);
#51=CONTEXT_DEPENDENT_SHAPE_REPRESENTATION(#34,#3925);
#52=CONTEXT_DEPENDENT_SHAPE_REPRESENTATION(#35,#3926);
#53=CONTEXT_DEPENDENT_SHAPE_REPRESENTATION(#36,#3927);
#54=CONTEXT_DEPENDENT_SHAPE_REPRESENTATION(#37,#3928);
#55=CONTEXT_DEPENDENT_SHAPE_REPRESENTATION(#38,#3929);
#56=CONTEXT_DEPENDENT_SHAPE_REPRESENTATION(#39,#3930);
#57=CONTEXT_DEPENDENT_SHAPE_REPRESENTATION(#40,#3931);
#58=CONTEXT_DEPENDENT_SHAPE_REPRESENTATION(#41,#3932);
#59=CONTEXT_DEPENDENT_SHAPE_REPRESENTATION(#42,#3933);
#60=CONTEXT_DEPENDENT_SHAPE_REPRESENTATION(#43,#3934);
#61=CONTEXT_DEPENDENT_SHAPE_REPRESENTATION(#44,#3935);
#62=NEXT_ASSEMBLY_USAGE_OCCURRENCE('baseplate:1','baseplate:1',
'baseplate:1',#3943,#3944,'baseplate:1');
#63=NEXT_ASSEMBLY_USAGE_OCCURRENCE('bracket:1','bracket:1','bracket:1',
#3943,#3945,'bracket:1');
#64=NEXT_ASSEMBLY_USAGE_OCCURRENCE('housing:1','housing:1','housing:1',
#3943,#3946,'housing:1');
#65=NEXT_ASSEMBLY_USAGE_OCCURRENCE('shaft:1','shaft:1','shaft:1',#3943,
#3947,'shaft:1');
#66=NEXT_ASSEMBLY_USAGE_OCCURRENCE('flywheel:1','flywheel:1',
'flywheel:1',#3943,#3948,'flywheel:1');
#67=NEXT_ASSEMBLY_USAGE_OCCURRENCE('bracket:2','bracket:2','bracket:2',
#3943,#3945,'bracket:2');
#68=NEXT_ASSEMBLY_USAGE_OCCURRENCE('housing:2','housing:2','housing:2',
#3943,#3946,'housing:2');
#69=NEXT_ASSEMBLY_USAGE_OCCURRENCE('shaft:2','shaft:2','shaft:2',#3943,
#3947,'shaft:2');
#70=NEXT_ASSEMBLY_USAGE_OCCURRENCE('flywheel:2','flywheel:2',
'flywheel:2',#3943,#3948,'flywheel:2');
#71=NEXT_ASSEMBLY_USAGE_OCCURRENCE('bracket:3','bracket:3','bracket:3',
#3943,#3945,'bracket:3');
#72=NEXT_ASSEMBLY_USAGE_OCCURRENCE('housing:3','housing:3','housing:3',
#3943,#3946,'housing:3');
#73=NEXT_ASSEMBLY_USAGE_OCCURRENCE('shaft:3','shaft:3','shaft:3',#3943,
#3947,'shaft:3');
#74=NEXT_ASSEMBLY_USAGE_OCCURRENCE('flywheel:3','flywheel:3',
'flywheel:3',#3943,#3948,'flywheel:3');
#75=NEXT_ASSEMBLY_USAGE_OCCURRENCE('bracket:4','bracket:4','bracket:4',
#3943,#3945,'bracket:4');
#76=NEXT_ASSEMBLY_USAGE_OCCURRENCE('housing:4','housing:4','housing:4',
#3943,#3946,'housing:4');
#77=NEXT_ASSEMBLY_USAGE_OCCURRENCE('shaft:4','shaft:4','shaft:4',#3943,
#3947,'shaft:4');
#78=NEXT_ASSEMBLY_USAGE_OCCURRENCE('flywheel:4','flywheel:4',
'flywheel:4',#3943,#3948,'flywheel:4');
#79=CIRCLE('',#2335,1.);
#80=CIRCLE('',#2336,1.);
#81=CIRCLE('',#2338,1.);
#82=CIRCLE('',#2340,1.);
#83=CIRCLE('',#2341,1.);
#84=CIRCLE('',#2342,1.);
#85=CIRCLE('',#2344,1.);
#86=CIRCLE('',#2345,1.);
#87=CIRCLE('',#2347,1.);
#88=CIRCLE('',#2348,1.);
#89=CIRCLE('',#2350,1.);
#90=CIRCLE('',#2351,1.);
#91=CIRCLE('',#2364,1.6);
#92=CIRCLE('',#2365,1.6);
#93=CIRCLE('',#2366,1.6);
#94=CIRCLE('',#2367,1.6);
#95=CIRCLE('',#2374,1.6);
#96=CIRCLE('',#2376,1.6);
#97=CIRCLE('',#2378,1.6);
#98=CIRCLE('',#2380,1.6);
#99=CIRCLE('',#2386,1.);
#100=CIRCLE('',#2387,1.);
#101=CIRCLE('',#2389,1.);
#102=CIRCLE('',#2390,1.);
#103=CIRCLE('',#2392,1.);
#104=CIRCLE('',#2393,1.);
#105=CIRCLE('',#2395,1.);
#106=CIRCLE('',#2396,1.);
#107=CIRCLE('',#2398,2.);
#108=CIRCLE('',#2399,2.);
#109=CIRCLE('',#2401,11.);
#110=CIRCLE('',#2402,11.);
#111=CIRCLE('',#2405,14.);
#112=CIRCLE('',#2406,14.);
#113=CIRCLE('',#2411,2.);
#114=CIRCLE('',#2413,2.);
#115=CIRCLE('',#2417,17.);
#116=CIRCLE('',#2418,17.);
#117=CIRCLE('',#2420,1.);
#118=CIRCLE('',#2421,1.);
#119=CIRCLE('',#2424,1.);
#120=CIRCLE('',#2425,1.);
#121=CIRCLE('',#2428,1.);
#122=CIRCLE('',#2429,1.);
#123=CIRCLE('',#2432,1.);
#124=CIRCLE('',#2433,1.);
#125=CIRCLE('',#2436,1.);
#126=CIRCLE('',#2437,1.);
#127=CIRCLE('',#2439,6.);
#128=CIRCLE('',#2440,6.);
#129=CIRCLE('',#2442,1.);
#130=CIRCLE('',#2443,1.);
#131=CIRCLE('',#2445,6.);
#132=CIRCLE('',#2446,6.);
#133=CIRCLE('',#2448,1.);
#134=CIRCLE('',#2449,1.);
#135=CIRCLE('',#2451,6.);
#136=CIRCLE('',#2452,6.);
#137=CIRCLE('',#2454,1.);
#138=CIRCLE('',#2455,1.);
#139=CIRCLE('',#2457,6.);
#140=CIRCLE('',#2458,6.);
#141=CIRCLE('',#2460,1.);
#142=CIRCLE('',#2461,1.);
#143=CIRCLE('',#2463,16.);
#144=CIRCLE('',#2464,16.);
#145=CIRCLE('',#2466,1.);
#146=CIRCLE('',#2467,1.);
#147=CIRCLE('',#2469,16.);
#148=CIRCLE('',#2470,16.);
#149=CIRCLE('',#2472,1.);
#150=CIRCLE('',#2473,1.);
#151=CIRCLE('',#2475,16.);
#152=CIRCLE('',#2476,16.);
#153=CIRCLE('',#2478,1.);
#154=CIRCLE('',#2479,1.);
#155=CIRCLE('',#2481,16.);
#156=CIRCLE('',#2482,16.);
#157=CIRCLE('',#2484,1.);
#158=CIRCLE('',#2485,1.);
#159=CIRCLE('',#2488,1.);
#160=CIRCLE('',#2489,1.);
#161=CIRCLE('',#2492,1.);
#162=CIRCLE('',#2493,1.);
#163=CIRCLE('',#2496,1.);
#164=CIRCLE('',#2497,1.);
#165=CIRCLE('',#2500,5.5);
#166=CIRCLE('',#2501,5.5);
#167=CIRCLE('',#2503,1.);
#168=CIRCLE('',#2504,1.);
#169=CIRCLE('',#2505,6.);
#170=CIRCLE('',#2506,1.);
#171=CIRCLE('',#2507,1.);
#172=CIRCLE('',#2508,16.);
#173=CIRCLE('',#2510,6.);
#174=CIRCLE('',#2512,1.);
#175=CIRCLE('',#2515,1.);
#176=CIRCLE('',#2517,1.);
#177=CIRCLE('',#2520,1.);
#178=CIRCLE('',#2522,16.);
#179=CIRCLE('',#2527,2.);
#180=CIRCLE('',#2529,5.);
#181=CIRCLE('',#2530,5.);
#182=CIRCLE('',#2533,2.);
#183=CIRCLE('',#2536,17.);
#184=CIRCLE('',#2537,17.);
#185=CIRCLE('',#2539,19.);
#186=CIRCLE('',#2540,19.);
#187=CYLINDRICAL_SURFACE('',#2334,1.);
#188=CYLINDRICAL_SURFACE('',#2339,1.);
#189=CYLINDRICAL_SURFACE('',#2346,1.);
#190=CYLINDRICAL_SURFACE('',#2349,1.);
#191=CYLINDRICAL_SURFACE('',#2373,1.6);
#192=CYLINDRICAL_SURFACE('',#2375,1.6);
#193=CYLINDRICAL_SURFACE('',#2377,1.6);
#194=CYLINDRICAL_SURFACE('',#2379,1.6);
#195=CYLINDRICAL_SURFACE('',#2385,1.);
#196=CYLINDRICAL_SURFACE('',#2388,1.);
#197=CYLINDRICAL_SURFACE('',#2391,1.);
#198=CYLINDRICAL_SURFACE('',#2394,1.);
#199=CYLINDRICAL_SURFACE('',#2397,2.);
#200=CYLINDRICAL_SURFACE('',#2400,11.);
#201=CYLINDRICAL_SURFACE('',#2404,14.);
#202=CYLINDRICAL_SURFACE('',#2414,2.);
#203=CYLINDRICAL_SURFACE('',#2416,17.);
#204=CYLINDRICAL_SURFACE('',#2419,1.);
#205=CYLINDRICAL_SURFACE('',#2423,1.);
#206=CYLINDRICAL_SURFACE('',#2427,1.);
#207=CYLINDRICAL_SURFACE('',#2431,1.);
#208=CYLINDRICAL_SURFACE('',#2435,1.);
#209=CYLINDRICAL_SURFACE('',#2438,6.);
#210=CYLINDRICAL_SURFACE('',#2441,1.);
#211=CYLINDRICAL_SURFACE('',#2444,6.);
#212=CYLINDRICAL_SURFACE('',#2447,1.);
#213=CYLINDRICAL_SURFACE('',#2450,6.);
#214=CYLINDRICAL_SURFACE('',#2453,1.);
#215=CYLINDRICAL_SURFACE('',#2456,6.);
#216=CYLINDRICAL_SURFACE('',#2459,1.);
#217=CYLINDRICAL_SURFACE('',#2462,16.);
#218=CYLINDRICAL_SURFACE('',#2465,1.);
#219=CYLINDRICAL_SURFACE('',#2468,16.);
#220=CYLINDRICAL_SURFACE('',#2471,1.);
#221=CYLINDRICAL_SURFACE('',#2474,16.);
#222=CYLINDRICAL_SURFACE('',#2477,1.);
#223=CYLINDRICAL_SURFACE('',#2480,16.);
#224=CYLINDRICAL_SURFACE('',#2483,1.);
#225=CYLINDRICAL_SURFACE('',#2487,1.);
#226=CYLINDRICAL_SURFACE('',#2491,1.);
#227=CYLINDRICAL_SURFACE('',#2495,1.);
#228=CYLINDRICAL_SURFACE('',#2499,5.5);
#229=CYLINDRICAL_SURFACE('',#2509,6.);
#230=CYLINDRICAL_SURFACE('',#2511,1.);
#231=CYLINDRICAL_SURFACE('',#2514,1.);
#232=CYLINDRICAL_SURFACE('',#2516,1.);
#233=CYLINDRICAL_SURFACE('',#2519,1.);
#234=CYLINDRICAL_SURFACE('',#2521,16.);
#235=CYLINDRICAL_SURFACE('',#2528,5.);
#236=CYLINDRICAL_SURFACE('',#2534,2.);
#237=CYLINDRICAL_SURFACE('',#2535,17.);
#238=CYLINDRICAL_SURFACE('',#2538,19.);
#239=SHAPE_REPRESENTATION_RELATIONSHIP('SRR','None',#3937,#244);
#240=SHAPE_REPRESENTATION_RELATIONSHIP('SRR','None',#3938,#245);
#241=SHAPE_REPRESENTATION_RELATIONSHIP('SRR','None',#3939,#246);
#242=SHAPE_REPRESENTATION_RELATIONSHIP('SRR','None',#3940,#247);
#243=SHAPE_REPRESENTATION_RELATIONSHIP('SRR','None',#3941,#248);
#244=ADVANCED_BREP_SHAPE_REPRESENTATION('',(#255),#3897);
#245=ADVANCED_BREP_SHAPE_REPRESENTATION('',(#256),#3898);
#246=ADVANCED_BREP_SHAPE_REPRESENTATION('',(#257),#3899);
#247=ADVANCED_BREP_SHAPE_REPRESENTATION('',(#258),#3900);
#248=ADVANCED_BREP_SHAPE_REPRESENTATION('',(#259,#260),#3901);
#249=STYLED_ITEM('',(#3971),#255);
#250=STYLED_ITEM('',(#3971),#256);
#251=STYLED_ITEM('',(#3971),#257);
#252=STYLED_ITEM('',(#3970),#258);
#253=STYLED_ITEM('',(#3971),#259);
#254=STYLED_ITEM('',(#3972),#260);
#255=MANIFOLD_SOLID_BREP('Body1',#2251);
#256=MANIFOLD_SOLID_BREP('Body1',#2252);
#257=MANIFOLD_SOLID_BREP('Body1',#2253);
#258=MANIFOLD_SOLID_BREP('Body1',#2254);
#259=MANIFOLD_SOLID_BREP('Body1',#2255);
#260=MANIFOLD_SOLID_BREP('Body2',#2256);
#261=FACE_BOUND('',#420,.T.);
#262=FACE_BOUND('',#438,.T.);
#263=FACE_BOUND('',#453,.T.);
#264=FACE_BOUND('',#454,.T.);
#265=FACE_BOUND('',#455,.T.);
#266=FACE_BOUND('',#456,.T.);
#267=FACE_BOUND('',#458,.T.);
#268=FACE_BOUND('',#462,.T.);
#269=FACE_BOUND('',#463,.T.);
#270=FACE_BOUND('',#464,.T.);
#271=FACE_BOUND('',#465,.T.);
#272=FACE_BOUND('',#478,.T.);
#273=FACE_BOUND('',#479,.T.);
#274=FACE_BOUND('',#480,.T.);
#275=FACE_BOUND('',#481,.T.);
#276=FACE_BOUND('',#489,.T.);
#277=FACE_BOUND('',#492,.T.);
#278=FACE_BOUND('',#493,.T.);
#279=FACE_BOUND('',#494,.T.);
#280=FACE_BOUND('',#495,.T.);
#281=FACE_BOUND('',#496,.T.);
#282=FACE_BOUND('',#498,.T.);
#283=FACE_BOUND('',#499,.T.);
#284=FACE_BOUND('',#500,.T.);
#285=FACE_BOUND('',#501,.T.);
#286=FACE_BOUND('',#502,.T.);
#287=FACE_BOUND('',#541,.T.);
#288=FACE_BOUND('',#542,.T.);
#289=FACE_BOUND('',#543,.T.);
#290=FACE_BOUND('',#544,.T.);
#291=FACE_BOUND('',#545,.T.);
#292=FACE_BOUND('',#546,.T.);
#293=FACE_BOUND('',#559,.T.);
#294=FACE_BOUND('',#562,.T.);
#295=FACE_BOUND('',#563,.T.);
#296=FACE_BOUND('',#564,.T.);
#297=FACE_BOUND('',#565,.T.);
#298=FACE_BOUND('',#566,.T.);
#299=FACE_BOUND('',#567,.T.);
#300=FACE_BOUND('',#569,.T.);
#301=FACE_BOUND('',#574,.T.);
#302=FACE_BOUND('',#576,.T.);
#303=FACE_OUTER_BOUND('',#419,.T.);
#304=FACE_OUTER_BOUND('',#421,.T.);
#305=FACE_OUTER_BOUND('',#422,.T.);
#306=FACE_OUTER_BOUND('',#423,.T.);
#307=FACE_OUTER_BOUND('',#424,.T.);
#308=FACE_OUTER_BOUND('',#425,.T.);
#309=FACE_OUTER_BOUND('',#426,.T.);
#310=FACE_OUTER_BOUND('',#427,.T.);
#311=FACE_OUTER_BOUND('',#428,.T.);
#312=FACE_OUTER_BOUND('',#429,.T.);
#313=FACE_OUTER_BOUND('',#430,.T.);
#314=FACE_OUTER_BOUND('',#431,.T.);
#315=FACE_OUTER_BOUND('',#432,.T.);
#316=FACE_OUTER_BOUND('',#433,.T.);
#317=FACE_OUTER_BOUND('',#434,.T.);
#318=FACE_OUTER_BOUND('',#435,.T.);
#319=FACE_OUTER_BOUND('',#436,.T.);
#320=FACE_OUTER_BOUND('',#437,.T.);
#321=FACE_OUTER_BOUND('',#439,.T.);
#322=FACE_OUTER_BOUND('',#440,.T.);
#323=FACE_OUTER_BOUND('',#441,.T.);
#324=FACE_OUTER_BOUND('',#442,.T.);
#325=FACE_OUTER_BOUND('',#443,.T.);
#326=FACE_OUTER_BOUND('',#444,.T.);
#327=FACE_OUTER_BOUND('',#445,.T.);
#328=FACE_OUTER_BOUND('',#446,.T.);
#329=FACE_OUTER_BOUND('',#447,.T.);
#330=FACE_OUTER_BOUND('',#448,.T.);
#331=FACE_OUTER_BOUND('',#449,.T.);
#332=FACE_OUTER_BOUND('',#450,.T.);
#333=FACE_OUTER_BOUND('',#451,.T.);
#334=FACE_OUTER_BOUND('',#452,.T.);
#335=FACE_OUTER_BOUND('',#457,.T.);
#336=FACE_OUTER_BOUND('',#459,.T.);
#337=FACE_OUTER_BOUND('',#460,.T.);
#338=FACE_OUTER_BOUND('',#461,.T.);
#339=FACE_OUTER_BOUND('',#466,.T.);
#340=FACE_OUTER_BOUND('',#467,.T.);
#341=FACE_OUTER_BOUND('',#468,.T.);
#342=FACE_OUTER_BOUND('',#469,.T.);
#343=FACE_OUTER_BOUND('',#470,.T.);
#344=FACE_OUTER_BOUND('',#471,.T.);
#345=FACE_OUTER_BOUND('',#472,.T.);
#346=FACE_OUTER_BOUND('',#473,.T.);
#347=FACE_OUTER_BOUND('',#474,.T.);
#348=FACE_OUTER_BOUND('',#475,.T.);
#349=FACE_OUTER_BOUND('',#476,.T.);
#350=FACE_OUTER_BOUND('',#477,.T.);
#351=FACE_OUTER_BOUND('',#482,.T.);
#352=FACE_OUTER_BOUND('',#483,.T.);
#353=FACE_OUTER_BOUND('',#484,.T.);
#354=FACE_OUTER_BOUND('',#485,.T.);
#355=FACE_OUTER_BOUND('',#486,.T.);
#356=FACE_OUTER_BOUND('',#487,.T.);
#357=FACE_OUTER_BOUND('',#488,.T.);
#358=FACE_OUTER_BOUND('',#490,.T.);
#359=FACE_OUTER_BOUND('',#491,.T.);
#360=FACE_OUTER_BOUND('',#497,.T.);
#361=FACE_OUTER_BOUND('',#503,.T.);
#362=FACE_OUTER_BOUND('',#504,.T.);
#363=FACE_OUTER_BOUND('',#505,.T.);
#364=FACE_OUTER_BOUND('',#506,.T.);
#365=FACE_OUTER_BOUND('',#507,.T.);
#366=FACE_OUTER_BOUND('',#508,.T.);
#367=FACE_OUTER_BOUND('',#509,.T.);
#368=FACE_OUTER_BOUND('',#510,.T.);
#369=FACE_OUTER_BOUND('',#511,.T.);
#370=FACE_OUTER_BOUND('',#512,.T.);
#371=FACE_OUTER_BOUND('',#513,.T.);
#372=FACE_OUTER_BOUND('',#514,.T.);
#373=FACE_OUTER_BOUND('',#515,.T.);
#374=FACE_OUTER_BOUND('',#516,.T.);
#375=FACE_OUTER_BOUND('',#517,.T.);
#376=FACE_OUTER_BOUND('',#518,.T.);
#377=FACE_OUTER_BOUND('',#519,.T.);
#378=FACE_OUTER_BOUND('',#520,.T.);
#379=FACE_OUTER_BOUND('',#521,.T.);
#380=FACE_OUTER_BOUND('',#522,.T.);
#381=FACE_OUTER_BOUND('',#523,.T.);
#382=FACE_OUTER_BOUND('',#524,.T.);
#383=FACE_OUTER_BOUND('',#525,.T.);
#384=FACE_OUTER_BOUND('',#526,.T.);
#385=FACE_OUTER_BOUND('',#527,.T.);
#386=FACE_OUTER_BOUND('',#528,.T.);
#387=FACE_OUTER_BOUND('',#529,.T.);
#388=FACE_OUTER_BOUND('',#530,.T.);
#389=FACE_OUTER_BOUND('',#531,.T.);
#390=FACE_OUTER_BOUND('',#532,.T.);
#391=FACE_OUTER_BOUND('',#533,.T.);
#392=FACE_OUTER_BOUND('',#534,.T.);
#393=FACE_OUTER_BOUND('',#535,.T.);
#394=FACE_OUTER_BOUND('',#536,.T.);
#395=FACE_OUTER_BOUND('',#537,.T.);
#396=FACE_OUTER_BOUND('',#538,.T.);
#397=FACE_OUTER_BOUND('',#539,.T.);
#398=FACE_OUTER_BOUND('',#540,.T.);
#399=FACE_OUTER_BOUND('',#547,.T.);
#400=FACE_OUTER_BOUND('',#548,.T.);
#401=FACE_OUTER_BOUND('',#549,.T.);
#402=FACE_OUTER_BOUND('',#550,.T.);
#403=FACE_OUTER_BOUND('',#551,.T.);
#404=FACE_OUTER_BOUND('',#552,.T.);
#405=FACE_OUTER_BOUND('',#553,.T.);
#406=FACE_OUTER_BOUND('',#554,.T.);
#407=FACE_OUTER_BOUND('',#555,.T.);
#408=FACE_OUTER_BOUND('',#556,.T.);
#409=FACE_OUTER_BOUND('',#557,.T.);
#410=FACE_OUTER_BOUND('',#558,.T.);
#411=FACE_OUTER_BOUND('',#560,.T.);
#412=FACE_OUTER_BOUND('',#561,.T.);
#413=FACE_OUTER_BOUND('',#568,.T.);
#414=FACE_OUTER_BOUND('',#570,.T.);
#415=FACE_OUTER_BOUND('',#571,.T.);
#416=FACE_OUTER_BOUND('',#572,.T.);
#417=FACE_OUTER_BOUND('',#573,.T.);
#418=FACE_OUTER_BOUND('',#575,.T.);
#419=EDGE_LOOP('',(#1467,#1468,#1469,#1470,#1471,#1472,#1473,#1474,#1475,
#1476,#1477,#1478));
#420=EDGE_LOOP('',(#1479,#1480,#1481,#1482));
#421=EDGE_LOOP('',(#1483,#1484,#1485,#1486));
#422=EDGE_LOOP('',(#1487,#1488,#1489,#1490));
#423=EDGE_LOOP('',(#1491,#1492,#1493,#1494));
#424=EDGE_LOOP('',(#1495,#1496,#1497,#1498));
#425=EDGE_LOOP('',(#1499,#1500,#1501,#1502));
#426=EDGE_LOOP('',(#1503,#1504,#1505,#1506));
#427=EDGE_LOOP('',(#1507,#1508,#1509,#1510));
#428=EDGE_LOOP('',(#1511,#1512,#1513,#1514));
#429=EDGE_LOOP('',(#1515,#1516,#1517,#1518));
#430=EDGE_LOOP('',(#1519,#1520,#1521,#1522));
#431=EDGE_LOOP('',(#1523,#1524,#1525,#1526));
#432=EDGE_LOOP('',(#1527,#1528,#1529,#1530));
#433=EDGE_LOOP('',(#1531,#1532,#1533,#1534));
#434=EDGE_LOOP('',(#1535,#1536,#1537,#1538));
#435=EDGE_LOOP('',(#1539,#1540,#1541,#1542));
#436=EDGE_LOOP('',(#1543,#1544,#1545,#1546));
#437=EDGE_LOOP('',(#1547,#1548,#1549,#1550,#1551,#1552,#1553,#1554,#1555,
#1556,#1557,#1558));
#438=EDGE_LOOP('',(#1559,#1560,#1561,#1562));
#439=EDGE_LOOP('',(#1563,#1564,#1565,#1566));
#440=EDGE_LOOP('',(#1567,#1568));
#441=EDGE_LOOP('',(#1569,#1570,#1571,#1572,#1573,#1574,#1575,#1576));
#442=EDGE_LOOP('',(#1577,#1578,#1579));
#443=EDGE_LOOP('',(#1580,#1581,#1582,#1583,#1584,#1585,#1586,#1587));
#444=EDGE_LOOP('',(#1588,#1589,#1590,#1591));
#445=EDGE_LOOP('',(#1592));
#446=EDGE_LOOP('',(#1593,#1594,#1595,#1596,#1597,#1598,#1599,#1600,#1601,
#1602,#1603,#1604));
#447=EDGE_LOOP('',(#1605,#1606,#1607,#1608,#1609,#1610,#1611,#1612,#1613,
#1614,#1615,#1616));
#448=EDGE_LOOP('',(#1617,#1618,#1619,#1620));
#449=EDGE_LOOP('',(#1621,#1622,#1623,#1624,#1625,#1626));
#450=EDGE_LOOP('',(#1627,#1628,#1629,#1630));
#451=EDGE_LOOP('',(#1631,#1632,#1633,#1634));
#452=EDGE_LOOP('',(#1635,#1636,#1637,#1638));
#453=EDGE_LOOP('',(#1639));
#454=EDGE_LOOP('',(#1640));
#455=EDGE_LOOP('',(#1641));
#456=EDGE_LOOP('',(#1642));
#457=EDGE_LOOP('',(#1643,#1644,#1645,#1646,#1647,#1648,#1649,#1650,#1651,
#1652,#1653,#1654,#1655));
#458=EDGE_LOOP('',(#1656));
#459=EDGE_LOOP('',(#1657,#1658,#1659,#1660));
#460=EDGE_LOOP('',(#1661,#1662,#1663));
#461=EDGE_LOOP('',(#1664,#1665,#1666,#1667,#1668,#1669,#1670,#1671));
#462=EDGE_LOOP('',(#1672));
#463=EDGE_LOOP('',(#1673));
#464=EDGE_LOOP('',(#1674));
#465=EDGE_LOOP('',(#1675));
#466=EDGE_LOOP('',(#1676,#1677,#1678,#1679));
#467=EDGE_LOOP('',(#1680,#1681,#1682));
#468=EDGE_LOOP('',(#1683,#1684,#1685,#1686));
#469=EDGE_LOOP('',(#1687,#1688,#1689,#1690,#1691,#1692));
#470=EDGE_LOOP('',(#1693,#1694,#1695,#1696));
#471=EDGE_LOOP('',(#1697,#1698,#1699,#1700));
#472=EDGE_LOOP('',(#1701,#1702,#1703,#1704));
#473=EDGE_LOOP('',(#1705,#1706,#1707,#1708));
#474=EDGE_LOOP('',(#1709,#1710,#1711,#1712));
#475=EDGE_LOOP('',(#1713,#1714,#1715,#1716));
#476=EDGE_LOOP('',(#1717,#1718,#1719,#1720));
#477=EDGE_LOOP('',(#1721,#1722,#1723,#1724));
#478=EDGE_LOOP('',(#1725));
#479=EDGE_LOOP('',(#1726));
#480=EDGE_LOOP('',(#1727));
#481=EDGE_LOOP('',(#1728));
#482=EDGE_LOOP('',(#1729,#1730,#1731,#1732));
#483=EDGE_LOOP('',(#1733,#1734,#1735,#1736));
#484=EDGE_LOOP('',(#1737,#1738,#1739,#1740));
#485=EDGE_LOOP('',(#1741,#1742,#1743,#1744));
#486=EDGE_LOOP('',(#1745,#1746,#1747,#1748));
#487=EDGE_LOOP('',(#1749,#1750,#1751,#1752));
#488=EDGE_LOOP('',(#1753));
#489=EDGE_LOOP('',(#1754));
#490=EDGE_LOOP('',(#1755,#1756,#1757,#1758));
#491=EDGE_LOOP('',(#1759));
#492=EDGE_LOOP('',(#1760));
#493=EDGE_LOOP('',(#1761));
#494=EDGE_LOOP('',(#1762));
#495=EDGE_LOOP('',(#1763));
#496=EDGE_LOOP('',(#1764));
#497=EDGE_LOOP('',(#1765));
#498=EDGE_LOOP('',(#1766));
#499=EDGE_LOOP('',(#1767));
#500=EDGE_LOOP('',(#1768));
#501=EDGE_LOOP('',(#1769));
#502=EDGE_LOOP('',(#1770));
#503=EDGE_LOOP('',(#1771));
#504=EDGE_LOOP('',(#1772));
#505=EDGE_LOOP('',(#1773,#1774,#1775,#1776));
#506=EDGE_LOOP('',(#1777,#1778,#1779,#1780));
#507=EDGE_LOOP('',(#1781,#1782,#1783,#1784));
#508=EDGE_LOOP('',(#1785,#1786,#1787,#1788));
#509=EDGE_LOOP('',(#1789,#1790,#1791,#1792));
#510=EDGE_LOOP('',(#1793,#1794,#1795,#1796));
#511=EDGE_LOOP('',(#1797,#1798,#1799,#1800));
#512=EDGE_LOOP('',(#1801,#1802,#1803,#1804));
#513=EDGE_LOOP('',(#1805,#1806,#1807,#1808));
#514=EDGE_LOOP('',(#1809,#1810,#1811,#1812));
#515=EDGE_LOOP('',(#1813,#1814,#1815,#1816));
#516=EDGE_LOOP('',(#1817,#1818,#1819,#1820));
#517=EDGE_LOOP('',(#1821,#1822,#1823,#1824));
#518=EDGE_LOOP('',(#1825,#1826,#1827,#1828));
#519=EDGE_LOOP('',(#1829,#1830,#1831,#1832));
#520=EDGE_LOOP('',(#1833,#1834,#1835,#1836));
#521=EDGE_LOOP('',(#1837,#1838,#1839,#1840));
#522=EDGE_LOOP('',(#1841,#1842,#1843,#1844));
#523=EDGE_LOOP('',(#1845,#1846,#1847,#1848));
#524=EDGE_LOOP('',(#1849,#1850,#1851,#1852));
#525=EDGE_LOOP('',(#1853,#1854,#1855,#1856));
#526=EDGE_LOOP('',(#1857,#1858,#1859,#1860));
#527=EDGE_LOOP('',(#1861,#1862,#1863,#1864));
#528=EDGE_LOOP('',(#1865,#1866,#1867,#1868));
#529=EDGE_LOOP('',(#1869,#1870,#1871,#1872));
#530=EDGE_LOOP('',(#1873,#1874,#1875,#1876));
#531=EDGE_LOOP('',(#1877,#1878,#1879,#1880));
#532=EDGE_LOOP('',(#1881,#1882,#1883,#1884));
#533=EDGE_LOOP('',(#1885,#1886,#1887,#1888));
#534=EDGE_LOOP('',(#1889,#1890,#1891,#1892));
#535=EDGE_LOOP('',(#1893,#1894,#1895,#1896));
#536=EDGE_LOOP('',(#1897,#1898,#1899,#1900));
#537=EDGE_LOOP('',(#1901,#1902,#1903,#1904));
#538=EDGE_LOOP('',(#1905,#1906,#1907,#1908));
#539=EDGE_LOOP('',(#1909,#1910,#1911,#1912));
#540=EDGE_LOOP('',(#1913));
#541=EDGE_LOOP('',(#1914,#1915,#1916,#1917,#1918,#1919,#1920,#1921));
#542=EDGE_LOOP('',(#1922));
#543=EDGE_LOOP('',(#1923,#1924,#1925,#1926,#1927,#1928,#1929,#1930));
#544=EDGE_LOOP('',(#1931,#1932,#1933,#1934,#1935,#1936,#1937,#1938));
#545=EDGE_LOOP('',(#1939,#1940,#1941,#1942,#1943,#1944,#1945,#1946));
#546=EDGE_LOOP('',(#1947,#1948,#1949,#1950,#1951,#1952,#1953,#1954));
#547=EDGE_LOOP('',(#1955,#1956,#1957,#1958));
#548=EDGE_LOOP('',(#1959,#1960,#1961,#1962));
#549=EDGE_LOOP('',(#1963,#1964,#1965,#1966));
#550=EDGE_LOOP('',(#1967,#1968,#1969,#1970));
#551=EDGE_LOOP('',(#1971,#1972,#1973,#1974));
#552=EDGE_LOOP('',(#1975,#1976,#1977,#1978));
#553=EDGE_LOOP('',(#1979,#1980,#1981,#1982));
#554=EDGE_LOOP('',(#1983,#1984,#1985,#1986));
#555=EDGE_LOOP('',(#1987,#1988,#1989,#1990));
#556=EDGE_LOOP('',(#1991,#1992,#1993,#1994));
#557=EDGE_LOOP('',(#1995,#1996,#1997,#1998));
#558=EDGE_LOOP('',(#1999));
#559=EDGE_LOOP('',(#2000,#2001,#2002,#2003));
#560=EDGE_LOOP('',(#2004,#2005,#2006,#2007));
#561=EDGE_LOOP('',(#2008));
#562=EDGE_LOOP('',(#2009));
#563=EDGE_LOOP('',(#2010,#2011,#2012,#2013,#2014,#2015,#2016,#2017));
#564=EDGE_LOOP('',(#2018,#2019,#2020,#2021,#2022,#2023,#2024,#2025));
#565=EDGE_LOOP('',(#2026,#2027,#2028,#2029,#2030,#2031,#2032,#2033));
#566=EDGE_LOOP('',(#2034,#2035,#2036,#2037,#2038,#2039,#2040,#2041));
#567=EDGE_LOOP('',(#2042,#2043,#2044,#2045,#2046,#2047,#2048,#2049));
#568=EDGE_LOOP('',(#2050));
#569=EDGE_LOOP('',(#2051,#2052,#2053,#2054));
#570=EDGE_LOOP('',(#2055,#2056,#2057,#2058));
#571=EDGE_LOOP('',(#2059,#2060,#2061,#2062));
#572=EDGE_LOOP('',(#2063,#2064,#2065,#2066));
#573=EDGE_LOOP('',(#2067));
#574=EDGE_LOOP('',(#2068));
#575=EDGE_LOOP('',(#2069));
#576=EDGE_LOOP('',(#2070));
#577=LINE('',#3253,#771);
#578=LINE('',#3255,#772);
#579=LINE('',#3257,#773);
#580=LINE('',#3259,#774);
#581=LINE('',#3261,#775);
#582=LINE('',#3263,#776);
#583=LINE('',#3265,#777);
#584=LINE('',#3267,#778);
#585=LINE('',#3269,#779);
#586=LINE('',#3271,#780);
#587=LINE('',#3273,#781);
#588=LINE('',#3274,#782);
#589=LINE('',#3277,#783);
#590=LINE('',#3279,#784);
#591=LINE('',#3281,#785);
#592=LINE('',#3282,#786);
#593=LINE('',#3285,#787);
#594=LINE('',#3287,#788);
#595=LINE('',#3288,#789);
#596=LINE('',#3291,#790);
#597=LINE('',#3292,#791);
#598=LINE('',#3295,#792);
#599=LINE('',#3296,#793);
#600=LINE('',#3298,#794);
#601=LINE('',#3301,#795);
#602=LINE('',#3303,#796);
#603=LINE('',#3304,#797);
#604=LINE('',#3307,#798);
#605=LINE('',#3308,#799);
#606=LINE('',#3311,#800);
#607=LINE('',#3312,#801);
#608=LINE('',#3315,#802);
#609=LINE('',#3316,#803);
#610=LINE('',#3319,#804);
#611=LINE('',#3320,#805);
#612=LINE('',#3323,#806);
#613=LINE('',#3324,#807);
#614=LINE('',#3327,#808);
#615=LINE('',#3328,#809);
#616=LINE('',#3331,#810);
#617=LINE('',#3332,#811);
#618=LINE('',#3335,#812);
#619=LINE('',#3336,#813);
#620=LINE('',#3339,#814);
#621=LINE('',#3340,#815);
#622=LINE('',#3343,#816);
#623=LINE('',#3344,#817);
#624=LINE('',#3346,#818);
#625=LINE('',#3353,#819);
#626=LINE('',#3358,#820);
#627=LINE('',#3364,#821);
#628=LINE('',#3367,#822);
#629=LINE('',#3369,#823);
#630=LINE('',#3374,#824);
#631=LINE('',#3381,#825);
#632=LINE('',#3383,#826);
#633=LINE('',#3386,#827);
#634=LINE('',#3391,#828);
#635=LINE('',#3396,#829);
#636=LINE('',#3398,#830);
#637=LINE('',#3400,#831);
#638=LINE('',#3402,#832);
#639=LINE('',#3404,#833);
#640=LINE('',#3406,#834);
#641=LINE('',#3408,#835);
#642=LINE('',#3410,#836);
#643=LINE('',#3411,#837);
#644=LINE('',#3414,#838);
#645=LINE('',#3416,#839);
#646=LINE('',#3418,#840);
#647=LINE('',#3420,#841);
#648=LINE('',#3422,#842);
#649=LINE('',#3424,#843);
#650=LINE('',#3426,#844);
#651=LINE('',#3428,#845);
#652=LINE('',#3429,#846);
#653=LINE('',#3433,#847);
#654=LINE('',#3435,#848);
#655=LINE('',#3437,#849);
#656=LINE('',#3438,#850);
#657=LINE('',#3440,#851);
#658=LINE('',#3442,#852);
#659=LINE('',#3444,#853);
#660=LINE('',#3445,#854);
#661=LINE('',#3446,#855);
#662=LINE('',#3449,#856);
#663=LINE('',#3451,#857);
#664=LINE('',#3452,#858);
#665=LINE('',#3454,#859);
#666=LINE('',#3455,#860);
#667=LINE('',#3458,#861);
#668=LINE('',#3461,#862);
#669=LINE('',#3463,#863);
#670=LINE('',#3464,#864);
#671=LINE('',#3467,#865);
#672=LINE('',#3468,#866);
#673=LINE('',#3471,#867);
#674=LINE('',#3473,#868);
#675=LINE('',#3474,#869);
#676=LINE('',#3475,#870);
#677=LINE('',#3486,#871);
#678=LINE('',#3487,#872);
#679=LINE('',#3489,#873);
#680=LINE('',#3491,#874);
#681=LINE('',#3494,#875);
#682=LINE('',#3497,#876);
#683=LINE('',#3501,#877);
#684=LINE('',#3505,#878);
#685=LINE('',#3509,#879);
#686=LINE('',#3512,#880);
#687=LINE('',#3514,#881);
#688=LINE('',#3521,#882);
#689=LINE('',#3527,#883);
#690=LINE('',#3533,#884);
#691=LINE('',#3539,#885);
#692=LINE('',#3545,#886);
#693=LINE('',#3551,#887);
#694=LINE('',#3558,#888);
#695=LINE('',#3570,#889);
#696=LINE('',#3576,#890);
#697=LINE('',#3583,#891);
#698=LINE('',#3586,#892);
#699=LINE('',#3589,#893);
#700=LINE('',#3591,#894);
#701=LINE('',#3592,#895);
#702=LINE('',#3598,#896);
#703=LINE('',#3601,#897);
#704=LINE('',#3604,#898);
#705=LINE('',#3606,#899);
#706=LINE('',#3607,#900);
#707=LINE('',#3613,#901);
#708=LINE('',#3616,#902);
#709=LINE('',#3619,#903);
#710=LINE('',#3621,#904);
#711=LINE('',#3622,#905);
#712=LINE('',#3628,#906);
#713=LINE('',#3631,#907);
#714=LINE('',#3634,#908);
#715=LINE('',#3636,#909);
#716=LINE('',#3637,#910);
#717=LINE('',#3643,#911);
#718=LINE('',#3646,#912);
#719=LINE('',#3655,#913);
#720=LINE('',#3658,#914);
#721=LINE('',#3667,#915);
#722=LINE('',#3670,#916);
#723=LINE('',#3679,#917);
#724=LINE('',#3682,#918);
#725=LINE('',#3690,#919);
#726=LINE('',#3696,#920);
#727=LINE('',#3702,#921);
#728=LINE('',#3708,#922);
#729=LINE('',#3714,#923);
#730=LINE('',#3720,#924);
#731=LINE('',#3726,#925);
#732=LINE('',#3732,#926);
#733=LINE('',#3738,#927);
#734=LINE('',#3741,#928);
#735=LINE('',#3742,#929);
#736=LINE('',#3747,#930);
#737=LINE('',#3750,#931);
#738=LINE('',#3751,#932);
#739=LINE('',#3756,#933);
#740=LINE('',#3759,#934);
#741=LINE('',#3760,#935);
#742=LINE('',#3765,#936);
#743=LINE('',#3768,#937);
#744=LINE('',#3769,#938);
#745=LINE('',#3774,#939);
#746=LINE('',#3781,#940);
#747=LINE('',#3789,#941);
#748=LINE('',#3795,#942);
#749=LINE('',#3798,#943);
#750=LINE('',#3801,#944);
#751=LINE('',#3805,#945);
#752=LINE('',#3806,#946);
#753=LINE('',#3809,#947);
#754=LINE('',#3814,#948);
#755=LINE('',#3817,#949);
#756=LINE('',#3818,#950);
#757=LINE('',#3822,#951);
#758=LINE('',#3828,#952);
#759=LINE('',#3830,#953);
#760=LINE('',#3832,#954);
#761=LINE('',#3833,#955);
#762=LINE('',#3836,#956);
#763=LINE('',#3838,#957);
#764=LINE('',#3839,#958);
#765=LINE('',#3842,#959);
#766=LINE('',#3844,#960);
#767=LINE('',#3845,#961);
#768=LINE('',#3852,#962);
#769=LINE('',#3862,#963);
#770=LINE('',#3868,#964);
#771=VECTOR('',#2566,10.);
#772=VECTOR('',#2567,10.);
#773=VECTOR('',#2568,10.);
#774=VECTOR('',#2569,10.);
#775=VECTOR('',#2570,10.);
#776=VECTOR('',#2571,10.);
#777=VECTOR('',#2572,10.);
#778=VECTOR('',#2573,10.);
#779=VECTOR('',#2574,10.);
#780=VECTOR('',#2575,10.);
#781=VECTOR('',#2576,10.);
#782=VECTOR('',#2577,10.);
#783=VECTOR('',#2578,10.);
#784=VECTOR('',#2579,10.);
#785=VECTOR('',#2580,10.);
#786=VECTOR('',#2581,10.);
#787=VECTOR('',#2584,10.);
#788=VECTOR('',#2585,10.);
#789=VECTOR('',#2586,10.);
#790=VECTOR('',#2589,10.);
#791=VECTOR('',#2590,10.);
#792=VECTOR('',#2593,10.);
#793=VECTOR('',#2594,10.);
#794=VECTOR('',#2597,10.);
#795=VECTOR('',#2600,10.);
#796=VECTOR('',#2601,10.);
#797=VECTOR('',#2602,10.);
#798=VECTOR('',#2605,10.);
#799=VECTOR('',#2606,10.);
#800=VECTOR('',#2609,10.);
#801=VECTOR('',#2610,10.);
#802=VECTOR('',#2613,10.);
#803=VECTOR('',#2614,10.);
#804=VECTOR('',#2617,10.);
#805=VECTOR('',#2618,10.);
#806=VECTOR('',#2621,10.);
#807=VECTOR('',#2622,10.);
#808=VECTOR('',#2625,10.);
#809=VECTOR('',#2626,10.);
#810=VECTOR('',#2629,10.);
#811=VECTOR('',#2630,10.);
#812=VECTOR('',#2633,10.);
#813=VECTOR('',#2634,10.);
#814=VECTOR('',#2637,10.);
#815=VECTOR('',#2638,10.);
#816=VECTOR('',#2641,10.);
#817=VECTOR('',#2642,10.);
#818=VECTOR('',#2645,10.);
#819=VECTOR('',#2654,1.);
#820=VECTOR('',#2659,10.);
#821=VECTOR('',#2666,1.);
#822=VECTOR('',#2669,10.);
#823=VECTOR('',#2670,10.);
#824=VECTOR('',#2675,10.);
#825=VECTOR('',#2684,1.);
#826=VECTOR('',#2685,10.);
#827=VECTOR('',#2688,10.);
#828=VECTOR('',#2693,1.);
#829=VECTOR('',#2700,10.);
#830=VECTOR('',#2701,10.);
#831=VECTOR('',#2702,10.);
#832=VECTOR('',#2703,10.);
#833=VECTOR('',#2704,10.);
#834=VECTOR('',#2705,10.);
#835=VECTOR('',#2706,10.);
#836=VECTOR('',#2707,10.);
#837=VECTOR('',#2708,10.);
#838=VECTOR('',#2711,10.);
#839=VECTOR('',#2712,10.);
#840=VECTOR('',#2713,10.);
#841=VECTOR('',#2714,10.);
#842=VECTOR('',#2715,10.);
#843=VECTOR('',#2716,10.);
#844=VECTOR('',#2717,10.);
#845=VECTOR('',#2718,10.);
#846=VECTOR('',#2719,10.);
#847=VECTOR('',#2722,10.);
#848=VECTOR('',#2723,10.);
#849=VECTOR('',#2724,10.);
#850=VECTOR('',#2725,10.);
#851=VECTOR('',#2728,10.);
#852=VECTOR('',#2729,10.);
#853=VECTOR('',#2730,10.);
#854=VECTOR('',#2731,10.);
#855=VECTOR('',#2732,10.);
#856=VECTOR('',#2735,10.);
#857=VECTOR('',#2736,10.);
#858=VECTOR('',#2737,10.);
#859=VECTOR('',#2740,10.);
#860=VECTOR('',#2741,10.);
#861=VECTOR('',#2746,10.);
#862=VECTOR('',#2749,10.);
#863=VECTOR('',#2750,10.);
#864=VECTOR('',#2751,10.);
#865=VECTOR('',#2754,10.);
#866=VECTOR('',#2755,10.);
#867=VECTOR('',#2758,10.);
#868=VECTOR('',#2759,10.);
#869=VECTOR('',#2760,10.);
#870=VECTOR('',#2761,10.);
#871=VECTOR('',#2772,10.);
#872=VECTOR('',#2773,10.);
#873=VECTOR('',#2776,10.);
#874=VECTOR('',#2779,10.);
#875=VECTOR('',#2784,10.);
#876=VECTOR('',#2787,1.6);
#877=VECTOR('',#2792,1.6);
#878=VECTOR('',#2797,1.6);
#879=VECTOR('',#2802,1.6);
#880=VECTOR('',#2807,10.);
#881=VECTOR('',#2810,10.);
#882=VECTOR('',#2819,1.);
#883=VECTOR('',#2826,1.);
#884=VECTOR('',#2833,1.);
#885=VECTOR('',#2840,1.);
#886=VECTOR('',#2847,2.);
#887=VECTOR('',#2854,11.);
#888=VECTOR('',#2863,14.);
#889=VECTOR('',#2882,2.);
#890=VECTOR('',#2889,17.);
#891=VECTOR('',#2896,10.);
#892=VECTOR('',#2899,10.);
#893=VECTOR('',#2902,10.);
#894=VECTOR('',#2903,10.);
#895=VECTOR('',#2904,10.);
#896=VECTOR('',#2909,10.);
#897=VECTOR('',#2912,10.);
#898=VECTOR('',#2915,10.);
#899=VECTOR('',#2916,10.);
#900=VECTOR('',#2917,10.);
#901=VECTOR('',#2922,10.);
#902=VECTOR('',#2925,10.);
#903=VECTOR('',#2928,10.);
#904=VECTOR('',#2929,10.);
#905=VECTOR('',#2930,10.);
#906=VECTOR('',#2935,10.);
#907=VECTOR('',#2938,10.);
#908=VECTOR('',#2941,10.);
#909=VECTOR('',#2942,10.);
#910=VECTOR('',#2943,10.);
#911=VECTOR('',#2948,10.);
#912=VECTOR('',#2951,10.);
#913=VECTOR('',#2962,10.);
#914=VECTOR('',#2965,10.);
#915=VECTOR('',#2976,10.);
#916=VECTOR('',#2979,10.);
#917=VECTOR('',#2990,10.);
#918=VECTOR('',#2993,10.);
#919=VECTOR('',#3004,10.);
#920=VECTOR('',#3011,10.);
#921=VECTOR('',#3018,10.);
#922=VECTOR('',#3025,10.);
#923=VECTOR('',#3032,10.);
#924=VECTOR('',#3039,10.);
#925=VECTOR('',#3046,10.);
#926=VECTOR('',#3053,10.);
#927=VECTOR('',#3060,10.);
#928=VECTOR('',#3065,10.);
#929=VECTOR('',#3066,10.);
#930=VECTOR('',#3071,10.);
#931=VECTOR('',#3076,10.);
#932=VECTOR('',#3077,10.);
#933=VECTOR('',#3082,10.);
#934=VECTOR('',#3087,10.);
#935=VECTOR('',#3088,10.);
#936=VECTOR('',#3093,10.);
#937=VECTOR('',#3098,10.);
#938=VECTOR('',#3099,10.);
#939=VECTOR('',#3104,5.5);
#940=VECTOR('',#3111,10.);
#941=VECTOR('',#3118,10.);
#942=VECTOR('',#3125,10.);
#943=VECTOR('',#3128,10.);
#944=VECTOR('',#3131,10.);
#945=VECTOR('',#3136,10.);
#946=VECTOR('',#3137,10.);
#947=VECTOR('',#3140,10.);
#948=VECTOR('',#3147,10.);
#949=VECTOR('',#3150,10.);
#950=VECTOR('',#3151,10.);
#951=VECTOR('',#3156,10.);
#952=VECTOR('',#3163,10.);
#953=VECTOR('',#3164,10.);
#954=VECTOR('',#3165,10.);
#955=VECTOR('',#3166,10.);
#956=VECTOR('',#3169,10.);
#957=VECTOR('',#3170,10.);
#958=VECTOR('',#3171,10.);
#959=VECTOR('',#3174,10.);
#960=VECTOR('',#3175,10.);
#961=VECTOR('',#3176,10.);
#962=VECTOR('',#3185,5.);
#963=VECTOR('',#3200,17.);
#964=VECTOR('',#3207,19.);
#965=VERTEX_POINT('',#3251);
#966=VERTEX_POINT('',#3252);
#967=VERTEX_POINT('',#3254);
#968=VERTEX_POINT('',#3256);
#969=VERTEX_POINT('',#3258);
#970=VERTEX_POINT('',#3260);
#971=VERTEX_POINT('',#3262);
#972=VERTEX_POINT('',#3264);
#973=VERTEX_POINT('',#3266);
#974=VERTEX_POINT('',#3268);
#975=VERTEX_POINT('',#3270);
#976=VERTEX_POINT('',#3272);
#977=VERTEX_POINT('',#3275);
#978=VERTEX_POINT('',#3276);
#979=VERTEX_POINT('',#3278);
#980=VERTEX_POINT('',#3280);
#981=VERTEX_POINT('',#3284);
#982=VERTEX_POINT('',#3286);
#983=VERTEX_POINT('',#3290);
#984=VERTEX_POINT('',#3294);
#985=VERTEX_POINT('',#3300);
#986=VERTEX_POINT('',#3302);
#987=VERTEX_POINT('',#3306);
#988=VERTEX_POINT('',#3310);
#989=VERTEX_POINT('',#3314);
#990=VERTEX_POINT('',#3318);
#991=VERTEX_POINT('',#3322);
#992=VERTEX_POINT('',#3326);
#993=VERTEX_POINT('',#3330);
#994=VERTEX_POINT('',#3334);
#995=VERTEX_POINT('',#3338);
#996=VERTEX_POINT('',#3342);
#997=VERTEX_POINT('',#3350);
#998=VERTEX_POINT('',#3352);
#999=VERTEX_POINT('',#3356);
#1000=VERTEX_POINT('',#3357);
#1001=VERTEX_POINT('',#3361);
#1002=VERTEX_POINT('',#3363);
#1003=VERTEX_POINT('',#3365);
#1004=VERTEX_POINT('',#3368);
#1005=VERTEX_POINT('',#3372);
#1006=VERTEX_POINT('',#3373);
#1007=VERTEX_POINT('',#3375);
#1008=VERTEX_POINT('',#3379);
#1009=VERTEX_POINT('',#3382);
#1010=VERTEX_POINT('',#3384);
#1011=VERTEX_POINT('',#3388);
#1012=VERTEX_POINT('',#3390);
#1013=VERTEX_POINT('',#3395);
#1014=VERTEX_POINT('',#3397);
#1015=VERTEX_POINT('',#3399);
#1016=VERTEX_POINT('',#3401);
#1017=VERTEX_POINT('',#3403);
#1018=VERTEX_POINT('',#3405);
#1019=VERTEX_POINT('',#3407);
#1020=VERTEX_POINT('',#3409);
#1021=VERTEX_POINT('',#3413);
#1022=VERTEX_POINT('',#3415);
#1023=VERTEX_POINT('',#3417);
#1024=VERTEX_POINT('',#3419);
#1025=VERTEX_POINT('',#3421);
#1026=VERTEX_POINT('',#3423);
#1027=VERTEX_POINT('',#3425);
#1028=VERTEX_POINT('',#3427);
#1029=VERTEX_POINT('',#3431);
#1030=VERTEX_POINT('',#3432);
#1031=VERTEX_POINT('',#3434);
#1032=VERTEX_POINT('',#3436);
#1033=VERTEX_POINT('',#3441);
#1034=VERTEX_POINT('',#3443);
#1035=VERTEX_POINT('',#3448);
#1036=VERTEX_POINT('',#3450);
#1037=VERTEX_POINT('',#3460);
#1038=VERTEX_POINT('',#3462);
#1039=VERTEX_POINT('',#3466);
#1040=VERTEX_POINT('',#3470);
#1041=VERTEX_POINT('',#3472);
#1042=VERTEX_POINT('',#3476);
#1043=VERTEX_POINT('',#3478);
#1044=VERTEX_POINT('',#3480);
#1045=VERTEX_POINT('',#3482);
#1046=VERTEX_POINT('',#3485);
#1047=VERTEX_POINT('',#3496);
#1048=VERTEX_POINT('',#3500);
#1049=VERTEX_POINT('',#3504);
#1050=VERTEX_POINT('',#3508);
#1051=VERTEX_POINT('',#3518);
#1052=VERTEX_POINT('',#3520);
#1053=VERTEX_POINT('',#3524);
#1054=VERTEX_POINT('',#3526);
#1055=VERTEX_POINT('',#3530);
#1056=VERTEX_POINT('',#3532);
#1057=VERTEX_POINT('',#3536);
#1058=VERTEX_POINT('',#3538);
#1059=VERTEX_POINT('',#3542);
#1060=VERTEX_POINT('',#3544);
#1061=VERTEX_POINT('',#3548);
#1062=VERTEX_POINT('',#3550);
#1063=VERTEX_POINT('',#3555);
#1064=VERTEX_POINT('',#3557);
#1065=VERTEX_POINT('',#3564);
#1066=VERTEX_POINT('',#3567);
#1067=VERTEX_POINT('',#3573);
#1068=VERTEX_POINT('',#3575);
#1069=VERTEX_POINT('',#3579);
#1070=VERTEX_POINT('',#3580);
#1071=VERTEX_POINT('',#3582);
#1072=VERTEX_POINT('',#3584);
#1073=VERTEX_POINT('',#3588);
#1074=VERTEX_POINT('',#3590);
#1075=VERTEX_POINT('',#3594);
#1076=VERTEX_POINT('',#3595);
#1077=VERTEX_POINT('',#3597);
#1078=VERTEX_POINT('',#3599);
#1079=VERTEX_POINT('',#3603);
#1080=VERTEX_POINT('',#3605);
#1081=VERTEX_POINT('',#3609);
#1082=VERTEX_POINT('',#3610);
#1083=VERTEX_POINT('',#3612);
#1084=VERTEX_POINT('',#3614);
#1085=VERTEX_POINT('',#3618);
#1086=VERTEX_POINT('',#3620);
#1087=VERTEX_POINT('',#3624);
#1088=VERTEX_POINT('',#3625);
#1089=VERTEX_POINT('',#3627);
#1090=VERTEX_POINT('',#3629);
#1091=VERTEX_POINT('',#3633);
#1092=VERTEX_POINT('',#3635);
#1093=VERTEX_POINT('',#3639);
#1094=VERTEX_POINT('',#3640);
#1095=VERTEX_POINT('',#3642);
#1096=VERTEX_POINT('',#3644);
#1097=VERTEX_POINT('',#3651);
#1098=VERTEX_POINT('',#3652);
#1099=VERTEX_POINT('',#3654);
#1100=VERTEX_POINT('',#3656);
#1101=VERTEX_POINT('',#3663);
#1102=VERTEX_POINT('',#3664);
#1103=VERTEX_POINT('',#3666);
#1104=VERTEX_POINT('',#3668);
#1105=VERTEX_POINT('',#3675);
#1106=VERTEX_POINT('',#3676);
#1107=VERTEX_POINT('',#3678);
#1108=VERTEX_POINT('',#3680);
#1109=VERTEX_POINT('',#3687);
#1110=VERTEX_POINT('',#3689);
#1111=VERTEX_POINT('',#3693);
#1112=VERTEX_POINT('',#3695);
#1113=VERTEX_POINT('',#3699);
#1114=VERTEX_POINT('',#3701);
#1115=VERTEX_POINT('',#3705);
#1116=VERTEX_POINT('',#3707);
#1117=VERTEX_POINT('',#3711);
#1118=VERTEX_POINT('',#3713);
#1119=VERTEX_POINT('',#3717);
#1120=VERTEX_POINT('',#3719);
#1121=VERTEX_POINT('',#3723);
#1122=VERTEX_POINT('',#3725);
#1123=VERTEX_POINT('',#3729);
#1124=VERTEX_POINT('',#3731);
#1125=VERTEX_POINT('',#3735);
#1126=VERTEX_POINT('',#3737);
#1127=VERTEX_POINT('',#3744);
#1128=VERTEX_POINT('',#3746);
#1129=VERTEX_POINT('',#3753);
#1130=VERTEX_POINT('',#3755);
#1131=VERTEX_POINT('',#3762);
#1132=VERTEX_POINT('',#3764);
#1133=VERTEX_POINT('',#3771);
#1134=VERTEX_POINT('',#3773);
#1135=VERTEX_POINT('',#3777);
#1136=VERTEX_POINT('',#3778);
#1137=VERTEX_POINT('',#3780);
#1138=VERTEX_POINT('',#3782);
#1139=VERTEX_POINT('',#3784);
#1140=VERTEX_POINT('',#3786);
#1141=VERTEX_POINT('',#3788);
#1142=VERTEX_POINT('',#3790);
#1143=VERTEX_POINT('',#3794);
#1144=VERTEX_POINT('',#3796);
#1145=VERTEX_POINT('',#3800);
#1146=VERTEX_POINT('',#3804);
#1147=VERTEX_POINT('',#3808);
#1148=VERTEX_POINT('',#3812);
#1149=VERTEX_POINT('',#3816);
#1150=VERTEX_POINT('',#3820);
#1151=VERTEX_POINT('',#3826);
#1152=VERTEX_POINT('',#3827);
#1153=VERTEX_POINT('',#3829);
#1154=VERTEX_POINT('',#3831);
#1155=VERTEX_POINT('',#3835);
#1156=VERTEX_POINT('',#3837);
#1157=VERTEX_POINT('',#3841);
#1158=VERTEX_POINT('',#3843);
#1159=VERTEX_POINT('',#3849);
#1160=VERTEX_POINT('',#3851);
#1161=VERTEX_POINT('',#3859);
#1162=VERTEX_POINT('',#3861);
#1163=VERTEX_POINT('',#3865);
#1164=VERTEX_POINT('',#3867);
#1165=EDGE_CURVE('',#965,#966,#577,.T.);
#1166=EDGE_CURVE('',#966,#967,#578,.T.);
#1167=EDGE_CURVE('',#967,#968,#579,.T.);
#1168=EDGE_CURVE('',#968,#969,#580,.T.);
#1169=EDGE_CURVE('',#969,#970,#581,.T.);
#1170=EDGE_CURVE('',#970,#971,#582,.T.);
#1171=EDGE_CURVE('',#971,#972,#583,.T.);
#1172=EDGE_CURVE('',#972,#973,#584,.T.);
#1173=EDGE_CURVE('',#973,#974,#585,.T.);
#1174=EDGE_CURVE('',#974,#975,#586,.T.);
#1175=EDGE_CURVE('',#975,#976,#587,.T.);
#1176=EDGE_CURVE('',#976,#965,#588,.T.);
#1177=EDGE_CURVE('',#977,#978,#589,.T.);
#1178=EDGE_CURVE('',#978,#979,#590,.T.);
#1179=EDGE_CURVE('',#979,#980,#591,.T.);
#1180=EDGE_CURVE('',#980,#977,#592,.T.);
#1181=EDGE_CURVE('',#981,#978,#593,.T.);
#1182=EDGE_CURVE('',#982,#981,#594,.T.);
#1183=EDGE_CURVE('',#979,#982,#595,.T.);
#1184=EDGE_CURVE('',#983,#982,#596,.T.);
#1185=EDGE_CURVE('',#980,#983,#597,.T.);
#1186=EDGE_CURVE('',#984,#983,#598,.T.);
#1187=EDGE_CURVE('',#977,#984,#599,.T.);
#1188=EDGE_CURVE('',#981,#984,#600,.T.);
#1189=EDGE_CURVE('',#985,#966,#601,.T.);
#1190=EDGE_CURVE('',#986,#985,#602,.T.);
#1191=EDGE_CURVE('',#967,#986,#603,.T.);
#1192=EDGE_CURVE('',#987,#986,#604,.T.);
#1193=EDGE_CURVE('',#968,#987,#605,.T.);
#1194=EDGE_CURVE('',#988,#987,#606,.T.);
#1195=EDGE_CURVE('',#969,#988,#607,.T.);
#1196=EDGE_CURVE('',#989,#988,#608,.T.);
#1197=EDGE_CURVE('',#970,#989,#609,.T.);
#1198=EDGE_CURVE('',#990,#989,#610,.T.);
#1199=EDGE_CURVE('',#971,#990,#611,.T.);
#1200=EDGE_CURVE('',#991,#990,#612,.T.);
#1201=EDGE_CURVE('',#972,#991,#613,.T.);
#1202=EDGE_CURVE('',#992,#991,#614,.T.);
#1203=EDGE_CURVE('',#973,#992,#615,.T.);
#1204=EDGE_CURVE('',#993,#992,#616,.T.);
#1205=EDGE_CURVE('',#974,#993,#617,.T.);
#1206=EDGE_CURVE('',#994,#993,#618,.T.);
#1207=EDGE_CURVE('',#975,#994,#619,.T.);
#1208=EDGE_CURVE('',#995,#994,#620,.T.);
#1209=EDGE_CURVE('',#976,#995,#621,.T.);
#1210=EDGE_CURVE('',#996,#995,#622,.T.);
#1211=EDGE_CURVE('',#965,#996,#623,.T.);
#1212=EDGE_CURVE('',#985,#996,#624,.T.);
#1213=EDGE_CURVE('',#997,#997,#79,.T.);
#1214=EDGE_CURVE('',#997,#998,#625,.T.);
#1215=EDGE_CURVE('',#998,#998,#80,.T.);
#1216=EDGE_CURVE('',#999,#1000,#626,.T.);
#1217=EDGE_CURVE('',#1000,#999,#81,.T.);
#1218=EDGE_CURVE('',#1001,#1001,#82,.T.);
#1219=EDGE_CURVE('',#1001,#1002,#627,.T.);
#1220=EDGE_CURVE('',#1003,#1002,#83,.T.);
#1221=EDGE_CURVE('',#1000,#1003,#628,.T.);
#1222=EDGE_CURVE('',#1004,#999,#629,.T.);
#1223=EDGE_CURVE('',#1002,#1004,#84,.T.);
#1224=EDGE_CURVE('',#1005,#1006,#630,.T.);
#1225=EDGE_CURVE('',#1007,#1005,#85,.T.);
#1226=EDGE_CURVE('',#1006,#1007,#86,.T.);
#1227=EDGE_CURVE('',#1008,#1008,#87,.T.);
#1228=EDGE_CURVE('',#1008,#1007,#631,.T.);
#1229=EDGE_CURVE('',#1009,#1005,#632,.T.);
#1230=EDGE_CURVE('',#1010,#1009,#88,.T.);
#1231=EDGE_CURVE('',#1006,#1010,#633,.T.);
#1232=EDGE_CURVE('',#1011,#1011,#89,.T.);
#1233=EDGE_CURVE('',#1011,#1012,#634,.T.);
#1234=EDGE_CURVE('',#1012,#1012,#90,.T.);
#1235=EDGE_CURVE('',#1013,#1003,#635,.T.);
#1236=EDGE_CURVE('',#1013,#1014,#636,.T.);
#1237=EDGE_CURVE('',#1014,#1015,#637,.T.);
#1238=EDGE_CURVE('',#1016,#1015,#638,.T.);
#1239=EDGE_CURVE('',#1017,#1016,#639,.T.);
#1240=EDGE_CURVE('',#1017,#1018,#640,.T.);
#1241=EDGE_CURVE('',#1018,#1019,#641,.T.);
#1242=EDGE_CURVE('',#1020,#1019,#642,.T.);
#1243=EDGE_CURVE('',#1004,#1020,#643,.T.);
#1244=EDGE_CURVE('',#1021,#1010,#644,.T.);
#1245=EDGE_CURVE('',#1022,#1021,#645,.T.);
#1246=EDGE_CURVE('',#1023,#1022,#646,.T.);
#1247=EDGE_CURVE('',#1023,#1024,#647,.T.);
#1248=EDGE_CURVE('',#1024,#1025,#648,.T.);
#1249=EDGE_CURVE('',#1026,#1025,#649,.T.);
#1250=EDGE_CURVE('',#1027,#1026,#650,.T.);
#1251=EDGE_CURVE('',#1028,#1027,#651,.T.);
#1252=EDGE_CURVE('',#1009,#1028,#652,.T.);
#1253=EDGE_CURVE('',#1029,#1030,#653,.T.);
#1254=EDGE_CURVE('',#1029,#1031,#654,.T.);
#1255=EDGE_CURVE('',#1032,#1031,#655,.T.);
#1256=EDGE_CURVE('',#1030,#1032,#656,.T.);
#1257=EDGE_CURVE('',#1030,#1021,#657,.T.);
#1258=EDGE_CURVE('',#1033,#1032,#658,.T.);
#1259=EDGE_CURVE('',#1034,#1033,#659,.T.);
#1260=EDGE_CURVE('',#1020,#1034,#660,.T.);
#1261=EDGE_CURVE('',#1021,#1020,#661,.T.);
#1262=EDGE_CURVE('',#1034,#1035,#662,.T.);
#1263=EDGE_CURVE('',#1036,#1033,#663,.T.);
#1264=EDGE_CURVE('',#1035,#1036,#664,.T.);
#1265=EDGE_CURVE('',#1035,#1029,#665,.T.);
#1266=EDGE_CURVE('',#1031,#1036,#666,.T.);
#1267=EDGE_CURVE('',#1028,#1013,#667,.T.);
#1268=EDGE_CURVE('',#1014,#1037,#668,.T.);
#1269=EDGE_CURVE('',#1037,#1038,#669,.T.);
#1270=EDGE_CURVE('',#1015,#1038,#670,.T.);
#1271=EDGE_CURVE('',#1038,#1039,#671,.T.);
#1272=EDGE_CURVE('',#1039,#1037,#672,.T.);
#1273=EDGE_CURVE('',#1039,#1040,#673,.T.);
#1274=EDGE_CURVE('',#1040,#1041,#674,.T.);
#1275=EDGE_CURVE('',#1041,#1026,#675,.T.);
#1276=EDGE_CURVE('',#1025,#1016,#676,.T.);
#1277=EDGE_CURVE('',#1042,#1042,#91,.T.);
#1278=EDGE_CURVE('',#1043,#1043,#92,.T.);
#1279=EDGE_CURVE('',#1044,#1044,#93,.T.);
#1280=EDGE_CURVE('',#1045,#1045,#94,.T.);
#1281=EDGE_CURVE('',#1046,#1041,#677,.T.);
#1282=EDGE_CURVE('',#1046,#1027,#678,.T.);
#1283=EDGE_CURVE('',#1046,#1040,#679,.T.);
#1284=EDGE_CURVE('',#1037,#1046,#680,.T.);
#1285=EDGE_CURVE('',#1019,#1022,#681,.T.);
#1286=EDGE_CURVE('',#1045,#1047,#682,.T.);
#1287=EDGE_CURVE('',#1047,#1047,#95,.T.);
#1288=EDGE_CURVE('',#1044,#1048,#683,.T.);
#1289=EDGE_CURVE('',#1048,#1048,#96,.T.);
#1290=EDGE_CURVE('',#1043,#1049,#684,.T.);
#1291=EDGE_CURVE('',#1049,#1049,#97,.T.);
#1292=EDGE_CURVE('',#1042,#1050,#685,.T.);
#1293=EDGE_CURVE('',#1050,#1050,#98,.T.);
#1294=EDGE_CURVE('',#1018,#1023,#686,.T.);
#1295=EDGE_CURVE('',#1024,#1017,#687,.T.);
#1296=EDGE_CURVE('',#1051,#1051,#99,.T.);
#1297=EDGE_CURVE('',#1051,#1052,#688,.T.);
#1298=EDGE_CURVE('',#1052,#1052,#100,.T.);
#1299=EDGE_CURVE('',#1053,#1053,#101,.T.);
#1300=EDGE_CURVE('',#1053,#1054,#689,.T.);
#1301=EDGE_CURVE('',#1054,#1054,#102,.T.);
#1302=EDGE_CURVE('',#1055,#1055,#103,.T.);
#1303=EDGE_CURVE('',#1055,#1056,#690,.T.);
#1304=EDGE_CURVE('',#1056,#1056,#104,.T.);
#1305=EDGE_CURVE('',#1057,#1057,#105,.T.);
#1306=EDGE_CURVE('',#1057,#1058,#691,.T.);
#1307=EDGE_CURVE('',#1058,#1058,#106,.T.);
#1308=EDGE_CURVE('',#1059,#1059,#107,.T.);
#1309=EDGE_CURVE('',#1059,#1060,#692,.T.);
#1310=EDGE_CURVE('',#1060,#1060,#108,.T.);
#1311=EDGE_CURVE('',#1061,#1061,#109,.T.);
#1312=EDGE_CURVE('',#1061,#1062,#693,.T.);
#1313=EDGE_CURVE('',#1062,#1062,#110,.T.);
#1314=EDGE_CURVE('',#1063,#1063,#111,.T.);
#1315=EDGE_CURVE('',#1063,#1064,#694,.T.);
#1316=EDGE_CURVE('',#1064,#1064,#112,.T.);
#1317=EDGE_CURVE('',#1065,#1065,#113,.T.);
#1318=EDGE_CURVE('',#1066,#1066,#114,.T.);
#1319=EDGE_CURVE('',#1065,#1066,#695,.T.);
#1320=EDGE_CURVE('',#1067,#1067,#115,.T.);
#1321=EDGE_CURVE('',#1067,#1068,#696,.T.);
#1322=EDGE_CURVE('',#1068,#1068,#116,.T.);
#1323=EDGE_CURVE('',#1069,#1070,#117,.T.);
#1324=EDGE_CURVE('',#1070,#1071,#697,.T.);
#1325=EDGE_CURVE('',#1071,#1072,#118,.T.);
#1326=EDGE_CURVE('',#1072,#1069,#698,.T.);
#1327=EDGE_CURVE('',#1073,#1070,#699,.T.);
#1328=EDGE_CURVE('',#1074,#1073,#700,.T.);
#1329=EDGE_CURVE('',#1071,#1074,#701,.T.);
#1330=EDGE_CURVE('',#1075,#1076,#119,.T.);
#1331=EDGE_CURVE('',#1076,#1077,#702,.T.);
#1332=EDGE_CURVE('',#1077,#1078,#120,.T.);
#1333=EDGE_CURVE('',#1078,#1075,#703,.T.);
#1334=EDGE_CURVE('',#1079,#1076,#704,.T.);
#1335=EDGE_CURVE('',#1080,#1079,#705,.T.);
#1336=EDGE_CURVE('',#1077,#1080,#706,.T.);
#1337=EDGE_CURVE('',#1081,#1082,#121,.T.);
#1338=EDGE_CURVE('',#1082,#1083,#707,.T.);
#1339=EDGE_CURVE('',#1083,#1084,#122,.T.);
#1340=EDGE_CURVE('',#1084,#1081,#708,.T.);
#1341=EDGE_CURVE('',#1085,#1082,#709,.T.);
#1342=EDGE_CURVE('',#1086,#1085,#710,.T.);
#1343=EDGE_CURVE('',#1083,#1086,#711,.T.);
#1344=EDGE_CURVE('',#1087,#1088,#123,.T.);
#1345=EDGE_CURVE('',#1088,#1089,#712,.T.);
#1346=EDGE_CURVE('',#1089,#1090,#124,.T.);
#1347=EDGE_CURVE('',#1090,#1087,#713,.T.);
#1348=EDGE_CURVE('',#1091,#1088,#714,.T.);
#1349=EDGE_CURVE('',#1092,#1091,#715,.T.);
#1350=EDGE_CURVE('',#1089,#1092,#716,.T.);
#1351=EDGE_CURVE('',#1093,#1094,#125,.T.);
#1352=EDGE_CURVE('',#1094,#1095,#717,.T.);
#1353=EDGE_CURVE('',#1095,#1096,#126,.T.);
#1354=EDGE_CURVE('',#1096,#1093,#718,.T.);
#1355=EDGE_CURVE('',#1095,#1072,#127,.T.);
#1356=EDGE_CURVE('',#1069,#1094,#128,.T.);
#1357=EDGE_CURVE('',#1097,#1098,#129,.T.);
#1358=EDGE_CURVE('',#1098,#1099,#719,.T.);
#1359=EDGE_CURVE('',#1099,#1100,#130,.T.);
#1360=EDGE_CURVE('',#1100,#1097,#720,.T.);
#1361=EDGE_CURVE('',#1099,#1078,#131,.T.);
#1362=EDGE_CURVE('',#1075,#1098,#132,.T.);
#1363=EDGE_CURVE('',#1101,#1102,#133,.T.);
#1364=EDGE_CURVE('',#1102,#1103,#721,.T.);
#1365=EDGE_CURVE('',#1103,#1104,#134,.T.);
#1366=EDGE_CURVE('',#1104,#1101,#722,.T.);
#1367=EDGE_CURVE('',#1103,#1084,#135,.T.);
#1368=EDGE_CURVE('',#1081,#1102,#136,.T.);
#1369=EDGE_CURVE('',#1105,#1106,#137,.T.);
#1370=EDGE_CURVE('',#1106,#1107,#723,.T.);
#1371=EDGE_CURVE('',#1107,#1108,#138,.T.);
#1372=EDGE_CURVE('',#1108,#1105,#724,.T.);
#1373=EDGE_CURVE('',#1107,#1090,#139,.T.);
#1374=EDGE_CURVE('',#1087,#1106,#140,.T.);
#1375=EDGE_CURVE('',#1073,#1109,#141,.T.);
#1376=EDGE_CURVE('',#1109,#1110,#725,.T.);
#1377=EDGE_CURVE('',#1110,#1074,#142,.T.);
#1378=EDGE_CURVE('',#1111,#1109,#143,.T.);
#1379=EDGE_CURVE('',#1112,#1111,#726,.T.);
#1380=EDGE_CURVE('',#1110,#1112,#144,.T.);
#1381=EDGE_CURVE('',#1079,#1113,#145,.T.);
#1382=EDGE_CURVE('',#1113,#1114,#727,.T.);
#1383=EDGE_CURVE('',#1114,#1080,#146,.T.);
#1384=EDGE_CURVE('',#1115,#1113,#147,.T.);
#1385=EDGE_CURVE('',#1116,#1115,#728,.T.);
#1386=EDGE_CURVE('',#1114,#1116,#148,.T.);
#1387=EDGE_CURVE('',#1085,#1117,#149,.T.);
#1388=EDGE_CURVE('',#1117,#1118,#729,.T.);
#1389=EDGE_CURVE('',#1118,#1086,#150,.T.);
#1390=EDGE_CURVE('',#1119,#1117,#151,.T.);
#1391=EDGE_CURVE('',#1120,#1119,#730,.T.);
#1392=EDGE_CURVE('',#1118,#1120,#152,.T.);
#1393=EDGE_CURVE('',#1091,#1121,#153,.T.);
#1394=EDGE_CURVE('',#1121,#1122,#731,.T.);
#1395=EDGE_CURVE('',#1122,#1092,#154,.T.);
#1396=EDGE_CURVE('',#1123,#1121,#155,.T.);
#1397=EDGE_CURVE('',#1124,#1123,#732,.T.);
#1398=EDGE_CURVE('',#1122,#1124,#156,.T.);
#1399=EDGE_CURVE('',#1111,#1125,#157,.T.);
#1400=EDGE_CURVE('',#1125,#1126,#733,.T.);
#1401=EDGE_CURVE('',#1126,#1112,#158,.T.);
#1402=EDGE_CURVE('',#1126,#1096,#734,.T.);
#1403=EDGE_CURVE('',#1093,#1125,#735,.T.);
#1404=EDGE_CURVE('',#1115,#1127,#159,.T.);
#1405=EDGE_CURVE('',#1127,#1128,#736,.T.);
#1406=EDGE_CURVE('',#1128,#1116,#160,.T.);
#1407=EDGE_CURVE('',#1128,#1100,#737,.T.);
#1408=EDGE_CURVE('',#1097,#1127,#738,.T.);
#1409=EDGE_CURVE('',#1119,#1129,#161,.T.);
#1410=EDGE_CURVE('',#1129,#1130,#739,.T.);
#1411=EDGE_CURVE('',#1130,#1120,#162,.T.);
#1412=EDGE_CURVE('',#1130,#1104,#740,.T.);
#1413=EDGE_CURVE('',#1101,#1129,#741,.T.);
#1414=EDGE_CURVE('',#1123,#1131,#163,.T.);
#1415=EDGE_CURVE('',#1131,#1132,#742,.T.);
#1416=EDGE_CURVE('',#1132,#1124,#164,.T.);
#1417=EDGE_CURVE('',#1132,#1108,#743,.T.);
#1418=EDGE_CURVE('',#1105,#1131,#744,.T.);
#1419=EDGE_CURVE('',#1133,#1133,#165,.T.);
#1420=EDGE_CURVE('',#1133,#1134,#745,.T.);
#1421=EDGE_CURVE('',#1134,#1134,#166,.T.);
#1422=EDGE_CURVE('',#1135,#1136,#167,.T.);
#1423=EDGE_CURVE('',#1137,#1135,#746,.T.);
#1424=EDGE_CURVE('',#1138,#1137,#168,.T.);
#1425=EDGE_CURVE('',#1139,#1138,#169,.T.);
#1426=EDGE_CURVE('',#1140,#1139,#170,.T.);
#1427=EDGE_CURVE('',#1141,#1140,#747,.T.);
#1428=EDGE_CURVE('',#1142,#1141,#171,.T.);
#1429=EDGE_CURVE('',#1136,#1142,#172,.T.);
#1430=EDGE_CURVE('',#1143,#1138,#748,.T.);
#1431=EDGE_CURVE('',#1144,#1143,#173,.T.);
#1432=EDGE_CURVE('',#1139,#1144,#749,.T.);
#1433=EDGE_CURVE('',#1137,#1145,#750,.T.);
#1434=EDGE_CURVE('',#1145,#1143,#174,.T.);
#1435=EDGE_CURVE('',#1146,#1135,#751,.T.);
#1436=EDGE_CURVE('',#1145,#1146,#752,.T.);
#1437=EDGE_CURVE('',#1136,#1147,#753,.T.);
#1438=EDGE_CURVE('',#1147,#1146,#175,.T.);
#1439=EDGE_CURVE('',#1144,#1148,#176,.T.);
#1440=EDGE_CURVE('',#1148,#1140,#754,.T.);
#1441=EDGE_CURVE('',#1149,#1148,#755,.T.);
#1442=EDGE_CURVE('',#1141,#1149,#756,.T.);
#1443=EDGE_CURVE('',#1149,#1150,#177,.T.);
#1444=EDGE_CURVE('',#1150,#1142,#757,.T.);
#1445=EDGE_CURVE('',#1147,#1150,#178,.T.);
#1446=EDGE_CURVE('',#1151,#1152,#758,.T.);
#1447=EDGE_CURVE('',#1153,#1151,#759,.T.);
#1448=EDGE_CURVE('',#1154,#1153,#760,.T.);
#1449=EDGE_CURVE('',#1154,#1152,#761,.T.);
#1450=EDGE_CURVE('',#1152,#1155,#762,.T.);
#1451=EDGE_CURVE('',#1156,#1154,#763,.T.);
#1452=EDGE_CURVE('',#1155,#1156,#764,.T.);
#1453=EDGE_CURVE('',#1157,#1151,#765,.T.);
#1454=EDGE_CURVE('',#1158,#1157,#766,.T.);
#1455=EDGE_CURVE('',#1153,#1158,#767,.T.);
#1456=EDGE_CURVE('',#1155,#1157,#179,.T.);
#1457=EDGE_CURVE('',#1159,#1159,#180,.T.);
#1458=EDGE_CURVE('',#1159,#1160,#768,.T.);
#1459=EDGE_CURVE('',#1160,#1160,#181,.T.);
#1460=EDGE_CURVE('',#1158,#1156,#182,.T.);
#1461=EDGE_CURVE('',#1161,#1161,#183,.T.);
#1462=EDGE_CURVE('',#1161,#1162,#769,.T.);
#1463=EDGE_CURVE('',#1162,#1162,#184,.T.);
#1464=EDGE_CURVE('',#1163,#1163,#185,.T.);
#1465=EDGE_CURVE('',#1163,#1164,#770,.T.);
#1466=EDGE_CURVE('',#1164,#1164,#186,.T.);
#1467=ORIENTED_EDGE('',*,*,#1165,.T.);
#1468=ORIENTED_EDGE('',*,*,#1166,.T.);
#1469=ORIENTED_EDGE('',*,*,#1167,.T.);
#1470=ORIENTED_EDGE('',*,*,#1168,.T.);
#1471=ORIENTED_EDGE('',*,*,#1169,.T.);
#1472=ORIENTED_EDGE('',*,*,#1170,.T.);
#1473=ORIENTED_EDGE('',*,*,#1171,.T.);
#1474=ORIENTED_EDGE('',*,*,#1172,.T.);
#1475=ORIENTED_EDGE('',*,*,#1173,.T.);
#1476=ORIENTED_EDGE('',*,*,#1174,.T.);
#1477=ORIENTED_EDGE('',*,*,#1175,.T.);
#1478=ORIENTED_EDGE('',*,*,#1176,.T.);
#1479=ORIENTED_EDGE('',*,*,#1177,.T.);
#1480=ORIENTED_EDGE('',*,*,#1178,.T.);
#1481=ORIENTED_EDGE('',*,*,#1179,.T.);
#1482=ORIENTED_EDGE('',*,*,#1180,.T.);
#1483=ORIENTED_EDGE('',*,*,#1181,.F.);
#1484=ORIENTED_EDGE('',*,*,#1182,.F.);
#1485=ORIENTED_EDGE('',*,*,#1183,.F.);
#1486=ORIENTED_EDGE('',*,*,#1178,.F.);
#1487=ORIENTED_EDGE('',*,*,#1183,.T.);
#1488=ORIENTED_EDGE('',*,*,#1184,.F.);
#1489=ORIENTED_EDGE('',*,*,#1185,.F.);
#1490=ORIENTED_EDGE('',*,*,#1179,.F.);
#1491=ORIENTED_EDGE('',*,*,#1185,.T.);
#1492=ORIENTED_EDGE('',*,*,#1186,.F.);
#1493=ORIENTED_EDGE('',*,*,#1187,.F.);
#1494=ORIENTED_EDGE('',*,*,#1180,.F.);
#1495=ORIENTED_EDGE('',*,*,#1187,.T.);
#1496=ORIENTED_EDGE('',*,*,#1188,.F.);
#1497=ORIENTED_EDGE('',*,*,#1181,.T.);
#1498=ORIENTED_EDGE('',*,*,#1177,.F.);
#1499=ORIENTED_EDGE('',*,*,#1189,.F.);
#1500=ORIENTED_EDGE('',*,*,#1190,.F.);
#1501=ORIENTED_EDGE('',*,*,#1191,.F.);
#1502=ORIENTED_EDGE('',*,*,#1166,.F.);
#1503=ORIENTED_EDGE('',*,*,#1191,.T.);
#1504=ORIENTED_EDGE('',*,*,#1192,.F.);
#1505=ORIENTED_EDGE('',*,*,#1193,.F.);
#1506=ORIENTED_EDGE('',*,*,#1167,.F.);
#1507=ORIENTED_EDGE('',*,*,#1193,.T.);
#1508=ORIENTED_EDGE('',*,*,#1194,.F.);
#1509=ORIENTED_EDGE('',*,*,#1195,.F.);
#1510=ORIENTED_EDGE('',*,*,#1168,.F.);
#1511=ORIENTED_EDGE('',*,*,#1195,.T.);
#1512=ORIENTED_EDGE('',*,*,#1196,.F.);
#1513=ORIENTED_EDGE('',*,*,#1197,.F.);
#1514=ORIENTED_EDGE('',*,*,#1169,.F.);
#1515=ORIENTED_EDGE('',*,*,#1197,.T.);
#1516=ORIENTED_EDGE('',*,*,#1198,.F.);
#1517=ORIENTED_EDGE('',*,*,#1199,.F.);
#1518=ORIENTED_EDGE('',*,*,#1170,.F.);
#1519=ORIENTED_EDGE('',*,*,#1199,.T.);
#1520=ORIENTED_EDGE('',*,*,#1200,.F.);
#1521=ORIENTED_EDGE('',*,*,#1201,.F.);
#1522=ORIENTED_EDGE('',*,*,#1171,.F.);
#1523=ORIENTED_EDGE('',*,*,#1201,.T.);
#1524=ORIENTED_EDGE('',*,*,#1202,.F.);
#1525=ORIENTED_EDGE('',*,*,#1203,.F.);
#1526=ORIENTED_EDGE('',*,*,#1172,.F.);
#1527=ORIENTED_EDGE('',*,*,#1203,.T.);
#1528=ORIENTED_EDGE('',*,*,#1204,.F.);
#1529=ORIENTED_EDGE('',*,*,#1205,.F.);
#1530=ORIENTED_EDGE('',*,*,#1173,.F.);
#1531=ORIENTED_EDGE('',*,*,#1205,.T.);
#1532=ORIENTED_EDGE('',*,*,#1206,.F.);
#1533=ORIENTED_EDGE('',*,*,#1207,.F.);
#1534=ORIENTED_EDGE('',*,*,#1174,.F.);
#1535=ORIENTED_EDGE('',*,*,#1207,.T.);
#1536=ORIENTED_EDGE('',*,*,#1208,.F.);
#1537=ORIENTED_EDGE('',*,*,#1209,.F.);
#1538=ORIENTED_EDGE('',*,*,#1175,.F.);
#1539=ORIENTED_EDGE('',*,*,#1209,.T.);
#1540=ORIENTED_EDGE('',*,*,#1210,.F.);
#1541=ORIENTED_EDGE('',*,*,#1211,.F.);
#1542=ORIENTED_EDGE('',*,*,#1176,.F.);
#1543=ORIENTED_EDGE('',*,*,#1211,.T.);
#1544=ORIENTED_EDGE('',*,*,#1212,.F.);
#1545=ORIENTED_EDGE('',*,*,#1189,.T.);
#1546=ORIENTED_EDGE('',*,*,#1165,.F.);
#1547=ORIENTED_EDGE('',*,*,#1212,.T.);
#1548=ORIENTED_EDGE('',*,*,#1210,.T.);
#1549=ORIENTED_EDGE('',*,*,#1208,.T.);
#1550=ORIENTED_EDGE('',*,*,#1206,.T.);
#1551=ORIENTED_EDGE('',*,*,#1204,.T.);
#1552=ORIENTED_EDGE('',*,*,#1202,.T.);
#1553=ORIENTED_EDGE('',*,*,#1200,.T.);
#1554=ORIENTED_EDGE('',*,*,#1198,.T.);
#1555=ORIENTED_EDGE('',*,*,#1196,.T.);
#1556=ORIENTED_EDGE('',*,*,#1194,.T.);
#1557=ORIENTED_EDGE('',*,*,#1192,.T.);
#1558=ORIENTED_EDGE('',*,*,#1190,.T.);
#1559=ORIENTED_EDGE('',*,*,#1188,.T.);
#1560=ORIENTED_EDGE('',*,*,#1186,.T.);
#1561=ORIENTED_EDGE('',*,*,#1184,.T.);
#1562=ORIENTED_EDGE('',*,*,#1182,.T.);
#1563=ORIENTED_EDGE('',*,*,#1213,.F.);
#1564=ORIENTED_EDGE('',*,*,#1214,.T.);
#1565=ORIENTED_EDGE('',*,*,#1215,.F.);
#1566=ORIENTED_EDGE('',*,*,#1214,.F.);
#1567=ORIENTED_EDGE('',*,*,#1216,.F.);
#1568=ORIENTED_EDGE('',*,*,#1217,.F.);
#1569=ORIENTED_EDGE('',*,*,#1218,.F.);
#1570=ORIENTED_EDGE('',*,*,#1219,.T.);
#1571=ORIENTED_EDGE('',*,*,#1220,.F.);
#1572=ORIENTED_EDGE('',*,*,#1221,.F.);
#1573=ORIENTED_EDGE('',*,*,#1217,.T.);
#1574=ORIENTED_EDGE('',*,*,#1222,.F.);
#1575=ORIENTED_EDGE('',*,*,#1223,.F.);
#1576=ORIENTED_EDGE('',*,*,#1219,.F.);
#1577=ORIENTED_EDGE('',*,*,#1224,.F.);
#1578=ORIENTED_EDGE('',*,*,#1225,.F.);
#1579=ORIENTED_EDGE('',*,*,#1226,.F.);
#1580=ORIENTED_EDGE('',*,*,#1227,.F.);
#1581=ORIENTED_EDGE('',*,*,#1228,.T.);
#1582=ORIENTED_EDGE('',*,*,#1225,.T.);
#1583=ORIENTED_EDGE('',*,*,#1229,.F.);
#1584=ORIENTED_EDGE('',*,*,#1230,.F.);
#1585=ORIENTED_EDGE('',*,*,#1231,.F.);
#1586=ORIENTED_EDGE('',*,*,#1226,.T.);
#1587=ORIENTED_EDGE('',*,*,#1228,.F.);
#1588=ORIENTED_EDGE('',*,*,#1232,.F.);
#1589=ORIENTED_EDGE('',*,*,#1233,.T.);
#1590=ORIENTED_EDGE('',*,*,#1234,.T.);
#1591=ORIENTED_EDGE('',*,*,#1233,.F.);
#1592=ORIENTED_EDGE('',*,*,#1234,.F.);
#1593=ORIENTED_EDGE('',*,*,#1222,.T.);
#1594=ORIENTED_EDGE('',*,*,#1216,.T.);
#1595=ORIENTED_EDGE('',*,*,#1221,.T.);
#1596=ORIENTED_EDGE('',*,*,#1235,.F.);
#1597=ORIENTED_EDGE('',*,*,#1236,.T.);
#1598=ORIENTED_EDGE('',*,*,#1237,.T.);
#1599=ORIENTED_EDGE('',*,*,#1238,.F.);
#1600=ORIENTED_EDGE('',*,*,#1239,.F.);
#1601=ORIENTED_EDGE('',*,*,#1240,.T.);
#1602=ORIENTED_EDGE('',*,*,#1241,.T.);
#1603=ORIENTED_EDGE('',*,*,#1242,.F.);
#1604=ORIENTED_EDGE('',*,*,#1243,.F.);
#1605=ORIENTED_EDGE('',*,*,#1229,.T.);
#1606=ORIENTED_EDGE('',*,*,#1224,.T.);
#1607=ORIENTED_EDGE('',*,*,#1231,.T.);
#1608=ORIENTED_EDGE('',*,*,#1244,.F.);
#1609=ORIENTED_EDGE('',*,*,#1245,.F.);
#1610=ORIENTED_EDGE('',*,*,#1246,.F.);
#1611=ORIENTED_EDGE('',*,*,#1247,.T.);
#1612=ORIENTED_EDGE('',*,*,#1248,.T.);
#1613=ORIENTED_EDGE('',*,*,#1249,.F.);
#1614=ORIENTED_EDGE('',*,*,#1250,.F.);
#1615=ORIENTED_EDGE('',*,*,#1251,.F.);
#1616=ORIENTED_EDGE('',*,*,#1252,.F.);
#1617=ORIENTED_EDGE('',*,*,#1253,.F.);
#1618=ORIENTED_EDGE('',*,*,#1254,.T.);
#1619=ORIENTED_EDGE('',*,*,#1255,.F.);
#1620=ORIENTED_EDGE('',*,*,#1256,.F.);
#1621=ORIENTED_EDGE('',*,*,#1257,.F.);
#1622=ORIENTED_EDGE('',*,*,#1256,.T.);
#1623=ORIENTED_EDGE('',*,*,#1258,.F.);
#1624=ORIENTED_EDGE('',*,*,#1259,.F.);
#1625=ORIENTED_EDGE('',*,*,#1260,.F.);
#1626=ORIENTED_EDGE('',*,*,#1261,.F.);
#1627=ORIENTED_EDGE('',*,*,#1262,.F.);
#1628=ORIENTED_EDGE('',*,*,#1259,.T.);
#1629=ORIENTED_EDGE('',*,*,#1263,.F.);
#1630=ORIENTED_EDGE('',*,*,#1264,.F.);
#1631=ORIENTED_EDGE('',*,*,#1265,.F.);
#1632=ORIENTED_EDGE('',*,*,#1264,.T.);
#1633=ORIENTED_EDGE('',*,*,#1266,.F.);
#1634=ORIENTED_EDGE('',*,*,#1254,.F.);
#1635=ORIENTED_EDGE('',*,*,#1266,.T.);
#1636=ORIENTED_EDGE('',*,*,#1263,.T.);
#1637=ORIENTED_EDGE('',*,*,#1258,.T.);
#1638=ORIENTED_EDGE('',*,*,#1255,.T.);
#1639=ORIENTED_EDGE('',*,*,#1213,.T.);
#1640=ORIENTED_EDGE('',*,*,#1218,.T.);
#1641=ORIENTED_EDGE('',*,*,#1227,.T.);
#1642=ORIENTED_EDGE('',*,*,#1232,.T.);
#1643=ORIENTED_EDGE('',*,*,#1220,.T.);
#1644=ORIENTED_EDGE('',*,*,#1223,.T.);
#1645=ORIENTED_EDGE('',*,*,#1243,.T.);
#1646=ORIENTED_EDGE('',*,*,#1260,.T.);
#1647=ORIENTED_EDGE('',*,*,#1262,.T.);
#1648=ORIENTED_EDGE('',*,*,#1265,.T.);
#1649=ORIENTED_EDGE('',*,*,#1253,.T.);
#1650=ORIENTED_EDGE('',*,*,#1257,.T.);
#1651=ORIENTED_EDGE('',*,*,#1244,.T.);
#1652=ORIENTED_EDGE('',*,*,#1230,.T.);
#1653=ORIENTED_EDGE('',*,*,#1252,.T.);
#1654=ORIENTED_EDGE('',*,*,#1267,.T.);
#1655=ORIENTED_EDGE('',*,*,#1235,.T.);
#1656=ORIENTED_EDGE('',*,*,#1215,.T.);
#1657=ORIENTED_EDGE('',*,*,#1237,.F.);
#1658=ORIENTED_EDGE('',*,*,#1268,.T.);
#1659=ORIENTED_EDGE('',*,*,#1269,.T.);
#1660=ORIENTED_EDGE('',*,*,#1270,.F.);
#1661=ORIENTED_EDGE('',*,*,#1271,.F.);
#1662=ORIENTED_EDGE('',*,*,#1269,.F.);
#1663=ORIENTED_EDGE('',*,*,#1272,.F.);
#1664=ORIENTED_EDGE('',*,*,#1270,.T.);
#1665=ORIENTED_EDGE('',*,*,#1271,.T.);
#1666=ORIENTED_EDGE('',*,*,#1273,.T.);
#1667=ORIENTED_EDGE('',*,*,#1274,.T.);
#1668=ORIENTED_EDGE('',*,*,#1275,.T.);
#1669=ORIENTED_EDGE('',*,*,#1249,.T.);
#1670=ORIENTED_EDGE('',*,*,#1276,.T.);
#1671=ORIENTED_EDGE('',*,*,#1238,.T.);
#1672=ORIENTED_EDGE('',*,*,#1277,.T.);
#1673=ORIENTED_EDGE('',*,*,#1278,.T.);
#1674=ORIENTED_EDGE('',*,*,#1279,.T.);
#1675=ORIENTED_EDGE('',*,*,#1280,.T.);
#1676=ORIENTED_EDGE('',*,*,#1250,.T.);
#1677=ORIENTED_EDGE('',*,*,#1275,.F.);
#1678=ORIENTED_EDGE('',*,*,#1281,.F.);
#1679=ORIENTED_EDGE('',*,*,#1282,.T.);
#1680=ORIENTED_EDGE('',*,*,#1274,.F.);
#1681=ORIENTED_EDGE('',*,*,#1283,.F.);
#1682=ORIENTED_EDGE('',*,*,#1281,.T.);
#1683=ORIENTED_EDGE('',*,*,#1272,.T.);
#1684=ORIENTED_EDGE('',*,*,#1284,.T.);
#1685=ORIENTED_EDGE('',*,*,#1283,.T.);
#1686=ORIENTED_EDGE('',*,*,#1273,.F.);
#1687=ORIENTED_EDGE('',*,*,#1267,.F.);
#1688=ORIENTED_EDGE('',*,*,#1251,.T.);
#1689=ORIENTED_EDGE('',*,*,#1282,.F.);
#1690=ORIENTED_EDGE('',*,*,#1284,.F.);
#1691=ORIENTED_EDGE('',*,*,#1268,.F.);
#1692=ORIENTED_EDGE('',*,*,#1236,.F.);
#1693=ORIENTED_EDGE('',*,*,#1261,.T.);
#1694=ORIENTED_EDGE('',*,*,#1242,.T.);
#1695=ORIENTED_EDGE('',*,*,#1285,.T.);
#1696=ORIENTED_EDGE('',*,*,#1245,.T.);
#1697=ORIENTED_EDGE('',*,*,#1280,.F.);
#1698=ORIENTED_EDGE('',*,*,#1286,.T.);
#1699=ORIENTED_EDGE('',*,*,#1287,.T.);
#1700=ORIENTED_EDGE('',*,*,#1286,.F.);
#1701=ORIENTED_EDGE('',*,*,#1279,.F.);
#1702=ORIENTED_EDGE('',*,*,#1288,.T.);
#1703=ORIENTED_EDGE('',*,*,#1289,.T.);
#1704=ORIENTED_EDGE('',*,*,#1288,.F.);
#1705=ORIENTED_EDGE('',*,*,#1278,.F.);
#1706=ORIENTED_EDGE('',*,*,#1290,.T.);
#1707=ORIENTED_EDGE('',*,*,#1291,.T.);
#1708=ORIENTED_EDGE('',*,*,#1290,.F.);
#1709=ORIENTED_EDGE('',*,*,#1277,.F.);
#1710=ORIENTED_EDGE('',*,*,#1292,.T.);
#1711=ORIENTED_EDGE('',*,*,#1293,.T.);
#1712=ORIENTED_EDGE('',*,*,#1292,.F.);
#1713=ORIENTED_EDGE('',*,*,#1294,.T.);
#1714=ORIENTED_EDGE('',*,*,#1246,.T.);
#1715=ORIENTED_EDGE('',*,*,#1285,.F.);
#1716=ORIENTED_EDGE('',*,*,#1241,.F.);
#1717=ORIENTED_EDGE('',*,*,#1295,.T.);
#1718=ORIENTED_EDGE('',*,*,#1239,.T.);
#1719=ORIENTED_EDGE('',*,*,#1276,.F.);
#1720=ORIENTED_EDGE('',*,*,#1248,.F.);
#1721=ORIENTED_EDGE('',*,*,#1295,.F.);
#1722=ORIENTED_EDGE('',*,*,#1247,.F.);
#1723=ORIENTED_EDGE('',*,*,#1294,.F.);
#1724=ORIENTED_EDGE('',*,*,#1240,.F.);
#1725=ORIENTED_EDGE('',*,*,#1293,.F.);
#1726=ORIENTED_EDGE('',*,*,#1291,.F.);
#1727=ORIENTED_EDGE('',*,*,#1289,.F.);
#1728=ORIENTED_EDGE('',*,*,#1287,.F.);
#1729=ORIENTED_EDGE('',*,*,#1296,.F.);
#1730=ORIENTED_EDGE('',*,*,#1297,.T.);
#1731=ORIENTED_EDGE('',*,*,#1298,.F.);
#1732=ORIENTED_EDGE('',*,*,#1297,.F.);
#1733=ORIENTED_EDGE('',*,*,#1299,.F.);
#1734=ORIENTED_EDGE('',*,*,#1300,.T.);
#1735=ORIENTED_EDGE('',*,*,#1301,.F.);
#1736=ORIENTED_EDGE('',*,*,#1300,.F.);
#1737=ORIENTED_EDGE('',*,*,#1302,.F.);
#1738=ORIENTED_EDGE('',*,*,#1303,.T.);
#1739=ORIENTED_EDGE('',*,*,#1304,.F.);
#1740=ORIENTED_EDGE('',*,*,#1303,.F.);
#1741=ORIENTED_EDGE('',*,*,#1305,.F.);
#1742=ORIENTED_EDGE('',*,*,#1306,.T.);
#1743=ORIENTED_EDGE('',*,*,#1307,.F.);
#1744=ORIENTED_EDGE('',*,*,#1306,.F.);
#1745=ORIENTED_EDGE('',*,*,#1308,.F.);
#1746=ORIENTED_EDGE('',*,*,#1309,.T.);
#1747=ORIENTED_EDGE('',*,*,#1310,.F.);
#1748=ORIENTED_EDGE('',*,*,#1309,.F.);
#1749=ORIENTED_EDGE('',*,*,#1311,.F.);
#1750=ORIENTED_EDGE('',*,*,#1312,.T.);
#1751=ORIENTED_EDGE('',*,*,#1313,.F.);
#1752=ORIENTED_EDGE('',*,*,#1312,.F.);
#1753=ORIENTED_EDGE('',*,*,#1311,.T.);
#1754=ORIENTED_EDGE('',*,*,#1308,.T.);
#1755=ORIENTED_EDGE('',*,*,#1314,.F.);
#1756=ORIENTED_EDGE('',*,*,#1315,.T.);
#1757=ORIENTED_EDGE('',*,*,#1316,.T.);
#1758=ORIENTED_EDGE('',*,*,#1315,.F.);
#1759=ORIENTED_EDGE('',*,*,#1314,.T.);
#1760=ORIENTED_EDGE('',*,*,#1313,.T.);
#1761=ORIENTED_EDGE('',*,*,#1305,.T.);
#1762=ORIENTED_EDGE('',*,*,#1302,.T.);
#1763=ORIENTED_EDGE('',*,*,#1299,.T.);
#1764=ORIENTED_EDGE('',*,*,#1296,.T.);
#1765=ORIENTED_EDGE('',*,*,#1316,.F.);
#1766=ORIENTED_EDGE('',*,*,#1310,.T.);
#1767=ORIENTED_EDGE('',*,*,#1307,.T.);
#1768=ORIENTED_EDGE('',*,*,#1304,.T.);
#1769=ORIENTED_EDGE('',*,*,#1301,.T.);
#1770=ORIENTED_EDGE('',*,*,#1298,.T.);
#1771=ORIENTED_EDGE('',*,*,#1317,.F.);
#1772=ORIENTED_EDGE('',*,*,#1318,.T.);
#1773=ORIENTED_EDGE('',*,*,#1317,.T.);
#1774=ORIENTED_EDGE('',*,*,#1319,.T.);
#1775=ORIENTED_EDGE('',*,*,#1318,.F.);
#1776=ORIENTED_EDGE('',*,*,#1319,.F.);
#1777=ORIENTED_EDGE('',*,*,#1320,.T.);
#1778=ORIENTED_EDGE('',*,*,#1321,.T.);
#1779=ORIENTED_EDGE('',*,*,#1322,.T.);
#1780=ORIENTED_EDGE('',*,*,#1321,.F.);
#1781=ORIENTED_EDGE('',*,*,#1323,.T.);
#1782=ORIENTED_EDGE('',*,*,#1324,.T.);
#1783=ORIENTED_EDGE('',*,*,#1325,.T.);
#1784=ORIENTED_EDGE('',*,*,#1326,.T.);
#1785=ORIENTED_EDGE('',*,*,#1324,.F.);
#1786=ORIENTED_EDGE('',*,*,#1327,.F.);
#1787=ORIENTED_EDGE('',*,*,#1328,.F.);
#1788=ORIENTED_EDGE('',*,*,#1329,.F.);
#1789=ORIENTED_EDGE('',*,*,#1330,.T.);
#1790=ORIENTED_EDGE('',*,*,#1331,.T.);
#1791=ORIENTED_EDGE('',*,*,#1332,.T.);
#1792=ORIENTED_EDGE('',*,*,#1333,.T.);
#1793=ORIENTED_EDGE('',*,*,#1331,.F.);
#1794=ORIENTED_EDGE('',*,*,#1334,.F.);
#1795=ORIENTED_EDGE('',*,*,#1335,.F.);
#1796=ORIENTED_EDGE('',*,*,#1336,.F.);
#1797=ORIENTED_EDGE('',*,*,#1337,.T.);
#1798=ORIENTED_EDGE('',*,*,#1338,.T.);
#1799=ORIENTED_EDGE('',*,*,#1339,.T.);
#1800=ORIENTED_EDGE('',*,*,#1340,.T.);
#1801=ORIENTED_EDGE('',*,*,#1338,.F.);
#1802=ORIENTED_EDGE('',*,*,#1341,.F.);
#1803=ORIENTED_EDGE('',*,*,#1342,.F.);
#1804=ORIENTED_EDGE('',*,*,#1343,.F.);
#1805=ORIENTED_EDGE('',*,*,#1344,.T.);
#1806=ORIENTED_EDGE('',*,*,#1345,.T.);
#1807=ORIENTED_EDGE('',*,*,#1346,.T.);
#1808=ORIENTED_EDGE('',*,*,#1347,.T.);
#1809=ORIENTED_EDGE('',*,*,#1345,.F.);
#1810=ORIENTED_EDGE('',*,*,#1348,.F.);
#1811=ORIENTED_EDGE('',*,*,#1349,.F.);
#1812=ORIENTED_EDGE('',*,*,#1350,.F.);
#1813=ORIENTED_EDGE('',*,*,#1351,.T.);
#1814=ORIENTED_EDGE('',*,*,#1352,.T.);
#1815=ORIENTED_EDGE('',*,*,#1353,.T.);
#1816=ORIENTED_EDGE('',*,*,#1354,.T.);
#1817=ORIENTED_EDGE('',*,*,#1326,.F.);
#1818=ORIENTED_EDGE('',*,*,#1355,.F.);
#1819=ORIENTED_EDGE('',*,*,#1352,.F.);
#1820=ORIENTED_EDGE('',*,*,#1356,.F.);
#1821=ORIENTED_EDGE('',*,*,#1357,.T.);
#1822=ORIENTED_EDGE('',*,*,#1358,.T.);
#1823=ORIENTED_EDGE('',*,*,#1359,.T.);
#1824=ORIENTED_EDGE('',*,*,#1360,.T.);
#1825=ORIENTED_EDGE('',*,*,#1333,.F.);
#1826=ORIENTED_EDGE('',*,*,#1361,.F.);
#1827=ORIENTED_EDGE('',*,*,#1358,.F.);
#1828=ORIENTED_EDGE('',*,*,#1362,.F.);
#1829=ORIENTED_EDGE('',*,*,#1363,.T.);
#1830=ORIENTED_EDGE('',*,*,#1364,.T.);
#1831=ORIENTED_EDGE('',*,*,#1365,.T.);
#1832=ORIENTED_EDGE('',*,*,#1366,.T.);
#1833=ORIENTED_EDGE('',*,*,#1340,.F.);
#1834=ORIENTED_EDGE('',*,*,#1367,.F.);
#1835=ORIENTED_EDGE('',*,*,#1364,.F.);
#1836=ORIENTED_EDGE('',*,*,#1368,.F.);
#1837=ORIENTED_EDGE('',*,*,#1369,.T.);
#1838=ORIENTED_EDGE('',*,*,#1370,.T.);
#1839=ORIENTED_EDGE('',*,*,#1371,.T.);
#1840=ORIENTED_EDGE('',*,*,#1372,.T.);
#1841=ORIENTED_EDGE('',*,*,#1347,.F.);
#1842=ORIENTED_EDGE('',*,*,#1373,.F.);
#1843=ORIENTED_EDGE('',*,*,#1370,.F.);
#1844=ORIENTED_EDGE('',*,*,#1374,.F.);
#1845=ORIENTED_EDGE('',*,*,#1375,.T.);
#1846=ORIENTED_EDGE('',*,*,#1376,.T.);
#1847=ORIENTED_EDGE('',*,*,#1377,.T.);
#1848=ORIENTED_EDGE('',*,*,#1328,.T.);
#1849=ORIENTED_EDGE('',*,*,#1376,.F.);
#1850=ORIENTED_EDGE('',*,*,#1378,.F.);
#1851=ORIENTED_EDGE('',*,*,#1379,.F.);
#1852=ORIENTED_EDGE('',*,*,#1380,.F.);
#1853=ORIENTED_EDGE('',*,*,#1381,.T.);
#1854=ORIENTED_EDGE('',*,*,#1382,.T.);
#1855=ORIENTED_EDGE('',*,*,#1383,.T.);
#1856=ORIENTED_EDGE('',*,*,#1335,.T.);
#1857=ORIENTED_EDGE('',*,*,#1382,.F.);
#1858=ORIENTED_EDGE('',*,*,#1384,.F.);
#1859=ORIENTED_EDGE('',*,*,#1385,.F.);
#1860=ORIENTED_EDGE('',*,*,#1386,.F.);
#1861=ORIENTED_EDGE('',*,*,#1387,.T.);
#1862=ORIENTED_EDGE('',*,*,#1388,.T.);
#1863=ORIENTED_EDGE('',*,*,#1389,.T.);
#1864=ORIENTED_EDGE('',*,*,#1342,.T.);
#1865=ORIENTED_EDGE('',*,*,#1388,.F.);
#1866=ORIENTED_EDGE('',*,*,#1390,.F.);
#1867=ORIENTED_EDGE('',*,*,#1391,.F.);
#1868=ORIENTED_EDGE('',*,*,#1392,.F.);
#1869=ORIENTED_EDGE('',*,*,#1393,.T.);
#1870=ORIENTED_EDGE('',*,*,#1394,.T.);
#1871=ORIENTED_EDGE('',*,*,#1395,.T.);
#1872=ORIENTED_EDGE('',*,*,#1349,.T.);
#1873=ORIENTED_EDGE('',*,*,#1394,.F.);
#1874=ORIENTED_EDGE('',*,*,#1396,.F.);
#1875=ORIENTED_EDGE('',*,*,#1397,.F.);
#1876=ORIENTED_EDGE('',*,*,#1398,.F.);
#1877=ORIENTED_EDGE('',*,*,#1399,.T.);
#1878=ORIENTED_EDGE('',*,*,#1400,.T.);
#1879=ORIENTED_EDGE('',*,*,#1401,.T.);
#1880=ORIENTED_EDGE('',*,*,#1379,.T.);
#1881=ORIENTED_EDGE('',*,*,#1354,.F.);
#1882=ORIENTED_EDGE('',*,*,#1402,.F.);
#1883=ORIENTED_EDGE('',*,*,#1400,.F.);
#1884=ORIENTED_EDGE('',*,*,#1403,.F.);
#1885=ORIENTED_EDGE('',*,*,#1404,.T.);
#1886=ORIENTED_EDGE('',*,*,#1405,.T.);
#1887=ORIENTED_EDGE('',*,*,#1406,.T.);
#1888=ORIENTED_EDGE('',*,*,#1385,.T.);
#1889=ORIENTED_EDGE('',*,*,#1360,.F.);
#1890=ORIENTED_EDGE('',*,*,#1407,.F.);
#1891=ORIENTED_EDGE('',*,*,#1405,.F.);
#1892=ORIENTED_EDGE('',*,*,#1408,.F.);
#1893=ORIENTED_EDGE('',*,*,#1409,.T.);
#1894=ORIENTED_EDGE('',*,*,#1410,.T.);
#1895=ORIENTED_EDGE('',*,*,#1411,.T.);
#1896=ORIENTED_EDGE('',*,*,#1391,.T.);
#1897=ORIENTED_EDGE('',*,*,#1366,.F.);
#1898=ORIENTED_EDGE('',*,*,#1412,.F.);
#1899=ORIENTED_EDGE('',*,*,#1410,.F.);
#1900=ORIENTED_EDGE('',*,*,#1413,.F.);
#1901=ORIENTED_EDGE('',*,*,#1414,.T.);
#1902=ORIENTED_EDGE('',*,*,#1415,.T.);
#1903=ORIENTED_EDGE('',*,*,#1416,.T.);
#1904=ORIENTED_EDGE('',*,*,#1397,.T.);
#1905=ORIENTED_EDGE('',*,*,#1372,.F.);
#1906=ORIENTED_EDGE('',*,*,#1417,.F.);
#1907=ORIENTED_EDGE('',*,*,#1415,.F.);
#1908=ORIENTED_EDGE('',*,*,#1418,.F.);
#1909=ORIENTED_EDGE('',*,*,#1419,.F.);
#1910=ORIENTED_EDGE('',*,*,#1420,.T.);
#1911=ORIENTED_EDGE('',*,*,#1421,.T.);
#1912=ORIENTED_EDGE('',*,*,#1420,.F.);
#1913=ORIENTED_EDGE('',*,*,#1320,.F.);
#1914=ORIENTED_EDGE('',*,*,#1422,.F.);
#1915=ORIENTED_EDGE('',*,*,#1423,.F.);
#1916=ORIENTED_EDGE('',*,*,#1424,.F.);
#1917=ORIENTED_EDGE('',*,*,#1425,.F.);
#1918=ORIENTED_EDGE('',*,*,#1426,.F.);
#1919=ORIENTED_EDGE('',*,*,#1427,.F.);
#1920=ORIENTED_EDGE('',*,*,#1428,.F.);
#1921=ORIENTED_EDGE('',*,*,#1429,.F.);
#1922=ORIENTED_EDGE('',*,*,#1421,.F.);
#1923=ORIENTED_EDGE('',*,*,#1350,.T.);
#1924=ORIENTED_EDGE('',*,*,#1395,.F.);
#1925=ORIENTED_EDGE('',*,*,#1398,.T.);
#1926=ORIENTED_EDGE('',*,*,#1416,.F.);
#1927=ORIENTED_EDGE('',*,*,#1417,.T.);
#1928=ORIENTED_EDGE('',*,*,#1371,.F.);
#1929=ORIENTED_EDGE('',*,*,#1373,.T.);
#1930=ORIENTED_EDGE('',*,*,#1346,.F.);
#1931=ORIENTED_EDGE('',*,*,#1343,.T.);
#1932=ORIENTED_EDGE('',*,*,#1389,.F.);
#1933=ORIENTED_EDGE('',*,*,#1392,.T.);
#1934=ORIENTED_EDGE('',*,*,#1411,.F.);
#1935=ORIENTED_EDGE('',*,*,#1412,.T.);
#1936=ORIENTED_EDGE('',*,*,#1365,.F.);
#1937=ORIENTED_EDGE('',*,*,#1367,.T.);
#1938=ORIENTED_EDGE('',*,*,#1339,.F.);
#1939=ORIENTED_EDGE('',*,*,#1336,.T.);
#1940=ORIENTED_EDGE('',*,*,#1383,.F.);
#1941=ORIENTED_EDGE('',*,*,#1386,.T.);
#1942=ORIENTED_EDGE('',*,*,#1406,.F.);
#1943=ORIENTED_EDGE('',*,*,#1407,.T.);
#1944=ORIENTED_EDGE('',*,*,#1359,.F.);
#1945=ORIENTED_EDGE('',*,*,#1361,.T.);
#1946=ORIENTED_EDGE('',*,*,#1332,.F.);
#1947=ORIENTED_EDGE('',*,*,#1329,.T.);
#1948=ORIENTED_EDGE('',*,*,#1377,.F.);
#1949=ORIENTED_EDGE('',*,*,#1380,.T.);
#1950=ORIENTED_EDGE('',*,*,#1401,.F.);
#1951=ORIENTED_EDGE('',*,*,#1402,.T.);
#1952=ORIENTED_EDGE('',*,*,#1353,.F.);
#1953=ORIENTED_EDGE('',*,*,#1355,.T.);
#1954=ORIENTED_EDGE('',*,*,#1325,.F.);
#1955=ORIENTED_EDGE('',*,*,#1425,.T.);
#1956=ORIENTED_EDGE('',*,*,#1430,.F.);
#1957=ORIENTED_EDGE('',*,*,#1431,.F.);
#1958=ORIENTED_EDGE('',*,*,#1432,.F.);
#1959=ORIENTED_EDGE('',*,*,#1424,.T.);
#1960=ORIENTED_EDGE('',*,*,#1433,.T.);
#1961=ORIENTED_EDGE('',*,*,#1434,.T.);
#1962=ORIENTED_EDGE('',*,*,#1430,.T.);
#1963=ORIENTED_EDGE('',*,*,#1423,.T.);
#1964=ORIENTED_EDGE('',*,*,#1435,.F.);
#1965=ORIENTED_EDGE('',*,*,#1436,.F.);
#1966=ORIENTED_EDGE('',*,*,#1433,.F.);
#1967=ORIENTED_EDGE('',*,*,#1422,.T.);
#1968=ORIENTED_EDGE('',*,*,#1437,.T.);
#1969=ORIENTED_EDGE('',*,*,#1438,.T.);
#1970=ORIENTED_EDGE('',*,*,#1435,.T.);
#1971=ORIENTED_EDGE('',*,*,#1426,.T.);
#1972=ORIENTED_EDGE('',*,*,#1432,.T.);
#1973=ORIENTED_EDGE('',*,*,#1439,.T.);
#1974=ORIENTED_EDGE('',*,*,#1440,.T.);
#1975=ORIENTED_EDGE('',*,*,#1427,.T.);
#1976=ORIENTED_EDGE('',*,*,#1440,.F.);
#1977=ORIENTED_EDGE('',*,*,#1441,.F.);
#1978=ORIENTED_EDGE('',*,*,#1442,.F.);
#1979=ORIENTED_EDGE('',*,*,#1428,.T.);
#1980=ORIENTED_EDGE('',*,*,#1442,.T.);
#1981=ORIENTED_EDGE('',*,*,#1443,.T.);
#1982=ORIENTED_EDGE('',*,*,#1444,.T.);
#1983=ORIENTED_EDGE('',*,*,#1429,.T.);
#1984=ORIENTED_EDGE('',*,*,#1444,.F.);
#1985=ORIENTED_EDGE('',*,*,#1445,.F.);
#1986=ORIENTED_EDGE('',*,*,#1437,.F.);
#1987=ORIENTED_EDGE('',*,*,#1446,.F.);
#1988=ORIENTED_EDGE('',*,*,#1447,.F.);
#1989=ORIENTED_EDGE('',*,*,#1448,.F.);
#1990=ORIENTED_EDGE('',*,*,#1449,.T.);
#1991=ORIENTED_EDGE('',*,*,#1450,.F.);
#1992=ORIENTED_EDGE('',*,*,#1449,.F.);
#1993=ORIENTED_EDGE('',*,*,#1451,.F.);
#1994=ORIENTED_EDGE('',*,*,#1452,.F.);
#1995=ORIENTED_EDGE('',*,*,#1453,.F.);
#1996=ORIENTED_EDGE('',*,*,#1454,.F.);
#1997=ORIENTED_EDGE('',*,*,#1455,.F.);
#1998=ORIENTED_EDGE('',*,*,#1447,.T.);
#1999=ORIENTED_EDGE('',*,*,#1419,.T.);
#2000=ORIENTED_EDGE('',*,*,#1453,.T.);
#2001=ORIENTED_EDGE('',*,*,#1446,.T.);
#2002=ORIENTED_EDGE('',*,*,#1450,.T.);
#2003=ORIENTED_EDGE('',*,*,#1456,.T.);
#2004=ORIENTED_EDGE('',*,*,#1457,.F.);
#2005=ORIENTED_EDGE('',*,*,#1458,.T.);
#2006=ORIENTED_EDGE('',*,*,#1459,.T.);
#2007=ORIENTED_EDGE('',*,*,#1458,.F.);
#2008=ORIENTED_EDGE('',*,*,#1322,.F.);
#2009=ORIENTED_EDGE('',*,*,#1459,.F.);
#2010=ORIENTED_EDGE('',*,*,#1441,.T.);
#2011=ORIENTED_EDGE('',*,*,#1439,.F.);
#2012=ORIENTED_EDGE('',*,*,#1431,.T.);
#2013=ORIENTED_EDGE('',*,*,#1434,.F.);
#2014=ORIENTED_EDGE('',*,*,#1436,.T.);
#2015=ORIENTED_EDGE('',*,*,#1438,.F.);
#2016=ORIENTED_EDGE('',*,*,#1445,.T.);
#2017=ORIENTED_EDGE('',*,*,#1443,.F.);
#2018=ORIENTED_EDGE('',*,*,#1348,.T.);
#2019=ORIENTED_EDGE('',*,*,#1344,.F.);
#2020=ORIENTED_EDGE('',*,*,#1374,.T.);
#2021=ORIENTED_EDGE('',*,*,#1369,.F.);
#2022=ORIENTED_EDGE('',*,*,#1418,.T.);
#2023=ORIENTED_EDGE('',*,*,#1414,.F.);
#2024=ORIENTED_EDGE('',*,*,#1396,.T.);
#2025=ORIENTED_EDGE('',*,*,#1393,.F.);
#2026=ORIENTED_EDGE('',*,*,#1341,.T.);
#2027=ORIENTED_EDGE('',*,*,#1337,.F.);
#2028=ORIENTED_EDGE('',*,*,#1368,.T.);
#2029=ORIENTED_EDGE('',*,*,#1363,.F.);
#2030=ORIENTED_EDGE('',*,*,#1413,.T.);
#2031=ORIENTED_EDGE('',*,*,#1409,.F.);
#2032=ORIENTED_EDGE('',*,*,#1390,.T.);
#2033=ORIENTED_EDGE('',*,*,#1387,.F.);
#2034=ORIENTED_EDGE('',*,*,#1334,.T.);
#2035=ORIENTED_EDGE('',*,*,#1330,.F.);
#2036=ORIENTED_EDGE('',*,*,#1362,.T.);
#2037=ORIENTED_EDGE('',*,*,#1357,.F.);
#2038=ORIENTED_EDGE('',*,*,#1408,.T.);
#2039=ORIENTED_EDGE('',*,*,#1404,.F.);
#2040=ORIENTED_EDGE('',*,*,#1384,.T.);
#2041=ORIENTED_EDGE('',*,*,#1381,.F.);
#2042=ORIENTED_EDGE('',*,*,#1327,.T.);
#2043=ORIENTED_EDGE('',*,*,#1323,.F.);
#2044=ORIENTED_EDGE('',*,*,#1356,.T.);
#2045=ORIENTED_EDGE('',*,*,#1351,.F.);
#2046=ORIENTED_EDGE('',*,*,#1403,.T.);
#2047=ORIENTED_EDGE('',*,*,#1399,.F.);
#2048=ORIENTED_EDGE('',*,*,#1378,.T.);
#2049=ORIENTED_EDGE('',*,*,#1375,.F.);
#2050=ORIENTED_EDGE('',*,*,#1457,.T.);
#2051=ORIENTED_EDGE('',*,*,#1455,.T.);
#2052=ORIENTED_EDGE('',*,*,#1460,.T.);
#2053=ORIENTED_EDGE('',*,*,#1451,.T.);
#2054=ORIENTED_EDGE('',*,*,#1448,.T.);
#2055=ORIENTED_EDGE('',*,*,#1454,.T.);
#2056=ORIENTED_EDGE('',*,*,#1456,.F.);
#2057=ORIENTED_EDGE('',*,*,#1452,.T.);
#2058=ORIENTED_EDGE('',*,*,#1460,.F.);
#2059=ORIENTED_EDGE('',*,*,#1461,.F.);
#2060=ORIENTED_EDGE('',*,*,#1462,.T.);
#2061=ORIENTED_EDGE('',*,*,#1463,.F.);
#2062=ORIENTED_EDGE('',*,*,#1462,.F.);
#2063=ORIENTED_EDGE('',*,*,#1464,.F.);
#2064=ORIENTED_EDGE('',*,*,#1465,.T.);
#2065=ORIENTED_EDGE('',*,*,#1466,.F.);
#2066=ORIENTED_EDGE('',*,*,#1465,.F.);
#2067=ORIENTED_EDGE('',*,*,#1466,.T.);
#2068=ORIENTED_EDGE('',*,*,#1463,.T.);
#2069=ORIENTED_EDGE('',*,*,#1464,.T.);
#2070=ORIENTED_EDGE('',*,*,#1461,.T.);
#2071=PLANE('',#2315);
#2072=PLANE('',#2316);
#2073=PLANE('',#2317);
#2074=PLANE('',#2318);
#2075=PLANE('',#2319);
#2076=PLANE('',#2320);
#2077=PLANE('',#2321);
#2078=PLANE('',#2322);
#2079=PLANE('',#2323);
#2080=PLANE('',#2324);
#2081=PLANE('',#2325);
#2082=PLANE('',#2326);
#2083=PLANE('',#2327);
#2084=PLANE('',#2328);
#2085=PLANE('',#2329);
#2086=PLANE('',#2330);
#2087=PLANE('',#2331);
#2088=PLANE('',#2332);
#2089=PLANE('',#2337);
#2090=PLANE('',#2343);
#2091=PLANE('',#2352);
#2092=PLANE('',#2353);
#2093=PLANE('',#2354);
#2094=PLANE('',#2355);
#2095=PLANE('',#2356);
#2096=PLANE('',#2357);
#2097=PLANE('',#2358);
#2098=PLANE('',#2359);
#2099=PLANE('',#2360);
#2100=PLANE('',#2361);
#2101=PLANE('',#2362);
#2102=PLANE('',#2363);
#2103=PLANE('',#2368);
#2104=PLANE('',#2369);
#2105=PLANE('',#2370);
#2106=PLANE('',#2371);
#2107=PLANE('',#2372);
#2108=PLANE('',#2381);
#2109=PLANE('',#2382);
#2110=PLANE('',#2383);
#2111=PLANE('',#2403);
#2112=PLANE('',#2407);
#2113=PLANE('',#2408);
#2114=PLANE('',#2410);
#2115=PLANE('',#2412);
#2116=PLANE('',#2422);
#2117=PLANE('',#2426);
#2118=PLANE('',#2430);
#2119=PLANE('',#2434);
#2120=PLANE('',#2486);
#2121=PLANE('',#2490);
#2122=PLANE('',#2494);
#2123=PLANE('',#2498);
#2124=PLANE('',#2502);
#2125=PLANE('',#2513);
#2126=PLANE('',#2518);
#2127=PLANE('',#2523);
#2128=PLANE('',#2524);
#2129=PLANE('',#2525);
#2130=PLANE('',#2526);
#2131=PLANE('',#2531);
#2132=PLANE('',#2532);
#2133=PLANE('',#2541);
#2134=PLANE('',#2542);
#2135=ADVANCED_FACE('',(#303,#261),#2071,.T.);
#2136=ADVANCED_FACE('',(#304),#2072,.T.);
#2137=ADVANCED_FACE('',(#305),#2073,.T.);
#2138=ADVANCED_FACE('',(#306),#2074,.T.);
#2139=ADVANCED_FACE('',(#307),#2075,.T.);
#2140=ADVANCED_FACE('',(#308),#2076,.T.);
#2141=ADVANCED_FACE('',(#309),#2077,.T.);
#2142=ADVANCED_FACE('',(#310),#2078,.T.);
#2143=ADVANCED_FACE('',(#311),#2079,.T.);
#2144=ADVANCED_FACE('',(#312),#2080,.T.);
#2145=ADVANCED_FACE('',(#313),#2081,.T.);
#2146=ADVANCED_FACE('',(#314),#2082,.T.);
#2147=ADVANCED_FACE('',(#315),#2083,.T.);
#2148=ADVANCED_FACE('',(#316),#2084,.T.);
#2149=ADVANCED_FACE('',(#317),#2085,.T.);
#2150=ADVANCED_FACE('',(#318),#2086,.T.);
#2151=ADVANCED_FACE('',(#319),#2087,.T.);
#2152=ADVANCED_FACE('',(#320,#262),#2088,.T.);
#2153=ADVANCED_FACE('',(#321),#187,.F.);
#2154=ADVANCED_FACE('',(#322),#2089,.T.);
#2155=ADVANCED_FACE('',(#323),#188,.F.);
#2156=ADVANCED_FACE('',(#324),#2090,.T.);
#2157=ADVANCED_FACE('',(#325),#189,.F.);
#2158=ADVANCED_FACE('',(#326),#190,.F.);
#2159=ADVANCED_FACE('',(#327),#2091,.T.);
#2160=ADVANCED_FACE('',(#328),#2092,.T.);
#2161=ADVANCED_FACE('',(#329),#2093,.T.);
#2162=ADVANCED_FACE('',(#330),#2094,.T.);
#2163=ADVANCED_FACE('',(#331),#2095,.T.);
#2164=ADVANCED_FACE('',(#332),#2096,.T.);
#2165=ADVANCED_FACE('',(#333),#2097,.T.);
#2166=ADVANCED_FACE('',(#334,#263,#264,#265,#266),#2098,.T.);
#2167=ADVANCED_FACE('',(#335,#267),#2099,.F.);
#2168=ADVANCED_FACE('',(#336),#2100,.F.);
#2169=ADVANCED_FACE('',(#337),#2101,.F.);
#2170=ADVANCED_FACE('',(#338,#268,#269,#270,#271),#2102,.T.);
#2171=ADVANCED_FACE('',(#339),#2103,.T.);
#2172=ADVANCED_FACE('',(#340),#2104,.T.);
#2173=ADVANCED_FACE('',(#341),#2105,.T.);
#2174=ADVANCED_FACE('',(#342),#2106,.T.);
#2175=ADVANCED_FACE('',(#343),#2107,.T.);
#2176=ADVANCED_FACE('',(#344),#191,.F.);
#2177=ADVANCED_FACE('',(#345),#192,.F.);
#2178=ADVANCED_FACE('',(#346),#193,.F.);
#2179=ADVANCED_FACE('',(#347),#194,.F.);
#2180=ADVANCED_FACE('',(#348),#2108,.T.);
#2181=ADVANCED_FACE('',(#349),#2109,.T.);
#2182=ADVANCED_FACE('',(#350,#272,#273,#274,#275),#2110,.F.);
#2183=ADVANCED_FACE('',(#351),#195,.F.);
#2184=ADVANCED_FACE('',(#352),#196,.F.);
#2185=ADVANCED_FACE('',(#353),#197,.F.);
#2186=ADVANCED_FACE('',(#354),#198,.F.);
#2187=ADVANCED_FACE('',(#355),#199,.F.);
#2188=ADVANCED_FACE('',(#356),#200,.T.);
#2189=ADVANCED_FACE('',(#357,#276),#2111,.T.);
#2190=ADVANCED_FACE('',(#358),#201,.T.);
#2191=ADVANCED_FACE('',(#359,#277,#278,#279,#280,#281),#2112,.T.);
#2192=ADVANCED_FACE('',(#360,#282,#283,#284,#285,#286),#2113,.F.);
#2193=ADVANCED_FACE('',(#361),#2114,.T.);
#2194=ADVANCED_FACE('',(#362),#2115,.F.);
#2195=ADVANCED_FACE('',(#363),#202,.T.);
#2196=ADVANCED_FACE('',(#364),#203,.T.);
#2197=ADVANCED_FACE('',(#365),#204,.F.);
#2198=ADVANCED_FACE('',(#366),#2116,.F.);
#2199=ADVANCED_FACE('',(#367),#205,.F.);
#2200=ADVANCED_FACE('',(#368),#2117,.F.);
#2201=ADVANCED_FACE('',(#369),#206,.F.);
#2202=ADVANCED_FACE('',(#370),#2118,.F.);
#2203=ADVANCED_FACE('',(#371),#207,.F.);
#2204=ADVANCED_FACE('',(#372),#2119,.F.);
#2205=ADVANCED_FACE('',(#373),#208,.F.);
#2206=ADVANCED_FACE('',(#374),#209,.T.);
#2207=ADVANCED_FACE('',(#375),#210,.F.);
#2208=ADVANCED_FACE('',(#376),#211,.T.);
#2209=ADVANCED_FACE('',(#377),#212,.F.);
#2210=ADVANCED_FACE('',(#378),#213,.T.);
#2211=ADVANCED_FACE('',(#379),#214,.F.);
#2212=ADVANCED_FACE('',(#380),#215,.T.);
#2213=ADVANCED_FACE('',(#381),#216,.F.);
#2214=ADVANCED_FACE('',(#382),#217,.F.);
#2215=ADVANCED_FACE('',(#383),#218,.F.);
#2216=ADVANCED_FACE('',(#384),#219,.F.);
#2217=ADVANCED_FACE('',(#385),#220,.F.);
#2218=ADVANCED_FACE('',(#386),#221,.F.);
#2219=ADVANCED_FACE('',(#387),#222,.F.);
#2220=ADVANCED_FACE('',(#388),#223,.F.);
#2221=ADVANCED_FACE('',(#389),#224,.F.);
#2222=ADVANCED_FACE('',(#390),#2120,.F.);
#2223=ADVANCED_FACE('',(#391),#225,.F.);
#2224=ADVANCED_FACE('',(#392),#2121,.F.);
#2225=ADVANCED_FACE('',(#393),#226,.F.);
#2226=ADVANCED_FACE('',(#394),#2122,.F.);
#2227=ADVANCED_FACE('',(#395),#227,.F.);
#2228=ADVANCED_FACE('',(#396),#2123,.F.);
#2229=ADVANCED_FACE('',(#397),#228,.T.);
#2230=ADVANCED_FACE('',(#398,#287,#288,#289,#290,#291,#292),#2124,.T.);
#2231=ADVANCED_FACE('',(#399),#229,.T.);
#2232=ADVANCED_FACE('',(#400),#230,.F.);
#2233=ADVANCED_FACE('',(#401),#2125,.F.);
#2234=ADVANCED_FACE('',(#402),#231,.F.);
#2235=ADVANCED_FACE('',(#403),#232,.F.);
#2236=ADVANCED_FACE('',(#404),#2126,.F.);
#2237=ADVANCED_FACE('',(#405),#233,.F.);
#2238=ADVANCED_FACE('',(#406),#234,.F.);
#2239=ADVANCED_FACE('',(#407),#2127,.F.);
#2240=ADVANCED_FACE('',(#408),#2128,.F.);
#2241=ADVANCED_FACE('',(#409),#2129,.F.);
#2242=ADVANCED_FACE('',(#410,#293),#2130,.T.);
#2243=ADVANCED_FACE('',(#411),#235,.T.);
#2244=ADVANCED_FACE('',(#412,#294,#295,#296,#297,#298,#299),#2131,.T.);
#2245=ADVANCED_FACE('',(#413,#300),#2132,.F.);
#2246=ADVANCED_FACE('',(#414),#236,.F.);
#2247=ADVANCED_FACE('',(#415),#237,.F.);
#2248=ADVANCED_FACE('',(#416),#238,.T.);
#2249=ADVANCED_FACE('',(#417,#301),#2133,.T.);
#2250=ADVANCED_FACE('',(#418,#302),#2134,.F.);
#2251=CLOSED_SHELL('',(#2135,#2136,#2137,#2138,#2139,#2140,#2141,#2142,
#2143,#2144,#2145,#2146,#2147,#2148,#2149,#2150,#2151,#2152));
#2252=CLOSED_SHELL('',(#2153,#2154,#2155,#2156,#2157,#2158,#2159,#2160,
#2161,#2162,#2163,#2164,#2165,#2166,#2167,#2168,#2169,#2170,#2171,#2172,
#2173,#2174,#2175,#2176,#2177,#2178,#2179,#2180,#2181,#2182));
#2253=CLOSED_SHELL('',(#2183,#2184,#2185,#2186,#2187,#2188,#2189,#2190,
#2191,#2192));
#2254=CLOSED_SHELL('',(#2193,#2194,#2195));
#2255=CLOSED_SHELL('',(#2196,#2197,#2198,#2199,#2200,#2201,#2202,#2203,
#2204,#2205,#2206,#2207,#2208,#2209,#2210,#2211,#2212,#2213,#2214,#2215,
#2216,#2217,#2218,#2219,#2220,#2221,#2222,#2223,#2224,#2225,#2226,#2227,
#2228,#2229,#2230,#2231,#2232,#2233,#2234,#2235,#2236,#2237,#2238,#2239,
#2240,#2241,#2242,#2243,#2244,#2245,#2246));
#2256=CLOSED_SHELL('',(#2247,#2248,#2249,#2250));
#2257=DERIVED_UNIT_ELEMENT(#2267,1.);
#2258=DERIVED_UNIT_ELEMENT(#3904,-3.);
#2259=DERIVED_UNIT_ELEMENT(#2267,1.);
#2260=DERIVED_UNIT_ELEMENT(#3904,-3.);
#2261=DERIVED_UNIT_ELEMENT(#2267,1.);
#2262=DERIVED_UNIT_ELEMENT(#3904,-3.);
#2263=DERIVED_UNIT_ELEMENT(#2267,1.);
#2264=DERIVED_UNIT_ELEMENT(#3904,-3.);
#2265=DERIVED_UNIT_ELEMENT(#2267,1.);
#2266=DERIVED_UNIT_ELEMENT(#3904,-3.);
#2267=(
MASS_UNIT()
NAMED_UNIT(*)
SI_UNIT(.KILO.,.GRAM.)
);
#2268=DERIVED_UNIT((#2257,#2258));
#2269=DERIVED_UNIT((#2259,#2260));
#2270=DERIVED_UNIT((#2261,#2262));
#2271=DERIVED_UNIT((#2263,#2264));
#2272=DERIVED_UNIT((#2265,#2266));
#2273=MEASURE_REPRESENTATION_ITEM('density measure',
POSITIVE_RATIO_MEASURE(2700.),#2268);
#2274=MEASURE_REPRESENTATION_ITEM('density measure',
POSITIVE_RATIO_MEASURE(2810.),#2269);
#2275=MEASURE_REPRESENTATION_ITEM('density measure',
POSITIVE_RATIO_MEASURE(7850.),#2270);
#2276=MEASURE_REPRESENTATION_ITEM('density measure',
POSITIVE_RATIO_MEASURE(7850.),#2271);
#2277=MEASURE_REPRESENTATION_ITEM('density measure',
POSITIVE_RATIO_MEASURE(7850.),#2272);
#2278=PROPERTY_DEFINITION_REPRESENTATION(#2303,#2288);
#2279=PROPERTY_DEFINITION_REPRESENTATION(#2304,#2289);
#2280=PROPERTY_DEFINITION_REPRESENTATION(#2305,#2290);
#2281=PROPERTY_DEFINITION_REPRESENTATION(#2306,#2291);
#2282=PROPERTY_DEFINITION_REPRESENTATION(#2307,#2292);
#2283=PROPERTY_DEFINITION_REPRESENTATION(#2308,#2293);
#2284=PROPERTY_DEFINITION_REPRESENTATION(#2309,#2294);
#2285=PROPERTY_DEFINITION_REPRESENTATION(#2310,#2295);
#2286=PROPERTY_DEFINITION_REPRESENTATION(#2311,#2296);
#2287=PROPERTY_DEFINITION_REPRESENTATION(#2312,#2297);
#2288=REPRESENTATION('material name',(#2298),#3897);
#2289=REPRESENTATION('density',(#2273),#3897);
#2290=REPRESENTATION('material name',(#2299),#3898);
#2291=REPRESENTATION('density',(#2274),#3898);
#2292=REPRESENTATION('material name',(#2300),#3899);
#2293=REPRESENTATION('density',(#2275),#3899);
#2294=REPRESENTATION('material name',(#2301),#3900);
#2295=REPRESENTATION('density',(#2276),#3900);
#2296=REPRESENTATION('material name',(#2302),#3901);
#2297=REPRESENTATION('density',(#2277),#3901);
#2298=DESCRIPTIVE_REPRESENTATION_ITEM('Aluminum 6061-AHC',
'Aluminum 6061-AHC');
#2299=DESCRIPTIVE_REPRESENTATION_ITEM('Aluminum 7075','Aluminum 7075');
#2300=DESCRIPTIVE_REPRESENTATION_ITEM('Steel','Steel');
#2301=DESCRIPTIVE_REPRESENTATION_ITEM('Steel','Steel');
#2302=DESCRIPTIVE_REPRESENTATION_ITEM('Steel','Steel');
#2303=PROPERTY_DEFINITION('material property','material name',#3944);
#2304=PROPERTY_DEFINITION('material property','density of part',#3944);
#2305=PROPERTY_DEFINITION('material property','material name',#3945);
#2306=PROPERTY_DEFINITION('material property','density of part',#3945);
#2307=PROPERTY_DEFINITION('material property','material name',#3946);
#2308=PROPERTY_DEFINITION('material property','density of part',#3946);
#2309=PROPERTY_DEFINITION('material property','material name',#3947);
#2310=PROPERTY_DEFINITION('material property','density of part',#3947);
#2311=PROPERTY_DEFINITION('material property','material name',#3948);
#2312=PROPERTY_DEFINITION('material property','density of part',#3948);
#2313=AXIS2_PLACEMENT_3D('',#3248,#2560,#2561);
#2314=AXIS2_PLACEMENT_3D('',#3249,#2562,#2563);
#2315=AXIS2_PLACEMENT_3D('',#3250,#2564,#2565);
#2316=AXIS2_PLACEMENT_3D('',#3283,#2582,#2583);
#2317=AXIS2_PLACEMENT_3D('',#3289,#2587,#2588);
#2318=AXIS2_PLACEMENT_3D('',#3293,#2591,#2592);
#2319=AXIS2_PLACEMENT_3D('',#3297,#2595,#2596);
#2320=AXIS2_PLACEMENT_3D('',#3299,#2598,#2599);
#2321=AXIS2_PLACEMENT_3D('',#3305,#2603,#2604);
#2322=AXIS2_PLACEMENT_3D('',#3309,#2607,#2608);
#2323=AXIS2_PLACEMENT_3D('',#3313,#2611,#2612);
#2324=AXIS2_PLACEMENT_3D('',#3317,#2615,#2616);
#2325=AXIS2_PLACEMENT_3D('',#3321,#2619,#2620);
#2326=AXIS2_PLACEMENT_3D('',#3325,#2623,#2624);
#2327=AXIS2_PLACEMENT_3D('',#3329,#2627,#2628);
#2328=AXIS2_PLACEMENT_3D('',#3333,#2631,#2632);
#2329=AXIS2_PLACEMENT_3D('',#3337,#2635,#2636);
#2330=AXIS2_PLACEMENT_3D('',#3341,#2639,#2640);
#2331=AXIS2_PLACEMENT_3D('',#3345,#2643,#2644);
#2332=AXIS2_PLACEMENT_3D('',#3347,#2646,#2647);
#2333=AXIS2_PLACEMENT_3D('',#3348,#2648,#2649);
#2334=AXIS2_PLACEMENT_3D('',#3349,#2650,#2651);
#2335=AXIS2_PLACEMENT_3D('',#3351,#2652,#2653);
#2336=AXIS2_PLACEMENT_3D('',#3354,#2655,#2656);
#2337=AXIS2_PLACEMENT_3D('',#3355,#2657,#2658);
#2338=AXIS2_PLACEMENT_3D('',#3359,#2660,#2661);
#2339=AXIS2_PLACEMENT_3D('',#3360,#2662,#2663);
#2340=AXIS2_PLACEMENT_3D('',#3362,#2664,#2665);
#2341=AXIS2_PLACEMENT_3D('',#3366,#2667,#2668);
#2342=AXIS2_PLACEMENT_3D('',#3370,#2671,#2672);
#2343=AXIS2_PLACEMENT_3D('',#3371,#2673,#2674);
#2344=AXIS2_PLACEMENT_3D('',#3376,#2676,#2677);
#2345=AXIS2_PLACEMENT_3D('',#3377,#2678,#2679);
#2346=AXIS2_PLACEMENT_3D('',#3378,#2680,#2681);
#2347=AXIS2_PLACEMENT_3D('',#3380,#2682,#2683);
#2348=AXIS2_PLACEMENT_3D('',#3385,#2686,#2687);
#2349=AXIS2_PLACEMENT_3D('',#3387,#2689,#2690);
#2350=AXIS2_PLACEMENT_3D('',#3389,#2691,#2692);
#2351=AXIS2_PLACEMENT_3D('',#3392,#2694,#2695);
#2352=AXIS2_PLACEMENT_3D('',#3393,#2696,#2697);
#2353=AXIS2_PLACEMENT_3D('',#3394,#2698,#2699);
#2354=AXIS2_PLACEMENT_3D('',#3412,#2709,#2710);
#2355=AXIS2_PLACEMENT_3D('',#3430,#2720,#2721);
#2356=AXIS2_PLACEMENT_3D('',#3439,#2726,#2727);
#2357=AXIS2_PLACEMENT_3D('',#3447,#2733,#2734);
#2358=AXIS2_PLACEMENT_3D('',#3453,#2738,#2739);
#2359=AXIS2_PLACEMENT_3D('',#3456,#2742,#2743);
#2360=AXIS2_PLACEMENT_3D('',#3457,#2744,#2745);
#2361=AXIS2_PLACEMENT_3D('',#3459,#2747,#2748);
#2362=AXIS2_PLACEMENT_3D('',#3465,#2752,#2753);
#2363=AXIS2_PLACEMENT_3D('',#3469,#2756,#2757);
#2364=AXIS2_PLACEMENT_3D('',#3477,#2762,#2763);
#2365=AXIS2_PLACEMENT_3D('',#3479,#2764,#2765);
#2366=AXIS2_PLACEMENT_3D('',#3481,#2766,#2767);
#2367=AXIS2_PLACEMENT_3D('',#3483,#2768,#2769);
#2368=AXIS2_PLACEMENT_3D('',#3484,#2770,#2771);
#2369=AXIS2_PLACEMENT_3D('',#3488,#2774,#2775);
#2370=AXIS2_PLACEMENT_3D('',#3490,#2777,#2778);
#2371=AXIS2_PLACEMENT_3D('',#3492,#2780,#2781);
#2372=AXIS2_PLACEMENT_3D('',#3493,#2782,#2783);
#2373=AXIS2_PLACEMENT_3D('',#3495,#2785,#2786);
#2374=AXIS2_PLACEMENT_3D('',#3498,#2788,#2789);
#2375=AXIS2_PLACEMENT_3D('',#3499,#2790,#2791);
#2376=AXIS2_PLACEMENT_3D('',#3502,#2793,#2794);
#2377=AXIS2_PLACEMENT_3D('',#3503,#2795,#2796);
#2378=AXIS2_PLACEMENT_3D('',#3506,#2798,#2799);
#2379=AXIS2_PLACEMENT_3D('',#3507,#2800,#2801);
#2380=AXIS2_PLACEMENT_3D('',#3510,#2803,#2804);
#2381=AXIS2_PLACEMENT_3D('',#3511,#2805,#2806);
#2382=AXIS2_PLACEMENT_3D('',#3513,#2808,#2809);
#2383=AXIS2_PLACEMENT_3D('',#3515,#2811,#2812);
#2384=AXIS2_PLACEMENT_3D('',#3516,#2813,#2814);
#2385=AXIS2_PLACEMENT_3D('',#3517,#2815,#2816);
#2386=AXIS2_PLACEMENT_3D('',#3519,#2817,#2818);
#2387=AXIS2_PLACEMENT_3D('',#3522,#2820,#2821);
#2388=AXIS2_PLACEMENT_3D('',#3523,#2822,#2823);
#2389=AXIS2_PLACEMENT_3D('',#3525,#2824,#2825);
#2390=AXIS2_PLACEMENT_3D('',#3528,#2827,#2828);
#2391=AXIS2_PLACEMENT_3D('',#3529,#2829,#2830);
#2392=AXIS2_PLACEMENT_3D('',#3531,#2831,#2832);
#2393=AXIS2_PLACEMENT_3D('',#3534,#2834,#2835);
#2394=AXIS2_PLACEMENT_3D('',#3535,#2836,#2837);
#2395=AXIS2_PLACEMENT_3D('',#3537,#2838,#2839);
#2396=AXIS2_PLACEMENT_3D('',#3540,#2841,#2842);
#2397=AXIS2_PLACEMENT_3D('',#3541,#2843,#2844);
#2398=AXIS2_PLACEMENT_3D('',#3543,#2845,#2846);
#2399=AXIS2_PLACEMENT_3D('',#3546,#2848,#2849);
#2400=AXIS2_PLACEMENT_3D('',#3547,#2850,#2851);
#2401=AXIS2_PLACEMENT_3D('',#3549,#2852,#2853);
#2402=AXIS2_PLACEMENT_3D('',#3552,#2855,#2856);
#2403=AXIS2_PLACEMENT_3D('',#3553,#2857,#2858);
#2404=AXIS2_PLACEMENT_3D('',#3554,#2859,#2860);
#2405=AXIS2_PLACEMENT_3D('',#3556,#2861,#2862);
#2406=AXIS2_PLACEMENT_3D('',#3559,#2864,#2865);
#2407=AXIS2_PLACEMENT_3D('',#3560,#2866,#2867);
#2408=AXIS2_PLACEMENT_3D('',#3561,#2868,#2869);
#2409=AXIS2_PLACEMENT_3D('',#3562,#2870,#2871);
#2410=AXIS2_PLACEMENT_3D('',#3563,#2872,#2873);
#2411=AXIS2_PLACEMENT_3D('',#3565,#2874,#2875);
#2412=AXIS2_PLACEMENT_3D('',#3566,#2876,#2877);
#2413=AXIS2_PLACEMENT_3D('',#3568,#2878,#2879);
#2414=AXIS2_PLACEMENT_3D('',#3569,#2880,#2881);
#2415=AXIS2_PLACEMENT_3D('',#3571,#2883,#2884);
#2416=AXIS2_PLACEMENT_3D('',#3572,#2885,#2886);
#2417=AXIS2_PLACEMENT_3D('',#3574,#2887,#2888);
#2418=AXIS2_PLACEMENT_3D('',#3577,#2890,#2891);
#2419=AXIS2_PLACEMENT_3D('',#3578,#2892,#2893);
#2420=AXIS2_PLACEMENT_3D('',#3581,#2894,#2895);
#2421=AXIS2_PLACEMENT_3D('',#3585,#2897,#2898);
#2422=AXIS2_PLACEMENT_3D('',#3587,#2900,#2901);
#2423=AXIS2_PLACEMENT_3D('',#3593,#2905,#2906);
#2424=AXIS2_PLACEMENT_3D('',#3596,#2907,#2908);
#2425=AXIS2_PLACEMENT_3D('',#3600,#2910,#2911);
#2426=AXIS2_PLACEMENT_3D('',#3602,#2913,#2914);
#2427=AXIS2_PLACEMENT_3D('',#3608,#2918,#2919);
#2428=AXIS2_PLACEMENT_3D('',#3611,#2920,#2921);
#2429=AXIS2_PLACEMENT_3D('',#3615,#2923,#2924);
#2430=AXIS2_PLACEMENT_3D('',#3617,#2926,#2927);
#2431=AXIS2_PLACEMENT_3D('',#3623,#2931,#2932);
#2432=AXIS2_PLACEMENT_3D('',#3626,#2933,#2934);
#2433=AXIS2_PLACEMENT_3D('',#3630,#2936,#2937);
#2434=AXIS2_PLACEMENT_3D('',#3632,#2939,#2940);
#2435=AXIS2_PLACEMENT_3D('',#3638,#2944,#2945);
#2436=AXIS2_PLACEMENT_3D('',#3641,#2946,#2947);
#2437=AXIS2_PLACEMENT_3D('',#3645,#2949,#2950);
#2438=AXIS2_PLACEMENT_3D('',#3647,#2952,#2953);
#2439=AXIS2_PLACEMENT_3D('',#3648,#2954,#2955);
#2440=AXIS2_PLACEMENT_3D('',#3649,#2956,#2957);
#2441=AXIS2_PLACEMENT_3D('',#3650,#2958,#2959);
#2442=AXIS2_PLACEMENT_3D('',#3653,#2960,#2961);
#2443=AXIS2_PLACEMENT_3D('',#3657,#2963,#2964);
#2444=AXIS2_PLACEMENT_3D('',#3659,#2966,#2967);
#2445=AXIS2_PLACEMENT_3D('',#3660,#2968,#2969);
#2446=AXIS2_PLACEMENT_3D('',#3661,#2970,#2971);
#2447=AXIS2_PLACEMENT_3D('',#3662,#2972,#2973);
#2448=AXIS2_PLACEMENT_3D('',#3665,#2974,#2975);
#2449=AXIS2_PLACEMENT_3D('',#3669,#2977,#2978);
#2450=AXIS2_PLACEMENT_3D('',#3671,#2980,#2981);
#2451=AXIS2_PLACEMENT_3D('',#3672,#2982,#2983);
#2452=AXIS2_PLACEMENT_3D('',#3673,#2984,#2985);
#2453=AXIS2_PLACEMENT_3D('',#3674,#2986,#2987);
#2454=AXIS2_PLACEMENT_3D('',#3677,#2988,#2989);
#2455=AXIS2_PLACEMENT_3D('',#3681,#2991,#2992);
#2456=AXIS2_PLACEMENT_3D('',#3683,#2994,#2995);
#2457=AXIS2_PLACEMENT_3D('',#3684,#2996,#2997);
#2458=AXIS2_PLACEMENT_3D('',#3685,#2998,#2999);
#2459=AXIS2_PLACEMENT_3D('',#3686,#3000,#3001);
#2460=AXIS2_PLACEMENT_3D('',#3688,#3002,#3003);
#2461=AXIS2_PLACEMENT_3D('',#3691,#3005,#3006);
#2462=AXIS2_PLACEMENT_3D('',#3692,#3007,#3008);
#2463=AXIS2_PLACEMENT_3D('',#3694,#3009,#3010);
#2464=AXIS2_PLACEMENT_3D('',#3697,#3012,#3013);
#2465=AXIS2_PLACEMENT_3D('',#3698,#3014,#3015);
#2466=AXIS2_PLACEMENT_3D('',#3700,#3016,#3017);
#2467=AXIS2_PLACEMENT_3D('',#3703,#3019,#3020);
#2468=AXIS2_PLACEMENT_3D('',#3704,#3021,#3022);
#2469=AXIS2_PLACEMENT_3D('',#3706,#3023,#3024);
#2470=AXIS2_PLACEMENT_3D('',#3709,#3026,#3027);
#2471=AXIS2_PLACEMENT_3D('',#3710,#3028,#3029);
#2472=AXIS2_PLACEMENT_3D('',#3712,#3030,#3031);
#2473=AXIS2_PLACEMENT_3D('',#3715,#3033,#3034);
#2474=AXIS2_PLACEMENT_3D('',#3716,#3035,#3036);
#2475=AXIS2_PLACEMENT_3D('',#3718,#3037,#3038);
#2476=AXIS2_PLACEMENT_3D('',#3721,#3040,#3041);
#2477=AXIS2_PLACEMENT_3D('',#3722,#3042,#3043);
#2478=AXIS2_PLACEMENT_3D('',#3724,#3044,#3045);
#2479=AXIS2_PLACEMENT_3D('',#3727,#3047,#3048);
#2480=AXIS2_PLACEMENT_3D('',#3728,#3049,#3050);
#2481=AXIS2_PLACEMENT_3D('',#3730,#3051,#3052);
#2482=AXIS2_PLACEMENT_3D('',#3733,#3054,#3055);
#2483=AXIS2_PLACEMENT_3D('',#3734,#3056,#3057);
#2484=AXIS2_PLACEMENT_3D('',#3736,#3058,#3059);
#2485=AXIS2_PLACEMENT_3D('',#3739,#3061,#3062);
#2486=AXIS2_PLACEMENT_3D('',#3740,#3063,#3064);
#2487=AXIS2_PLACEMENT_3D('',#3743,#3067,#3068);
#2488=AXIS2_PLACEMENT_3D('',#3745,#3069,#3070);
#2489=AXIS2_PLACEMENT_3D('',#3748,#3072,#3073);
#2490=AXIS2_PLACEMENT_3D('',#3749,#3074,#3075);
#2491=AXIS2_PLACEMENT_3D('',#3752,#3078,#3079);
#2492=AXIS2_PLACEMENT_3D('',#3754,#3080,#3081);
#2493=AXIS2_PLACEMENT_3D('',#3757,#3083,#3084);
#2494=AXIS2_PLACEMENT_3D('',#3758,#3085,#3086);
#2495=AXIS2_PLACEMENT_3D('',#3761,#3089,#3090);
#2496=AXIS2_PLACEMENT_3D('',#3763,#3091,#3092);
#2497=AXIS2_PLACEMENT_3D('',#3766,#3094,#3095);
#2498=AXIS2_PLACEMENT_3D('',#3767,#3096,#3097);
#2499=AXIS2_PLACEMENT_3D('',#3770,#3100,#3101);
#2500=AXIS2_PLACEMENT_3D('',#3772,#3102,#3103);
#2501=AXIS2_PLACEMENT_3D('',#3775,#3105,#3106);
#2502=AXIS2_PLACEMENT_3D('',#3776,#3107,#3108);
#2503=AXIS2_PLACEMENT_3D('',#3779,#3109,#3110);
#2504=AXIS2_PLACEMENT_3D('',#3783,#3112,#3113);
#2505=AXIS2_PLACEMENT_3D('',#3785,#3114,#3115);
#2506=AXIS2_PLACEMENT_3D('',#3787,#3116,#3117);
#2507=AXIS2_PLACEMENT_3D('',#3791,#3119,#3120);
#2508=AXIS2_PLACEMENT_3D('',#3792,#3121,#3122);
#2509=AXIS2_PLACEMENT_3D('',#3793,#3123,#3124);
#2510=AXIS2_PLACEMENT_3D('',#3797,#3126,#3127);
#2511=AXIS2_PLACEMENT_3D('',#3799,#3129,#3130);
#2512=AXIS2_PLACEMENT_3D('',#3802,#3132,#3133);
#2513=AXIS2_PLACEMENT_3D('',#3803,#3134,#3135);
#2514=AXIS2_PLACEMENT_3D('',#3807,#3138,#3139);
#2515=AXIS2_PLACEMENT_3D('',#3810,#3141,#3142);
#2516=AXIS2_PLACEMENT_3D('',#3811,#3143,#3144);
#2517=AXIS2_PLACEMENT_3D('',#3813,#3145,#3146);
#2518=AXIS2_PLACEMENT_3D('',#3815,#3148,#3149);
#2519=AXIS2_PLACEMENT_3D('',#3819,#3152,#3153);
#2520=AXIS2_PLACEMENT_3D('',#3821,#3154,#3155);
#2521=AXIS2_PLACEMENT_3D('',#3823,#3157,#3158);
#2522=AXIS2_PLACEMENT_3D('',#3824,#3159,#3160);
#2523=AXIS2_PLACEMENT_3D('',#3825,#3161,#3162);
#2524=AXIS2_PLACEMENT_3D('',#3834,#3167,#3168);
#2525=AXIS2_PLACEMENT_3D('',#3840,#3172,#3173);
#2526=AXIS2_PLACEMENT_3D('',#3846,#3177,#3178);
#2527=AXIS2_PLACEMENT_3D('',#3847,#3179,#3180);
#2528=AXIS2_PLACEMENT_3D('',#3848,#3181,#3182);
#2529=AXIS2_PLACEMENT_3D('',#3850,#3183,#3184);
#2530=AXIS2_PLACEMENT_3D('',#3853,#3186,#3187);
#2531=AXIS2_PLACEMENT_3D('',#3854,#3188,#3189);
#2532=AXIS2_PLACEMENT_3D('',#3855,#3190,#3191);
#2533=AXIS2_PLACEMENT_3D('',#3856,#3192,#3193);
#2534=AXIS2_PLACEMENT_3D('',#3857,#3194,#3195);
#2535=AXIS2_PLACEMENT_3D('',#3858,#3196,#3197);
#2536=AXIS2_PLACEMENT_3D('',#3860,#3198,#3199);
#2537=AXIS2_PLACEMENT_3D('',#3863,#3201,#3202);
#2538=AXIS2_PLACEMENT_3D('',#3864,#3203,#3204);
#2539=AXIS2_PLACEMENT_3D('',#3866,#3205,#3206);
#2540=AXIS2_PLACEMENT_3D('',#3869,#3208,#3209);
#2541=AXIS2_PLACEMENT_3D('',#3870,#3210,#3211);
#2542=AXIS2_PLACEMENT_3D('',#3871,#3212,#3213);
#2543=AXIS2_PLACEMENT_3D('',#3872,#3214,#3215);
#2544=AXIS2_PLACEMENT_3D('',#3873,#3216,#3217);
#2545=AXIS2_PLACEMENT_3D('',#3874,#3218,#3219);
#2546=AXIS2_PLACEMENT_3D('',#3875,#3220,#3221);
#2547=AXIS2_PLACEMENT_3D('',#3876,#3222,#3223);
#2548=AXIS2_PLACEMENT_3D('',#3877,#3224,#3225);
#2549=AXIS2_PLACEMENT_3D('',#3878,#3226,#3227);
#2550=AXIS2_PLACEMENT_3D('',#3879,#3228,#3229);
#2551=AXIS2_PLACEMENT_3D('',#3880,#3230,#3231);
#2552=AXIS2_PLACEMENT_3D('',#3881,#3232,#3233);
#2553=AXIS2_PLACEMENT_3D('',#3882,#3234,#3235);
#2554=AXIS2_PLACEMENT_3D('',#3883,#3236,#3237);
#2555=AXIS2_PLACEMENT_3D('',#3884,#3238,#3239);
#2556=AXIS2_PLACEMENT_3D('',#3885,#3240,#3241);
#2557=AXIS2_PLACEMENT_3D('',#3886,#3242,#3243);
#2558=AXIS2_PLACEMENT_3D('',#3887,#3244,#3245);
#2559=AXIS2_PLACEMENT_3D('',#3888,#3246,#3247);
#2560=DIRECTION('axis',(0.,0.,1.));
#2561=DIRECTION('refdir',(1.,0.,0.));
#2562=DIRECTION('axis',(0.,0.,1.));
#2563=DIRECTION('refdir',(1.,0.,0.));
#2564=DIRECTION('center_axis',(0.,0.,-1.));
#2565=DIRECTION('ref_axis',(-1.,0.,0.));
#2566=DIRECTION('',(0.,1.,0.));
#2567=DIRECTION('',(1.,0.,0.));
#2568=DIRECTION('',(0.,-1.,0.));
#2569=DIRECTION('',(1.,0.,0.));
#2570=DIRECTION('',(0.,-1.,0.));
#2571=DIRECTION('',(-1.,0.,0.));
#2572=DIRECTION('',(0.,-1.,0.));
#2573=DIRECTION('',(-1.,-9.86864910777917E-17,0.));
#2574=DIRECTION('',(0.,1.,0.));
#2575=DIRECTION('',(-1.,0.,0.));
#2576=DIRECTION('',(-9.86864910777917E-17,1.,0.));
#2577=DIRECTION('',(1.,0.,0.));
#2578=DIRECTION('',(0.,1.,0.));
#2579=DIRECTION('',(-1.,0.,0.));
#2580=DIRECTION('',(0.,-1.,0.));
#2581=DIRECTION('',(1.,6.16790569236198E-17,0.));
#2582=DIRECTION('center_axis',(0.,-1.,0.));
#2583=DIRECTION('ref_axis',(1.,0.,0.));
#2584=DIRECTION('',(0.,0.,-1.));
#2585=DIRECTION('',(1.,0.,0.));
#2586=DIRECTION('',(0.,0.,1.));
#2587=DIRECTION('center_axis',(1.,0.,0.));
#2588=DIRECTION('ref_axis',(0.,1.,0.));
#2589=DIRECTION('',(0.,1.,0.));
#2590=DIRECTION('',(0.,0.,1.));
#2591=DIRECTION('center_axis',(-6.16790569236198E-17,1.,0.));
#2592=DIRECTION('ref_axis',(-1.,-6.16790569236198E-17,0.));
#2593=DIRECTION('',(-1.,-6.16790569236198E-17,0.));
#2594=DIRECTION('',(0.,0.,1.));
#2595=DIRECTION('center_axis',(-1.,0.,0.));
#2596=DIRECTION('ref_axis',(0.,-1.,0.));
#2597=DIRECTION('',(0.,-1.,0.));
#2598=DIRECTION('center_axis',(0.,1.,0.));
#2599=DIRECTION('ref_axis',(-1.,0.,0.));
#2600=DIRECTION('',(0.,0.,-1.));
#2601=DIRECTION('',(-1.,0.,0.));
#2602=DIRECTION('',(0.,0.,1.));
#2603=DIRECTION('center_axis',(1.,0.,0.));
#2604=DIRECTION('ref_axis',(0.,1.,0.));
#2605=DIRECTION('',(0.,1.,0.));
#2606=DIRECTION('',(0.,0.,1.));
#2607=DIRECTION('center_axis',(0.,1.,0.));
#2608=DIRECTION('ref_axis',(-1.,0.,0.));
#2609=DIRECTION('',(-1.,0.,0.));
#2610=DIRECTION('',(0.,0.,1.));
#2611=DIRECTION('center_axis',(1.,0.,0.));
#2612=DIRECTION('ref_axis',(0.,1.,0.));
#2613=DIRECTION('',(0.,1.,0.));
#2614=DIRECTION('',(0.,0.,1.));
#2615=DIRECTION('center_axis',(0.,-1.,0.));
#2616=DIRECTION('ref_axis',(1.,0.,0.));
#2617=DIRECTION('',(1.,0.,0.));
#2618=DIRECTION('',(0.,0.,1.));
#2619=DIRECTION('center_axis',(1.,0.,0.));
#2620=DIRECTION('ref_axis',(0.,1.,0.));
#2621=DIRECTION('',(0.,1.,0.));
#2622=DIRECTION('',(0.,0.,1.));
#2623=DIRECTION('center_axis',(9.86864910777917E-17,-1.,0.));
#2624=DIRECTION('ref_axis',(1.,9.86864910777917E-17,0.));
#2625=DIRECTION('',(1.,9.86864910777917E-17,0.));
#2626=DIRECTION('',(0.,0.,1.));
#2627=DIRECTION('center_axis',(-1.,0.,0.));
#2628=DIRECTION('ref_axis',(0.,-1.,0.));
#2629=DIRECTION('',(0.,-1.,0.));
#2630=DIRECTION('',(0.,0.,1.));
#2631=DIRECTION('center_axis',(0.,-1.,0.));
#2632=DIRECTION('ref_axis',(1.,0.,0.));
#2633=DIRECTION('',(1.,0.,0.));
#2634=DIRECTION('',(0.,0.,1.));
#2635=DIRECTION('center_axis',(-1.,-9.86864910777917E-17,0.));
#2636=DIRECTION('ref_axis',(9.86864910777917E-17,-1.,0.));
#2637=DIRECTION('',(9.86864910777917E-17,-1.,0.));
#2638=DIRECTION('',(0.,0.,1.));
#2639=DIRECTION('center_axis',(0.,1.,0.));
#2640=DIRECTION('ref_axis',(-1.,0.,0.));
#2641=DIRECTION('',(-1.,0.,0.));
#2642=DIRECTION('',(0.,0.,1.));
#2643=DIRECTION('center_axis',(-1.,0.,0.));
#2644=DIRECTION('ref_axis',(0.,-1.,0.));
#2645=DIRECTION('',(0.,-1.,0.));
#2646=DIRECTION('center_axis',(0.,0.,1.));
#2647=DIRECTION('ref_axis',(1.,0.,0.));
#2648=DIRECTION('axis',(0.,0.,1.));
#2649=DIRECTION('refdir',(1.,0.,0.));
#2650=DIRECTION('center_axis',(0.848048096156426,-1.11022302462516E-16,
-0.529919264233205));
#2651=DIRECTION('ref_axis',(-9.41522522342392E-17,-1.,5.88328568344127E-17));
#2652=DIRECTION('center_axis',(0.848048096156426,0.,-0.529919264233205));
#2653=DIRECTION('ref_axis',(-9.41522522342392E-17,-1.,5.88328568344127E-17));
#2654=DIRECTION('',(0.848048096156426,-1.11022302462516E-16,-0.529919264233205));
#2655=DIRECTION('center_axis',(-0.848048096156426,0.,0.529919264233205));
#2656=DIRECTION('ref_axis',(-9.41522522342392E-17,-1.,5.88328568344127E-17));
#2657=DIRECTION('center_axis',(-0.848048096156426,1.11022302462516E-16,
0.529919264233205));
#2658=DIRECTION('ref_axis',(-1.11022302462516E-16,-1.,0.));
#2659=DIRECTION('',(0.529919264233205,0.,0.848048096156426));
#2660=DIRECTION('center_axis',(0.848048096156426,-1.11022302462516E-16,
-0.529919264233205));
#2661=DIRECTION('ref_axis',(-6.93889390390722E-17,-1.,0.));
#2662=DIRECTION('center_axis',(0.848048096156426,0.,-0.529919264233205));
#2663=DIRECTION('ref_axis',(-1.94854151290184E-17,-1.,-3.1183182643667E-17));
#2664=DIRECTION('center_axis',(0.848048096156426,0.,-0.529919264233205));
#2665=DIRECTION('ref_axis',(-1.94854151290184E-17,-1.,-3.1183182643667E-17));
#2666=DIRECTION('',(0.848048096156426,0.,-0.529919264233205));
#2667=DIRECTION('center_axis',(-0.848048096156426,0.,0.529919264233205));
#2668=DIRECTION('ref_axis',(-1.94854151290184E-17,-1.,-3.1183182643667E-17));
#2669=DIRECTION('',(-0.848048096156426,0.,0.529919264233205));
#2670=DIRECTION('',(0.848048096156426,0.,-0.529919264233205));
#2671=DIRECTION('center_axis',(-0.848048096156426,0.,0.529919264233205));
#2672=DIRECTION('ref_axis',(-1.94854151290184E-17,-1.,-3.1183182643667E-17));
#2673=DIRECTION('center_axis',(-0.848048096156426,1.11022302462516E-16,
0.529919264233205));
#2674=DIRECTION('ref_axis',(-1.11022302462516E-16,-1.,0.));
#2675=DIRECTION('',(-0.529919264233205,0.,-0.848048096156426));
#2676=DIRECTION('center_axis',(0.848048096156426,-1.11022302462516E-16,
-0.529919264233205));
#2677=DIRECTION('ref_axis',(-6.93889390390722E-17,-1.,0.));
#2678=DIRECTION('center_axis',(0.848048096156426,-1.11022302462516E-16,
-0.529919264233205));
#2679=DIRECTION('ref_axis',(-6.93889390390722E-17,-1.,0.));
#2680=DIRECTION('center_axis',(0.848048096156426,0.,-0.529919264233205));
#2681=DIRECTION('ref_axis',(-1.94854151290184E-17,-1.,-3.1183182643667E-17));
#2682=DIRECTION('center_axis',(0.848048096156426,0.,-0.529919264233205));
#2683=DIRECTION('ref_axis',(-1.94854151290184E-17,-1.,-3.1183182643667E-17));
#2684=DIRECTION('',(0.848048096156426,0.,-0.529919264233205));
#2685=DIRECTION('',(0.848048096156426,0.,-0.529919264233205));
#2686=DIRECTION('center_axis',(-0.848048096156426,0.,0.529919264233205));
#2687=DIRECTION('ref_axis',(-1.94854151290184E-17,-1.,-3.1183182643667E-17));
#2688=DIRECTION('',(-0.848048096156426,0.,0.529919264233205));
#2689=DIRECTION('center_axis',(0.848048096156426,-1.11022302462516E-16,
-0.529919264233205));
#2690=DIRECTION('ref_axis',(-9.41522522342393E-17,-1.,5.88328568344126E-17));
#2691=DIRECTION('center_axis',(0.848048096156426,0.,-0.529919264233205));
#2692=DIRECTION('ref_axis',(-9.41522522342393E-17,-1.,5.88328568344126E-17));
#2693=DIRECTION('',(0.848048096156426,-1.11022302462516E-16,-0.529919264233205));
#2694=DIRECTION('center_axis',(0.848048096156426,-1.11022302462516E-16,
-0.529919264233205));
#2695=DIRECTION('ref_axis',(2.46519032881566E-32,-1.,0.));
#2696=DIRECTION('center_axis',(-0.848048096156426,1.11022302462516E-16,
0.529919264233205));
#2697=DIRECTION('ref_axis',(-1.11022302462516E-16,-1.,0.));
#2698=DIRECTION('center_axis',(0.,1.,0.));
#2699=DIRECTION('ref_axis',(-1.,0.,0.));
#2700=DIRECTION('',(-0.529919264233205,0.,-0.848048096156426));
#2701=DIRECTION('',(0.848048096156426,0.,-0.529919264233205));
#2702=DIRECTION('',(-1.07141361946628E-16,0.,-1.));
#2703=DIRECTION('',(-1.,0.,0.));
#2704=DIRECTION('',(0.,0.,1.));
#2705=DIRECTION('',(-1.,0.,0.));
#2706=DIRECTION('',(0.,0.,1.));
#2707=DIRECTION('',(-0.529919264233205,0.,-0.848048096156426));
#2708=DIRECTION('',(-0.529919264233205,0.,-0.848048096156426));
#2709=DIRECTION('center_axis',(0.,-1.,0.));
#2710=DIRECTION('ref_axis',(1.,0.,0.));
#2711=DIRECTION('',(0.529919264233205,0.,0.848048096156426));
#2712=DIRECTION('',(0.529919264233205,0.,0.848048096156426));
#2713=DIRECTION('',(0.,0.,1.));
#2714=DIRECTION('',(1.,0.,0.));
#2715=DIRECTION('',(0.,0.,1.));
#2716=DIRECTION('',(1.,0.,0.));
#2717=DIRECTION('',(-1.07141361946628E-16,0.,-1.));
#2718=DIRECTION('',(0.848048096156426,0.,-0.529919264233205));
#2719=DIRECTION('',(0.529919264233205,0.,0.848048096156426));
#2720=DIRECTION('center_axis',(0.,-1.,0.));
#2721=DIRECTION('ref_axis',(0.529919264233205,0.,0.848048096156426));
#2722=DIRECTION('',(-0.529919264233205,0.,-0.848048096156426));
#2723=DIRECTION('',(-0.848048096156426,0.,0.529919264233205));
#2724=DIRECTION('',(0.529919264233205,0.,0.848048096156426));
#2725=DIRECTION('',(-0.848048096156426,0.,0.529919264233205));
#2726=DIRECTION('center_axis',(-0.529919264233205,0.,-0.848048096156426));
#2727=DIRECTION('ref_axis',(0.,-1.,0.));
#2728=DIRECTION('',(0.,1.,0.));
#2729=DIRECTION('',(0.,-1.,0.));
#2730=DIRECTION('',(-0.848048096156426,0.,0.529919264233205));
#2731=DIRECTION('',(0.,1.,0.));
#2732=DIRECTION('',(3.16508801340475E-16,1.,-1.97776649567221E-16));
#2733=DIRECTION('center_axis',(0.,1.,0.));
#2734=DIRECTION('ref_axis',(-0.529919264233205,0.,-0.848048096156426));
#2735=DIRECTION('',(0.529919264233205,0.,0.848048096156426));
#2736=DIRECTION('',(-0.529919264233205,0.,-0.848048096156426));
#2737=DIRECTION('',(-0.848048096156426,0.,0.529919264233205));
#2738=DIRECTION('center_axis',(0.529919264233205,0.,0.848048096156426));
#2739=DIRECTION('ref_axis',(0.,1.,0.));
#2740=DIRECTION('',(0.,-1.,0.));
#2741=DIRECTION('',(0.,1.,0.));
#2742=DIRECTION('center_axis',(-0.848048096156426,0.,0.529919264233205));
#2743=DIRECTION('ref_axis',(0.529919264233205,0.,0.848048096156426));
#2744=DIRECTION('center_axis',(-0.848048096156426,0.,0.529919264233205));
#2745=DIRECTION('ref_axis',(0.,-1.,0.));
#2746=DIRECTION('',(3.48433327502559E-32,1.,-2.17725307540135E-32));
#2747=DIRECTION('center_axis',(-1.,0.,1.07141361946628E-16));
#2748=DIRECTION('ref_axis',(-1.07141361946628E-16,0.,-1.));
#2749=DIRECTION('',(-3.48433327502559E-32,-1.,2.17725307540135E-32));
#2750=DIRECTION('',(-1.07141361946628E-16,0.,-1.));
#2751=DIRECTION('',(0.,-1.,0.));
#2752=DIRECTION('center_axis',(0.,1.,0.));
#2753=DIRECTION('ref_axis',(0.,0.,1.));
#2754=DIRECTION('',(-1.,0.,0.));
#2755=DIRECTION('',(0.529919264233205,0.,0.848048096156426));
#2756=DIRECTION('center_axis',(0.,0.,1.));
#2757=DIRECTION('ref_axis',(-1.,0.,0.));
#2758=DIRECTION('',(0.,-1.,0.));
#2759=DIRECTION('',(1.,0.,0.));
#2760=DIRECTION('',(0.,-1.,0.));
#2761=DIRECTION('',(0.,1.,0.));
#2762=DIRECTION('center_axis',(0.,0.,-1.));
#2763=DIRECTION('ref_axis',(-1.,0.,0.));
#2764=DIRECTION('center_axis',(0.,0.,-1.));
#2765=DIRECTION('ref_axis',(-1.,0.,0.));
#2766=DIRECTION('center_axis',(0.,0.,-1.));
#2767=DIRECTION('ref_axis',(-1.,0.,0.));
#2768=DIRECTION('center_axis',(0.,0.,-1.));
#2769=DIRECTION('ref_axis',(-1.,0.,0.));
#2770=DIRECTION('center_axis',(1.,0.,-1.07141361946628E-16));
#2771=DIRECTION('ref_axis',(-1.07141361946628E-16,0.,-1.));
#2772=DIRECTION('',(-1.07141361946628E-16,0.,-1.));
#2773=DIRECTION('',(-3.48433327502559E-32,-1.,2.17725307540135E-32));
#2774=DIRECTION('center_axis',(0.,1.,0.));
#2775=DIRECTION('ref_axis',(0.,0.,1.));
#2776=DIRECTION('',(-0.529919264233205,0.,-0.848048096156426));
#2777=DIRECTION('center_axis',(0.848048096156426,0.,-0.529919264233205));
#2778=DIRECTION('ref_axis',(-0.529919264233205,0.,-0.848048096156426));
#2779=DIRECTION('',(-3.48433327502559E-32,-1.,2.17725307540135E-32));
#2780=DIRECTION('center_axis',(0.529919264233205,-2.18952885050753E-47,
0.848048096156426));
#2781=DIRECTION('ref_axis',(-3.48433327502559E-32,-1.,2.17725307540135E-32));
#2782=DIRECTION('center_axis',(-0.848048096156426,3.73220343014712E-16,
0.529919264233205));
#2783=DIRECTION('ref_axis',(-3.16508801340475E-16,-1.,1.97776649567221E-16));
#2784=DIRECTION('',(0.,-1.,0.));
#2785=DIRECTION('center_axis',(0.,0.,1.));
#2786=DIRECTION('ref_axis',(-1.,0.,0.));
#2787=DIRECTION('',(0.,0.,-1.));
#2788=DIRECTION('center_axis',(0.,0.,-1.));
#2789=DIRECTION('ref_axis',(-1.,0.,0.));
#2790=DIRECTION('center_axis',(0.,0.,1.));
#2791=DIRECTION('ref_axis',(-1.,0.,0.));
#2792=DIRECTION('',(0.,0.,-1.));
#2793=DIRECTION('center_axis',(0.,0.,-1.));
#2794=DIRECTION('ref_axis',(-1.,0.,0.));
#2795=DIRECTION('center_axis',(0.,0.,1.));
#2796=DIRECTION('ref_axis',(-1.,0.,0.));
#2797=DIRECTION('',(0.,0.,-1.));
#2798=DIRECTION('center_axis',(0.,0.,-1.));
#2799=DIRECTION('ref_axis',(-1.,0.,0.));
#2800=DIRECTION('center_axis',(0.,0.,1.));
#2801=DIRECTION('ref_axis',(-1.,0.,0.));
#2802=DIRECTION('',(0.,0.,-1.));
#2803=DIRECTION('center_axis',(0.,0.,-1.));
#2804=DIRECTION('ref_axis',(-1.,0.,0.));
#2805=DIRECTION('center_axis',(-1.,0.,0.));
#2806=DIRECTION('ref_axis',(0.,-1.,0.));
#2807=DIRECTION('',(0.,-1.,0.));
#2808=DIRECTION('center_axis',(1.,0.,0.));
#2809=DIRECTION('ref_axis',(0.,1.,0.));
#2810=DIRECTION('',(0.,1.,0.));
#2811=DIRECTION('center_axis',(0.,0.,1.));
#2812=DIRECTION('ref_axis',(-1.,0.,0.));
#2813=DIRECTION('axis',(0.,0.,1.));
#2814=DIRECTION('refdir',(1.,0.,0.));
#2815=DIRECTION('center_axis',(0.59966055956455,0.59966055956455,-0.529919264233205));
#2816=DIRECTION('ref_axis',(0.707106781186547,-0.707106781186548,1.47082142086032E-16));
#2817=DIRECTION('center_axis',(0.59966055956455,0.59966055956455,-0.529919264233205));
#2818=DIRECTION('ref_axis',(0.707106781186547,-0.707106781186548,1.47082142086032E-16));
#2819=DIRECTION('',(0.59966055956455,0.59966055956455,-0.529919264233205));
#2820=DIRECTION('center_axis',(-0.59966055956455,-0.59966055956455,0.529919264233205));
#2821=DIRECTION('ref_axis',(0.707106781186547,-0.707106781186548,1.47082142086032E-16));
#2822=DIRECTION('center_axis',(0.59966055956455,0.59966055956455,-0.529919264233205));
#2823=DIRECTION('ref_axis',(0.707106781186547,-0.707106781186548,1.10311606564524E-16));
#2824=DIRECTION('center_axis',(0.59966055956455,0.59966055956455,-0.529919264233205));
#2825=DIRECTION('ref_axis',(0.707106781186547,-0.707106781186548,1.10311606564524E-16));
#2826=DIRECTION('',(0.59966055956455,0.59966055956455,-0.529919264233206));
#2827=DIRECTION('center_axis',(-0.59966055956455,-0.59966055956455,0.529919264233205));
#2828=DIRECTION('ref_axis',(0.707106781186547,-0.707106781186548,1.10311606564524E-16));
#2829=DIRECTION('center_axis',(0.59966055956455,0.59966055956455,-0.529919264233205));
#2830=DIRECTION('ref_axis',(0.707106781186548,-0.707106781186548,-1.10311606564524E-16));
#2831=DIRECTION('center_axis',(0.59966055956455,0.59966055956455,-0.529919264233205));
#2832=DIRECTION('ref_axis',(0.707106781186548,-0.707106781186548,-1.10311606564524E-16));
#2833=DIRECTION('',(0.59966055956455,0.59966055956455,-0.529919264233205));
#2834=DIRECTION('center_axis',(-0.59966055956455,-0.59966055956455,0.529919264233205));
#2835=DIRECTION('ref_axis',(0.707106781186548,-0.707106781186548,-1.10311606564524E-16));
#2836=DIRECTION('center_axis',(0.59966055956455,0.59966055956455,-0.529919264233205));
#2837=DIRECTION('ref_axis',(0.707106781186547,-0.707106781186548,1.10311606564524E-16));
#2838=DIRECTION('center_axis',(0.59966055956455,0.59966055956455,-0.529919264233205));
#2839=DIRECTION('ref_axis',(0.707106781186547,-0.707106781186548,1.10311606564524E-16));
#2840=DIRECTION('',(0.59966055956455,0.59966055956455,-0.529919264233205));
#2841=DIRECTION('center_axis',(-0.59966055956455,-0.59966055956455,0.529919264233205));
#2842=DIRECTION('ref_axis',(0.707106781186547,-0.707106781186548,1.10311606564524E-16));
#2843=DIRECTION('center_axis',(0.59966055956455,0.59966055956455,-0.529919264233205));
#2844=DIRECTION('ref_axis',(0.707106781186547,-0.707106781186548,3.67705355215079E-17));
#2845=DIRECTION('center_axis',(0.59966055956455,0.59966055956455,-0.529919264233205));
#2846=DIRECTION('ref_axis',(0.707106781186547,-0.707106781186548,3.67705355215079E-17));
#2847=DIRECTION('',(0.59966055956455,0.59966055956455,-0.529919264233205));
#2848=DIRECTION('center_axis',(-0.59966055956455,-0.59966055956455,0.529919264233205));
#2849=DIRECTION('ref_axis',(0.707106781186547,-0.707106781186548,3.67705355215079E-17));
#2850=DIRECTION('center_axis',(-0.59966055956455,-0.59966055956455,0.529919264233205));
#2851=DIRECTION('ref_axis',(0.707106781186548,-0.707106781186548,-5.34844153040115E-17));
#2852=DIRECTION('center_axis',(-0.59966055956455,-0.59966055956455,0.529919264233205));
#2853=DIRECTION('ref_axis',(0.707106781186547,-0.707106781186548,1.12054105855257E-32));
#2854=DIRECTION('',(0.59966055956455,0.59966055956455,-0.529919264233205));
#2855=DIRECTION('center_axis',(0.59966055956455,0.59966055956455,-0.529919264233205));
#2856=DIRECTION('ref_axis',(0.707106781186548,-0.707106781186548,-5.34844153040115E-17));
#2857=DIRECTION('center_axis',(-0.59966055956455,-0.59966055956455,0.529919264233205));
#2858=DIRECTION('ref_axis',(0.707106781186547,-0.707106781186548,1.23259516440783E-32));
#2859=DIRECTION('center_axis',(-0.59966055956455,-0.59966055956455,0.529919264233205));
#2860=DIRECTION('ref_axis',(0.707106781186548,-0.707106781186548,-4.20234691674376E-17));
#2861=DIRECTION('center_axis',(-0.59966055956455,-0.59966055956455,0.529919264233205));
#2862=DIRECTION('ref_axis',(0.707106781186547,-0.707106781186548,3.92523114670944E-17));
#2863=DIRECTION('',(0.59966055956455,0.59966055956455,-0.529919264233205));
#2864=DIRECTION('center_axis',(-0.59966055956455,-0.59966055956455,0.529919264233205));
#2865=DIRECTION('ref_axis',(0.707106781186547,-0.707106781186548,0.));
#2866=DIRECTION('center_axis',(-0.59966055956455,-0.59966055956455,0.529919264233205));
#2867=DIRECTION('ref_axis',(0.707106781186547,-0.707106781186548,3.92523114670944E-17));
#2868=DIRECTION('center_axis',(-0.59966055956455,-0.59966055956455,0.529919264233205));
#2869=DIRECTION('ref_axis',(0.707106781186547,-0.707106781186548,0.));
#2870=DIRECTION('axis',(0.,0.,1.));
#2871=DIRECTION('refdir',(1.,0.,0.));
#2872=DIRECTION('center_axis',(-0.59966055956455,-0.59966055956455,0.529919264233205));
#2873=DIRECTION('ref_axis',(0.707106781186547,-0.707106781186548,-9.83588304988804E-18));
#2874=DIRECTION('center_axis',(0.59966055956455,0.59966055956455,-0.529919264233205));
#2875=DIRECTION('ref_axis',(0.707106781186548,-0.707106781186548,-1.10311606564524E-16));
#2876=DIRECTION('center_axis',(-0.59966055956455,-0.59966055956455,0.529919264233205));
#2877=DIRECTION('ref_axis',(0.707106781186547,-0.707106781186548,0.));
#2878=DIRECTION('center_axis',(0.59966055956455,0.59966055956455,-0.529919264233205));
#2879=DIRECTION('ref_axis',(0.707106781186547,-0.707106781186548,0.));
#2880=DIRECTION('center_axis',(-0.59966055956455,-0.59966055956455,0.529919264233205));
#2881=DIRECTION('ref_axis',(0.707106781186548,-0.707106781186548,-1.10311606564524E-16));
#2882=DIRECTION('',(0.59966055956455,0.59966055956455,-0.529919264233205));
#2883=DIRECTION('axis',(0.,0.,1.));
#2884=DIRECTION('refdir',(1.,0.,0.));
#2885=DIRECTION('center_axis',(0.59966055956455,0.59966055956455,-0.529919264233205));
#2886=DIRECTION('ref_axis',(0.707106781186547,-0.707106781186548,1.54376020227902E-16));
#2887=DIRECTION('center_axis',(0.59966055956455,0.59966055956455,-0.529919264233205));
#2888=DIRECTION('ref_axis',(0.707106781186547,-0.707106781186548,3.27287753388333E-17));
#2889=DIRECTION('',(0.59966055956455,0.59966055956455,-0.529919264233205));
#2890=DIRECTION('center_axis',(-0.59966055956455,-0.59966055956455,0.529919264233205));
#2891=DIRECTION('ref_axis',(-0.707106781186547,0.707106781186548,-6.52353612826115E-18));
#2892=DIRECTION('center_axis',(-0.59966055956455,-0.59966055956455,0.529919264233205));
#2893=DIRECTION('ref_axis',(-0.575396904239588,0.78330478422035,0.235270095016364));
#2894=DIRECTION('center_axis',(0.59966055956455,0.59966055956455,-0.529919264233205));
#2895=DIRECTION('ref_axis',(-0.575396904239588,0.78330478422035,0.235270095016364));
#2896=DIRECTION('',(-0.59966055956455,-0.59966055956455,0.529919264233205));
#2897=DIRECTION('center_axis',(-0.59966055956455,-0.59966055956455,0.529919264233205));
#2898=DIRECTION('ref_axis',(-0.575396904239588,0.78330478422035,0.235270095016364));
#2899=DIRECTION('',(0.59966055956455,0.59966055956455,-0.529919264233205));
#2900=DIRECTION('center_axis',(-0.0708601214000417,0.699375788516004,0.711232978448545));
#2901=DIRECTION('ref_axis',(-0.797111069110135,0.388948222441431,-0.461880096736967));
#2902=DIRECTION('',(-0.797111069110135,0.388948222441431,-0.461880096736966));
#2903=DIRECTION('',(0.59966055956455,0.59966055956455,-0.529919264233205));
#2904=DIRECTION('',(0.797111069110135,-0.388948222441431,0.461880096736966));
#2905=DIRECTION('center_axis',(-0.59966055956455,-0.59966055956455,0.529919264233205));
#2906=DIRECTION('ref_axis',(0.351142148429836,0.397867702912593,0.847585088693245));
#2907=DIRECTION('center_axis',(0.59966055956455,0.59966055956455,-0.529919264233205));
#2908=DIRECTION('ref_axis',(0.351142148429836,0.397867702912593,0.847585088693245));
#2909=DIRECTION('',(-0.59966055956455,-0.59966055956455,0.529919264233205));
#2910=DIRECTION('center_axis',(-0.59966055956455,-0.59966055956455,0.529919264233205));
#2911=DIRECTION('ref_axis',(0.351142148429836,0.397867702912593,0.847585088693245));
#2912=DIRECTION('',(0.59966055956455,0.59966055956455,-0.529919264233205));
#2913=DIRECTION('center_axis',(0.736200694752105,-0.153792737348515,0.659057153049239));
#2914=DIRECTION('ref_axis',(-0.31371284696239,0.785337511673536,0.533693959502232));
#2915=DIRECTION('',(-0.31371284696239,0.785337511673536,0.533693959502232));
#2916=DIRECTION('',(0.599660559564551,0.59966055956455,-0.529919264233205));
#2917=DIRECTION('',(0.31371284696239,-0.785337511673536,-0.533693959502232));
#2918=DIRECTION('center_axis',(-0.59966055956455,-0.59966055956455,0.529919264233205));
#2919=DIRECTION('ref_axis',(0.792414686851879,-0.537409020794527,0.288566298153658));
#2920=DIRECTION('center_axis',(0.59966055956455,0.59966055956455,-0.529919264233205));
#2921=DIRECTION('ref_axis',(0.792414686851879,-0.537409020794527,0.288566298153658));
#2922=DIRECTION('',(-0.59966055956455,-0.59966055956455,0.529919264233205));
#2923=DIRECTION('center_axis',(-0.59966055956455,-0.59966055956455,0.529919264233205));
#2924=DIRECTION('ref_axis',(0.792414686851879,-0.537409020794527,0.288566298153658));
#2925=DIRECTION('',(0.59966055956455,0.59966055956455,-0.529919264233205));
#2926=DIRECTION('center_axis',(0.525857173298129,-0.794424927420272,-0.303913257335374));
#2927=DIRECTION('ref_axis',(0.603225866979883,0.0964170524130819,0.791721103299856));
#2928=DIRECTION('',(0.603225866979883,0.0964170524130822,0.791721103299856));
#2929=DIRECTION('',(0.59966055956455,0.59966055956455,-0.529919264233205));
#2930=DIRECTION('',(-0.603225866979883,-0.0964170524130822,-0.791721103299856));
#2931=DIRECTION('center_axis',(-0.59966055956455,-0.59966055956455,0.529919264233205));
#2932=DIRECTION('ref_axis',(0.13859706122923,-0.730004743624406,-0.669241308426554));
#2933=DIRECTION('center_axis',(0.59966055956455,0.59966055956455,-0.529919264233205));
#2934=DIRECTION('ref_axis',(0.13859706122923,-0.730004743624406,-0.669241308426554));
#2935=DIRECTION('',(-0.59966055956455,-0.59966055956455,0.529919264233205));
#2936=DIRECTION('center_axis',(-0.59966055956455,-0.59966055956455,0.529919264233205));
#2937=DIRECTION('ref_axis',(0.13859706122923,-0.730004743624406,-0.669241308426554));
#2938=DIRECTION('',(0.59966055956455,0.59966055956455,-0.529919264233205));
#2939=DIRECTION('center_axis',(-0.411203088425918,-0.337188869307381,-0.846885875714194));
#2940=DIRECTION('ref_axis',(0.686526935649081,-0.725748496187171,-0.0443834080523546));
#2941=DIRECTION('',(0.686526935649081,-0.725748496187172,-0.0443834080523545));
#2942=DIRECTION('',(0.59966055956455,0.59966055956455,-0.529919264233205));
#2943=DIRECTION('',(-0.686526935649081,0.725748496187171,0.0443834080523546));
#2944=DIRECTION('center_axis',(-0.59966055956455,-0.59966055956455,0.529919264233205));
#2945=DIRECTION('ref_axis',(-0.730004743624408,0.138597061229235,-0.66924130842655));
#2946=DIRECTION('center_axis',(0.59966055956455,0.59966055956455,-0.529919264233205));
#2947=DIRECTION('ref_axis',(-0.730004743624408,0.138597061229235,-0.66924130842655));
#2948=DIRECTION('',(-0.59966055956455,-0.59966055956455,0.529919264233205));
#2949=DIRECTION('center_axis',(-0.59966055956455,-0.59966055956455,0.529919264233205));
#2950=DIRECTION('ref_axis',(-0.730004743624408,0.138597061229235,-0.66924130842655));
#2951=DIRECTION('',(0.59966055956455,0.59966055956455,-0.529919264233205));
#2952=DIRECTION('center_axis',(-0.59966055956455,-0.59966055956455,0.529919264233205));
#2953=DIRECTION('ref_axis',(0.137861904433455,0.574877928882276,0.806541667981268));
#2954=DIRECTION('center_axis',(-0.59966055956455,-0.59966055956455,0.529919264233205));
#2955=DIRECTION('ref_axis',(0.137861904433455,0.574877928882276,0.806541667981268));
#2956=DIRECTION('center_axis',(0.59966055956455,0.59966055956455,-0.529919264233205));
#2957=DIRECTION('ref_axis',(0.137861904433455,0.574877928882276,0.806541667981268));
#2958=DIRECTION('center_axis',(-0.59966055956455,-0.59966055956455,0.529919264233205));
#2959=DIRECTION('ref_axis',(-0.537409020794523,0.792414686851885,0.28856629815365));
#2960=DIRECTION('center_axis',(0.59966055956455,0.59966055956455,-0.529919264233205));
#2961=DIRECTION('ref_axis',(-0.537409020794523,0.792414686851885,0.28856629815365));
#2962=DIRECTION('',(-0.59966055956455,-0.59966055956455,0.529919264233205));
#2963=DIRECTION('center_axis',(-0.59966055956455,-0.59966055956455,0.529919264233205));
#2964=DIRECTION('ref_axis',(-0.537409020794523,0.792414686851885,0.28856629815365));
#2965=DIRECTION('',(0.59966055956455,0.59966055956455,-0.529919264233205));
#2966=DIRECTION('center_axis',(-0.59966055956455,-0.59966055956455,0.529919264233205));
#2967=DIRECTION('ref_axis',(0.792310123880212,-0.351812681755157,0.498470164155456));
#2968=DIRECTION('center_axis',(-0.59966055956455,-0.59966055956455,0.529919264233205));
#2969=DIRECTION('ref_axis',(0.792310123880212,-0.351812681755157,0.498470164155456));
#2970=DIRECTION('center_axis',(0.59966055956455,0.59966055956455,-0.529919264233205));
#2971=DIRECTION('ref_axis',(0.792310123880212,-0.351812681755157,0.498470164155456));
#2972=DIRECTION('center_axis',(-0.59966055956455,-0.59966055956455,0.529919264233205));
#2973=DIRECTION('ref_axis',(0.397867702912593,0.351142148429836,0.847585088693245));
#2974=DIRECTION('center_axis',(0.59966055956455,0.59966055956455,-0.529919264233205));
#2975=DIRECTION('ref_axis',(0.397867702912593,0.351142148429836,0.847585088693245));
#2976=DIRECTION('',(-0.59966055956455,-0.59966055956455,0.529919264233205));
#2977=DIRECTION('center_axis',(-0.59966055956455,-0.59966055956455,0.529919264233205));
#2978=DIRECTION('ref_axis',(0.397867702912593,0.351142148429836,0.847585088693245));
#2979=DIRECTION('',(0.59966055956455,0.59966055956455,-0.529919264233205));
#2980=DIRECTION('center_axis',(-0.59966055956455,-0.59966055956455,0.529919264233205));
#2981=DIRECTION('ref_axis',(0.351812681755156,-0.792310123880213,-0.498470164155456));
#2982=DIRECTION('center_axis',(-0.59966055956455,-0.59966055956455,0.529919264233205));
#2983=DIRECTION('ref_axis',(0.351812681755156,-0.792310123880213,-0.498470164155456));
#2984=DIRECTION('center_axis',(0.59966055956455,0.59966055956455,-0.529919264233205));
#2985=DIRECTION('ref_axis',(0.351812681755156,-0.792310123880213,-0.498470164155456));
#2986=DIRECTION('center_axis',(-0.59966055956455,-0.59966055956455,0.529919264233205));
#2987=DIRECTION('ref_axis',(0.783304784220352,-0.575396904239583,0.23527009501637));
#2988=DIRECTION('center_axis',(0.59966055956455,0.59966055956455,-0.529919264233205));
#2989=DIRECTION('ref_axis',(0.783304784220352,-0.575396904239583,0.23527009501637));
#2990=DIRECTION('',(-0.59966055956455,-0.59966055956455,0.529919264233205));
#2991=DIRECTION('center_axis',(-0.59966055956455,-0.59966055956455,0.529919264233205));
#2992=DIRECTION('ref_axis',(0.783304784220352,-0.575396904239583,0.23527009501637));
#2993=DIRECTION('',(0.59966055956455,0.59966055956455,-0.529919264233205));
#2994=DIRECTION('center_axis',(-0.59966055956455,-0.59966055956455,0.529919264233205));
#2995=DIRECTION('ref_axis',(-0.574877928882276,-0.137861904433455,-0.806541667981268));
#2996=DIRECTION('center_axis',(-0.59966055956455,-0.59966055956455,0.529919264233205));
#2997=DIRECTION('ref_axis',(-0.574877928882276,-0.137861904433455,-0.806541667981268));
#2998=DIRECTION('center_axis',(0.59966055956455,0.59966055956455,-0.529919264233205));
#2999=DIRECTION('ref_axis',(-0.574877928882276,-0.137861904433455,-0.806541667981268));
#3000=DIRECTION('center_axis',(-0.59966055956455,-0.59966055956455,0.529919264233205));
#3001=DIRECTION('ref_axis',(0.533720939501164,0.1937169979449,0.82317415134661));
#3002=DIRECTION('center_axis',(0.59966055956455,0.59966055956455,-0.529919264233205));
#3003=DIRECTION('ref_axis',(0.533720939501164,0.1937169979449,0.82317415134661));
#3004=DIRECTION('',(-0.59966055956455,-0.59966055956455,0.529919264233205));
#3005=DIRECTION('center_axis',(-0.59966055956455,-0.59966055956455,0.529919264233205));
#3006=DIRECTION('ref_axis',(0.533720939501164,0.1937169979449,0.82317415134661));
#3007=DIRECTION('center_axis',(-0.59966055956455,-0.59966055956455,0.529919264233205));
#3008=DIRECTION('ref_axis',(0.137861904433455,0.574877928882276,0.806541667981268));
#3009=DIRECTION('center_axis',(-0.59966055956455,-0.59966055956455,0.529919264233205));
#3010=DIRECTION('ref_axis',(0.137861904433455,0.574877928882276,0.806541667981268));
#3011=DIRECTION('',(0.59966055956455,0.59966055956455,-0.529919264233205));
#3012=DIRECTION('center_axis',(0.59966055956455,0.59966055956455,-0.529919264233205));
#3013=DIRECTION('ref_axis',(0.137861904433455,0.574877928882276,0.806541667981268));
#3014=DIRECTION('center_axis',(-0.599660559564551,-0.59966055956455,0.529919264233205));
#3015=DIRECTION('ref_axis',(0.73202428867996,-0.678589867716256,0.0604667860517834));
#3016=DIRECTION('center_axis',(0.59966055956455,0.59966055956455,-0.529919264233205));
#3017=DIRECTION('ref_axis',(0.73202428867996,-0.678589867716256,0.0604667860517834));
#3018=DIRECTION('',(-0.59966055956455,-0.59966055956455,0.529919264233205));
#3019=DIRECTION('center_axis',(-0.59966055956455,-0.59966055956455,0.529919264233205));
#3020=DIRECTION('ref_axis',(0.73202428867996,-0.678589867716256,0.0604667860517834));
#3021=DIRECTION('center_axis',(-0.59966055956455,-0.59966055956455,0.529919264233205));
#3022=DIRECTION('ref_axis',(0.792310123880212,-0.351812681755157,0.498470164155456));
#3023=DIRECTION('center_axis',(-0.59966055956455,-0.59966055956455,0.529919264233205));
#3024=DIRECTION('ref_axis',(0.792310123880212,-0.351812681755157,0.498470164155456));
#3025=DIRECTION('',(0.59966055956455,0.59966055956455,-0.529919264233205));
#3026=DIRECTION('center_axis',(0.59966055956455,0.59966055956455,-0.529919264233205));
#3027=DIRECTION('ref_axis',(0.792310123880212,-0.351812681755157,0.498470164155456));
#3028=DIRECTION('center_axis',(-0.59966055956455,-0.59966055956455,0.529919264233205));
#3029=DIRECTION('ref_axis',(-0.0813050485064818,-0.613108600614841,-0.785803622376144));
#3030=DIRECTION('center_axis',(0.59966055956455,0.59966055956455,-0.529919264233205));
#3031=DIRECTION('ref_axis',(-0.0813050485064818,-0.613108600614841,-0.785803622376144));
#3032=DIRECTION('',(-0.59966055956455,-0.59966055956455,0.529919264233205));
#3033=DIRECTION('center_axis',(-0.59966055956455,-0.59966055956455,0.529919264233205));
#3034=DIRECTION('ref_axis',(-0.0813050485064818,-0.613108600614841,-0.785803622376144));
#3035=DIRECTION('center_axis',(-0.59966055956455,-0.59966055956455,0.529919264233205));
#3036=DIRECTION('ref_axis',(0.351812681755156,-0.792310123880213,-0.498470164155456));
#3037=DIRECTION('center_axis',(-0.59966055956455,-0.59966055956455,0.529919264233205));
#3038=DIRECTION('ref_axis',(0.351812681755156,-0.792310123880213,-0.498470164155456));
#3039=DIRECTION('',(0.59966055956455,0.59966055956455,-0.529919264233205));
#3040=DIRECTION('center_axis',(0.59966055956455,0.59966055956455,-0.529919264233205));
#3041=DIRECTION('ref_axis',(0.351812681755156,-0.792310123880213,-0.498470164155456));
#3042=DIRECTION('center_axis',(-0.59966055956455,-0.59966055956455,0.529919264233205));
#3043=DIRECTION('ref_axis',(-0.782273572113926,0.299667913741399,-0.546120133163022));
#3044=DIRECTION('center_axis',(0.59966055956455,0.59966055956455,-0.529919264233205));
#3045=DIRECTION('ref_axis',(-0.782273572113926,0.299667913741399,-0.546120133163022));
#3046=DIRECTION('',(-0.59966055956455,-0.59966055956455,0.529919264233205));
#3047=DIRECTION('center_axis',(-0.59966055956455,-0.59966055956455,0.529919264233205));
#3048=DIRECTION('ref_axis',(-0.782273572113926,0.299667913741399,-0.546120133163022));
#3049=DIRECTION('center_axis',(-0.59966055956455,-0.59966055956455,0.529919264233205));
#3050=DIRECTION('ref_axis',(-0.574877928882276,-0.137861904433455,-0.806541667981268));
#3051=DIRECTION('center_axis',(-0.59966055956455,-0.59966055956455,0.529919264233205));
#3052=DIRECTION('ref_axis',(-0.574877928882276,-0.137861904433455,-0.806541667981268));
#3053=DIRECTION('',(0.59966055956455,0.59966055956455,-0.529919264233205));
#3054=DIRECTION('center_axis',(0.59966055956455,0.59966055956455,-0.529919264233205));
#3055=DIRECTION('ref_axis',(-0.574877928882276,-0.137861904433455,-0.806541667981268));
#3056=DIRECTION('center_axis',(-0.59966055956455,-0.59966055956455,0.529919264233205));
#3057=DIRECTION('ref_axis',(0.299667913741403,-0.782273572113928,-0.546120133163017));
#3058=DIRECTION('center_axis',(0.59966055956455,0.59966055956455,-0.529919264233205));
#3059=DIRECTION('ref_axis',(0.299667913741403,-0.782273572113928,-0.546120133163017));
#3060=DIRECTION('',(-0.59966055956455,-0.59966055956455,0.529919264233205));
#3061=DIRECTION('center_axis',(-0.59966055956455,-0.59966055956455,0.529919264233205));
#3062=DIRECTION('ref_axis',(0.299667913741403,-0.782273572113928,-0.546120133163017));
#3063=DIRECTION('center_axis',(-0.337188869307382,-0.411203088425917,-0.846885875714194));
#3064=DIRECTION('ref_axis',(0.725748496187171,-0.686526935649082,0.0443834080523546));
#3065=DIRECTION('',(-0.725748496187171,0.686526935649082,-0.0443834080523545));
#3066=DIRECTION('',(0.725748496187171,-0.686526935649082,0.0443834080523546));
#3067=DIRECTION('center_axis',(-0.59966055956455,-0.59966055956455,0.529919264233205));
#3068=DIRECTION('ref_axis',(-0.613108600614841,-0.0813050485064882,-0.785803622376144));
#3069=DIRECTION('center_axis',(0.59966055956455,0.59966055956455,-0.529919264233205));
#3070=DIRECTION('ref_axis',(-0.613108600614841,-0.0813050485064882,-0.785803622376144));
#3071=DIRECTION('',(-0.59966055956455,-0.59966055956455,0.529919264233205));
#3072=DIRECTION('center_axis',(-0.59966055956455,-0.59966055956455,0.529919264233205));
#3073=DIRECTION('ref_axis',(-0.613108600614841,-0.0813050485064882,-0.785803622376144));
#3074=DIRECTION('center_axis',(-0.794424927420271,0.52585717329813,-0.303913257335374));
#3075=DIRECTION('ref_axis',(-0.0964170524130826,-0.603225866979883,-0.791721103299856));
#3076=DIRECTION('',(0.0964170524130827,0.603225866979883,0.791721103299856));
#3077=DIRECTION('',(-0.0964170524130828,-0.603225866979883,-0.791721103299856));
#3078=DIRECTION('center_axis',(-0.59966055956455,-0.59966055956455,0.529919264233205));
#3079=DIRECTION('ref_axis',(-0.678589867716257,0.732024288679961,0.0604667860517704));
#3080=DIRECTION('center_axis',(0.59966055956455,0.59966055956455,-0.529919264233205));
#3081=DIRECTION('ref_axis',(-0.678589867716257,0.732024288679961,0.0604667860517704));
#3082=DIRECTION('',(-0.59966055956455,-0.59966055956455,0.529919264233205));
#3083=DIRECTION('center_axis',(-0.59966055956455,-0.59966055956455,0.529919264233205));
#3084=DIRECTION('ref_axis',(-0.678589867716257,0.732024288679961,0.0604667860517704));
#3085=DIRECTION('center_axis',(-0.153792737348514,0.736200694752105,0.659057153049239));
#3086=DIRECTION('ref_axis',(-0.785337511673536,0.313712846962391,-0.533693959502232));
#3087=DIRECTION('',(0.785337511673536,-0.313712846962391,0.533693959502232));
#3088=DIRECTION('',(-0.785337511673536,0.313712846962391,-0.533693959502232));
#3089=DIRECTION('center_axis',(-0.59966055956455,-0.59966055956455,0.529919264233205));
#3090=DIRECTION('ref_axis',(0.193716997944905,0.533720939501162,0.823174151346609));
#3091=DIRECTION('center_axis',(0.59966055956455,0.59966055956455,-0.529919264233205));
#3092=DIRECTION('ref_axis',(0.193716997944905,0.533720939501162,0.823174151346609));
#3093=DIRECTION('',(-0.59966055956455,-0.59966055956455,0.529919264233205));
#3094=DIRECTION('center_axis',(-0.59966055956455,-0.59966055956455,0.529919264233205));
#3095=DIRECTION('ref_axis',(0.193716997944905,0.533720939501162,0.823174151346609));
#3096=DIRECTION('center_axis',(0.699375788516004,-0.0708601214000423,0.711232978448545));
#3097=DIRECTION('ref_axis',(-0.38894822244143,0.797111069110135,0.461880096736967));
#3098=DIRECTION('',(0.38894822244143,-0.797111069110135,-0.461880096736966));
#3099=DIRECTION('',(-0.38894822244143,0.797111069110135,0.461880096736966));
#3100=DIRECTION('center_axis',(0.59966055956455,0.59966055956455,-0.529919264233205));
#3101=DIRECTION('ref_axis',(0.707106781186548,-0.707106781186548,-1.10172975201469E-16));
#3102=DIRECTION('center_axis',(-0.59966055956455,-0.59966055956455,0.529919264233205));
#3103=DIRECTION('ref_axis',(0.707106781186548,-0.707106781186548,-1.10172975201469E-16));
#3104=DIRECTION('',(0.59966055956455,0.59966055956455,-0.529919264233205));
#3105=DIRECTION('center_axis',(-0.59966055956455,-0.59966055956455,0.529919264233205));
#3106=DIRECTION('ref_axis',(0.707106781186547,-0.707106781186548,3.27287753388333E-17));
#3107=DIRECTION('center_axis',(-0.59966055956455,-0.59966055956455,0.529919264233205));
#3108=DIRECTION('ref_axis',(0.707106781186547,-0.707106781186548,3.27287753388333E-17));
#3109=DIRECTION('center_axis',(-0.59966055956455,-0.59966055956455,0.529919264233205));
#3110=DIRECTION('ref_axis',(0.7983135566448,-0.402166607560716,0.448282818140775));
#3111=DIRECTION('',(0.544954290340878,0.178928886556439,0.819151558012767));
#3112=DIRECTION('center_axis',(-0.59966055956455,-0.59966055956455,0.529919264233205));
#3113=DIRECTION('ref_axis',(0.0862412772859835,-0.706756992271367,-0.702180173436713));
#3114=DIRECTION('center_axis',(0.59966055956455,0.59966055956455,-0.529919264233205));
#3115=DIRECTION('ref_axis',(-0.707106781186547,0.707106781186548,-2.35380630585598E-17));
#3116=DIRECTION('center_axis',(-0.59966055956455,-0.59966055956455,0.529919264233205));
#3117=DIRECTION('ref_axis',(-0.706756992271367,0.0862412772859835,-0.702180173436713));
#3118=DIRECTION('',(-0.178928886556439,-0.544954290340878,-0.819151558012767));
#3119=DIRECTION('center_axis',(-0.59966055956455,-0.59966055956455,0.529919264233205));
#3120=DIRECTION('ref_axis',(-0.402166607560716,0.7983135566448,0.448282818140775));
#3121=DIRECTION('center_axis',(-0.59966055956455,-0.59966055956455,0.529919264233205));
#3122=DIRECTION('ref_axis',(-0.707106781186547,0.707106781186548,-6.03085985800677E-17));
#3123=DIRECTION('center_axis',(-0.59966055956455,-0.59966055956455,0.529919264233205));
#3124=DIRECTION('ref_axis',(-0.707106781186547,0.707106781186548,-2.35380630585598E-17));
#3125=DIRECTION('',(-0.59966055956455,-0.59966055956455,0.529919264233205));
#3126=DIRECTION('center_axis',(0.59966055956455,0.59966055956455,-0.529919264233205));
#3127=DIRECTION('ref_axis',(-0.707106781186547,0.707106781186548,-2.35380630585598E-17));
#3128=DIRECTION('',(0.59966055956455,0.59966055956455,-0.529919264233205));
#3129=DIRECTION('center_axis',(-0.59966055956455,-0.59966055956455,0.529919264233205));
#3130=DIRECTION('ref_axis',(0.0862412772859835,-0.706756992271367,-0.702180173436713));
#3131=DIRECTION('',(0.59966055956455,0.59966055956455,-0.529919264233205));
#3132=DIRECTION('center_axis',(0.59966055956455,0.59966055956455,-0.529919264233205));
#3133=DIRECTION('ref_axis',(0.0862412772859835,-0.706756992271367,-0.702180173436713));
#3134=DIRECTION('center_axis',(0.586030745560163,-0.779994658224275,-0.219490998448217));
#3135=DIRECTION('ref_axis',(0.544954290340878,0.178928886556439,0.819151558012767));
#3136=DIRECTION('',(-0.59966055956455,-0.59966055956455,0.529919264233205));
#3137=DIRECTION('',(0.544954290340878,0.178928886556439,0.819151558012767));
#3138=DIRECTION('center_axis',(-0.59966055956455,-0.59966055956455,0.529919264233205));
#3139=DIRECTION('ref_axis',(0.7983135566448,-0.402166607560716,0.448282818140775));
#3140=DIRECTION('',(0.59966055956455,0.59966055956455,-0.529919264233205));
#3141=DIRECTION('center_axis',(0.59966055956455,0.59966055956455,-0.529919264233205));
#3142=DIRECTION('ref_axis',(0.7983135566448,-0.402166607560716,0.448282818140775));
#3143=DIRECTION('center_axis',(-0.59966055956455,-0.59966055956455,0.529919264233205));
#3144=DIRECTION('ref_axis',(-0.706756992271367,0.0862412772859835,-0.702180173436713));
#3145=DIRECTION('center_axis',(0.59966055956455,0.59966055956455,-0.529919264233205));
#3146=DIRECTION('ref_axis',(-0.706756992271367,0.0862412772859835,-0.702180173436713));
#3147=DIRECTION('',(-0.59966055956455,-0.59966055956455,0.529919264233205));
#3148=DIRECTION('center_axis',(-0.779994658224275,0.586030745560164,-0.219490998448217));
#3149=DIRECTION('ref_axis',(-0.178928886556439,-0.544954290340878,-0.819151558012767));
#3150=DIRECTION('',(-0.178928886556439,-0.544954290340878,-0.819151558012767));
#3151=DIRECTION('',(0.59966055956455,0.59966055956455,-0.529919264233205));
#3152=DIRECTION('center_axis',(-0.59966055956455,-0.59966055956455,0.529919264233205));
#3153=DIRECTION('ref_axis',(-0.402166607560716,0.7983135566448,0.448282818140775));
#3154=DIRECTION('center_axis',(0.59966055956455,0.59966055956455,-0.529919264233205));
#3155=DIRECTION('ref_axis',(-0.402166607560716,0.7983135566448,0.448282818140775));
#3156=DIRECTION('',(-0.59966055956455,-0.59966055956455,0.529919264233205));
#3157=DIRECTION('center_axis',(-0.59966055956455,-0.59966055956455,0.529919264233205));
#3158=DIRECTION('ref_axis',(-0.707106781186547,0.707106781186548,-6.03085985800677E-17));
#3159=DIRECTION('center_axis',(-0.59966055956455,-0.59966055956455,0.529919264233205));
#3160=DIRECTION('ref_axis',(-0.707106781186547,0.707106781186548,-6.03085985800677E-17));
#3161=DIRECTION('center_axis',(0.374709505220686,0.374709505220685,0.848048096156426));
#3162=DIRECTION('ref_axis',(-0.707106781186547,0.707106781186548,3.27287753388332E-17));
#3163=DIRECTION('',(0.707106781186547,-0.707106781186548,-2.77555756156289E-17));
#3164=DIRECTION('',(-0.59966055956455,-0.59966055956455,0.529919264233206));
#3165=DIRECTION('',(-0.707106781186547,0.707106781186548,2.77555756156289E-17));
#3166=DIRECTION('',(-0.59966055956455,-0.59966055956455,0.529919264233206));
#3167=DIRECTION('center_axis',(0.707106781186547,-0.707106781186548,0.));
#3168=DIRECTION('ref_axis',(0.374709505220686,0.374709505220685,0.848048096156426));
#3169=DIRECTION('',(-0.374709505220685,-0.374709505220685,-0.848048096156426));
#3170=DIRECTION('',(0.374709505220685,0.374709505220685,0.848048096156426));
#3171=DIRECTION('',(0.59966055956455,0.59966055956455,-0.529919264233205));
#3172=DIRECTION('center_axis',(-0.707106781186547,0.707106781186548,0.));
#3173=DIRECTION('ref_axis',(-0.374709505220686,-0.374709505220685,-0.848048096156426));
#3174=DIRECTION('',(0.374709505220685,0.374709505220685,0.848048096156426));
#3175=DIRECTION('',(-0.59966055956455,-0.59966055956455,0.529919264233205));
#3176=DIRECTION('',(-0.374709505220685,-0.374709505220685,-0.848048096156426));
#3177=DIRECTION('center_axis',(-0.59966055956455,-0.59966055956455,0.529919264233205));
#3178=DIRECTION('ref_axis',(0.707106781186547,-0.707106781186548,7.19810868059276E-17));
#3179=DIRECTION('center_axis',(0.59966055956455,0.59966055956455,-0.529919264233205));
#3180=DIRECTION('ref_axis',(0.707106781186547,-0.707106781186548,7.19810868059276E-17));
#3181=DIRECTION('center_axis',(-0.599660559564551,-0.599660559564549,0.529919264233206));
#3182=DIRECTION('ref_axis',(-0.707106781186547,0.707106781186548,-3.58875506365123E-16));
#3183=DIRECTION('center_axis',(0.59966055956455,0.59966055956455,-0.529919264233205));
#3184=DIRECTION('ref_axis',(-0.707106781186547,0.707106781186548,-3.58875506365123E-16));
#3185=DIRECTION('',(-0.599660559564551,-0.599660559564549,0.529919264233206));
#3186=DIRECTION('center_axis',(0.59966055956455,0.59966055956455,-0.529919264233205));
#3187=DIRECTION('ref_axis',(-0.707106781186547,0.707106781186548,-6.52353612826115E-18));
#3188=DIRECTION('center_axis',(0.59966055956455,0.59966055956455,-0.529919264233205));
#3189=DIRECTION('ref_axis',(-0.707106781186547,0.707106781186548,-6.52353612826115E-18));
#3190=DIRECTION('center_axis',(-0.59966055956455,-0.59966055956455,0.529919264233205));
#3191=DIRECTION('ref_axis',(0.707106781186547,-0.707106781186548,7.19810868059276E-17));
#3192=DIRECTION('center_axis',(-0.59966055956455,-0.59966055956455,0.529919264233205));
#3193=DIRECTION('ref_axis',(0.707106781186547,-0.707106781186548,7.19810868059276E-17));
#3194=DIRECTION('center_axis',(-0.59966055956455,-0.59966055956455,0.529919264233205));
#3195=DIRECTION('ref_axis',(-0.374709505220687,-0.374709505220684,-0.848048096156426));
#3196=DIRECTION('center_axis',(0.59966055956455,0.59966055956455,-0.529919264233205));
#3197=DIRECTION('ref_axis',(0.707106781186547,-0.707106781186548,3.99228191280431E-17));
#3198=DIRECTION('center_axis',(-0.59966055956455,-0.59966055956455,0.529919264233205));
#3199=DIRECTION('ref_axis',(0.707106781186547,-0.707106781186548,5.55111512312579E-17));
#3200=DIRECTION('',(-0.59966055956455,-0.59966055956455,0.529919264233205));
#3201=DIRECTION('center_axis',(0.59966055956455,0.59966055956455,-0.529919264233205));
#3202=DIRECTION('ref_axis',(0.707106781186547,-0.707106781186548,5.55111512312578E-17));
#3203=DIRECTION('center_axis',(0.59966055956455,0.59966055956455,-0.529919264233205));
#3204=DIRECTION('ref_axis',(0.707106781186547,-0.707106781186548,3.99228191280431E-17));
#3205=DIRECTION('center_axis',(0.59966055956455,0.59966055956455,-0.529919264233205));
#3206=DIRECTION('ref_axis',(0.707106781186547,-0.707106781186548,5.55111512312579E-17));
#3207=DIRECTION('',(-0.59966055956455,-0.59966055956455,0.529919264233205));
#3208=DIRECTION('center_axis',(-0.59966055956455,-0.59966055956455,0.529919264233205));
#3209=DIRECTION('ref_axis',(0.707106781186547,-0.707106781186548,5.55111512312578E-17));
#3210=DIRECTION('center_axis',(-0.59966055956455,-0.59966055956455,0.529919264233205));
#3211=DIRECTION('ref_axis',(0.707106781186547,-0.707106781186548,5.55111512312578E-17));
#3212=DIRECTION('center_axis',(-0.59966055956455,-0.59966055956455,0.529919264233205));
#3213=DIRECTION('ref_axis',(0.707106781186547,-0.707106781186548,5.55111512312579E-17));
#3214=DIRECTION('',(0.,0.,1.));
#3215=DIRECTION('',(1.,0.,0.));
#3216=DIRECTION('',(0.,0.,1.));
#3217=DIRECTION('',(0.707106781186548,0.707106781186547,0.));
#3218=DIRECTION('',(0.,0.,1.));
#3219=DIRECTION('',(1.,0.,0.));
#3220=DIRECTION('',(-0.342403612635843,0.257256946928707,0.90364740320041));
#3221=DIRECTION('',(0.914201702184234,0.313135930516398,0.257256946928706));
#3222=DIRECTION('',(-0.342403612635843,0.257256946928707,0.90364740320041));
#3223=DIRECTION('',(0.914201702184234,0.313135930516398,0.257256946928706));
#3224=DIRECTION('',(0.,0.,1.));
#3225=DIRECTION('',(-0.707106781186547,0.707106781186548,0.));
#3226=DIRECTION('',(0.,0.,1.));
#3227=DIRECTION('',(6.12323399573677E-17,1.,0.));
#3228=DIRECTION('',(-0.257256946928707,-0.342403612635843,0.90364740320041));
#3229=DIRECTION('',(-0.313135930516398,0.914201702184234,0.257256946928706));
#3230=DIRECTION('',(-0.257256946928707,-0.342403612635843,0.90364740320041));
#3231=DIRECTION('',(-0.313135930516398,0.914201702184234,0.257256946928706));
#3232=DIRECTION('',(0.,0.,1.));
#3233=DIRECTION('',(-0.707106781186548,-0.707106781186547,0.));
#3234=DIRECTION('',(0.,0.,1.));
#3235=DIRECTION('',(-1.,1.22464679914735E-16,0.));
#3236=DIRECTION('',(0.342403612635843,-0.257256946928707,0.90364740320041));
#3237=DIRECTION('',(-0.914201702184234,-0.313135930516397,0.257256946928706));
#3238=DIRECTION('',(0.342403612635843,-0.257256946928707,0.90364740320041));
#3239=DIRECTION('',(-0.914201702184234,-0.313135930516397,0.257256946928706));
#3240=DIRECTION('',(0.,0.,1.));
#3241=DIRECTION('',(0.707106781186547,-0.707106781186548,0.));
#3242=DIRECTION('',(0.,0.,1.));
#3243=DIRECTION('',(-1.83697019872103E-16,-1.,0.));
#3244=DIRECTION('',(0.257256946928707,0.342403612635843,0.90364740320041));
#3245=DIRECTION('',(0.313135930516397,-0.914201702184234,0.257256946928706));
#3246=DIRECTION('',(0.257256946928707,0.342403612635843,0.90364740320041));
#3247=DIRECTION('',(0.313135930516397,-0.914201702184234,0.257256946928706));
#3248=CARTESIAN_POINT('',(0.,0.,0.));
#3249=CARTESIAN_POINT('',(0.,0.,0.));
#3250=CARTESIAN_POINT('Origin',(-8.88178419700125E-15,-8.88178419700125E-15,
-1.5));
#3251=CARTESIAN_POINT('',(-37.,37.,-1.5));
#3252=CARTESIAN_POINT('',(-37.,45.,-1.5));
#3253=CARTESIAN_POINT('',(-37.,45.,-1.5));
#3254=CARTESIAN_POINT('',(37.,45.,-1.5));
#3255=CARTESIAN_POINT('',(-45.,45.,-1.5));
#3256=CARTESIAN_POINT('',(37.,37.,-1.5));
#3257=CARTESIAN_POINT('',(37.,45.,-1.5));
#3258=CARTESIAN_POINT('',(45.,37.,-1.5));
#3259=CARTESIAN_POINT('',(37.,37.,-1.5));
#3260=CARTESIAN_POINT('',(45.,-37.,-1.5));
#3261=CARTESIAN_POINT('',(45.,45.,-1.5));
#3262=CARTESIAN_POINT('',(37.,-37.,-1.5));
#3263=CARTESIAN_POINT('',(37.,-37.,-1.5));
#3264=CARTESIAN_POINT('',(37.,-45.,-1.5));
#3265=CARTESIAN_POINT('',(37.,-45.,-1.5));
#3266=CARTESIAN_POINT('',(-37.,-45.,-1.5));
#3267=CARTESIAN_POINT('',(45.,-45.,-1.5));
#3268=CARTESIAN_POINT('',(-37.,-37.,-1.5));
#3269=CARTESIAN_POINT('',(-37.,-45.,-1.5));
#3270=CARTESIAN_POINT('',(-45.,-37.,-1.5));
#3271=CARTESIAN_POINT('',(-37.,-37.,-1.5));
#3272=CARTESIAN_POINT('',(-45.,37.,-1.5));
#3273=CARTESIAN_POINT('',(-45.,-45.,-1.5));
#3274=CARTESIAN_POINT('',(-37.,37.,-1.5));
#3275=CARTESIAN_POINT('',(9.,-9.,-1.5));
#3276=CARTESIAN_POINT('',(9.,9.,-1.5));
#3277=CARTESIAN_POINT('',(9.,-9.,-1.5));
#3278=CARTESIAN_POINT('',(-9.00000000000001,9.,-1.5));
#3279=CARTESIAN_POINT('',(9.,9.,-1.5));
#3280=CARTESIAN_POINT('',(-9.00000000000001,-9.,-1.5));
#3281=CARTESIAN_POINT('',(-9.,9.,-1.5));
#3282=CARTESIAN_POINT('',(-9.,-9.,-1.5));
#3283=CARTESIAN_POINT('Origin',(-9.00000000000001,9.,0.));
#3284=CARTESIAN_POINT('',(9.,9.,1.5));
#3285=CARTESIAN_POINT('',(9.,9.,0.));
#3286=CARTESIAN_POINT('',(-9.00000000000001,9.,1.5));
#3287=CARTESIAN_POINT('',(9.,9.,1.5));
#3288=CARTESIAN_POINT('',(-9.,9.,0.));
#3289=CARTESIAN_POINT('Origin',(-9.,-9.,0.));
#3290=CARTESIAN_POINT('',(-9.00000000000001,-9.,1.5));
#3291=CARTESIAN_POINT('',(-9.,9.,1.5));
#3292=CARTESIAN_POINT('',(-9.,-9.,0.));
#3293=CARTESIAN_POINT('Origin',(9.,-9.,0.));
#3294=CARTESIAN_POINT('',(9.,-9.,1.5));
#3295=CARTESIAN_POINT('',(-9.,-9.,1.5));
#3296=CARTESIAN_POINT('',(9.,-9.,0.));
#3297=CARTESIAN_POINT('Origin',(9.,9.,0.));
#3298=CARTESIAN_POINT('',(9.,-9.,1.5));
#3299=CARTESIAN_POINT('Origin',(37.,45.,0.));
#3300=CARTESIAN_POINT('',(-37.,45.,1.5));
#3301=CARTESIAN_POINT('',(-37.,45.,0.));
#3302=CARTESIAN_POINT('',(37.,45.,1.5));
#3303=CARTESIAN_POINT('',(-45.,45.,1.5));
#3304=CARTESIAN_POINT('',(37.,45.,0.));
#3305=CARTESIAN_POINT('Origin',(37.,37.,0.));
#3306=CARTESIAN_POINT('',(37.,37.,1.5));
#3307=CARTESIAN_POINT('',(37.,45.,1.5));
#3308=CARTESIAN_POINT('',(37.,37.,0.));
#3309=CARTESIAN_POINT('Origin',(45.,37.,0.));
#3310=CARTESIAN_POINT('',(45.,37.,1.5));
#3311=CARTESIAN_POINT('',(37.,37.,1.5));
#3312=CARTESIAN_POINT('',(45.,37.,0.));
#3313=CARTESIAN_POINT('Origin',(45.,-37.,0.));
#3314=CARTESIAN_POINT('',(45.,-37.,1.5));
#3315=CARTESIAN_POINT('',(45.,45.,1.5));
#3316=CARTESIAN_POINT('',(45.,-37.,0.));
#3317=CARTESIAN_POINT('Origin',(37.,-37.,0.));
#3318=CARTESIAN_POINT('',(37.,-37.,1.5));
#3319=CARTESIAN_POINT('',(37.,-37.,1.5));
#3320=CARTESIAN_POINT('',(37.,-37.,0.));
#3321=CARTESIAN_POINT('Origin',(37.,-45.,0.));
#3322=CARTESIAN_POINT('',(37.,-45.,1.5));
#3323=CARTESIAN_POINT('',(37.,-45.,1.5));
#3324=CARTESIAN_POINT('',(37.,-45.,0.));
#3325=CARTESIAN_POINT('Origin',(-37.,-45.,0.));
#3326=CARTESIAN_POINT('',(-37.,-45.,1.5));
#3327=CARTESIAN_POINT('',(45.,-45.,1.5));
#3328=CARTESIAN_POINT('',(-37.,-45.,0.));
#3329=CARTESIAN_POINT('Origin',(-37.,-37.,0.));
#3330=CARTESIAN_POINT('',(-37.,-37.,1.5));
#3331=CARTESIAN_POINT('',(-37.,-45.,1.5));
#3332=CARTESIAN_POINT('',(-37.,-37.,0.));
#3333=CARTESIAN_POINT('Origin',(-45.,-37.,0.));
#3334=CARTESIAN_POINT('',(-45.,-37.,1.5));
#3335=CARTESIAN_POINT('',(-37.,-37.,1.5));
#3336=CARTESIAN_POINT('',(-45.,-37.,0.));
#3337=CARTESIAN_POINT('Origin',(-45.,37.,0.));
#3338=CARTESIAN_POINT('',(-45.,37.,1.5));
#3339=CARTESIAN_POINT('',(-45.,-45.,1.5));
#3340=CARTESIAN_POINT('',(-45.,37.,0.));
#3341=CARTESIAN_POINT('Origin',(-37.,37.,0.));
#3342=CARTESIAN_POINT('',(-37.,37.,1.5));
#3343=CARTESIAN_POINT('',(-37.,37.,1.5));
#3344=CARTESIAN_POINT('',(-37.,37.,0.));
#3345=CARTESIAN_POINT('Origin',(-37.,45.,0.));
#3346=CARTESIAN_POINT('',(-37.,45.,1.5));
#3347=CARTESIAN_POINT('Origin',(-8.88178419700125E-15,-8.88178419700125E-15,
1.5));
#3348=CARTESIAN_POINT('',(0.,0.,0.));
#3349=CARTESIAN_POINT('Origin',(-21.3599513277118,-8.32667268468867E-16,
33.8769608849653));
#3350=CARTESIAN_POINT('',(-19.663855135399,0.999999999999999,32.8171223564989));
#3351=CARTESIAN_POINT('Origin',(-19.663855135399,-1.0547118733939E-15,32.8171223564989));
#3352=CARTESIAN_POINT('',(-17.9677589430861,0.999999999999999,31.7572838280325));
#3353=CARTESIAN_POINT('',(-21.3599513277118,0.999999999999999,33.8769608849653));
#3354=CARTESIAN_POINT('Origin',(-17.9677589430861,-1.27675647831893E-15,
31.7572838280325));
#3355=CARTESIAN_POINT('Origin',(-23.696137376928,12.4102424159166,20.7028821101415));
#3356=CARTESIAN_POINT('',(-24.1794113422968,12.0000001788139,19.9294820963752));
#3357=CARTESIAN_POINT('',(-23.2128634115592,12.0000001788139,21.4762821239078));
#3358=CARTESIAN_POINT('',(-26.7899960208142,12.0000001788139,15.7516732943582));
#3359=CARTESIAN_POINT('Origin',(-23.696137376928,12.4102424159166,20.7028821101415));
#3360=CARTESIAN_POINT('Origin',(-27.9363778577101,12.4102424159166,23.3524784313075));
#3361=CARTESIAN_POINT('',(-26.2402816653973,13.4102424159166,22.2926399028411));
#3362=CARTESIAN_POINT('Origin',(-26.2402816653973,12.4102424159166,22.2926399028411));
#3363=CARTESIAN_POINT('',(-24.5441854730844,13.4102424159166,21.2328013743747));
#3364=CARTESIAN_POINT('',(-27.9363778577101,13.4102424159166,23.3524784313075));
#3365=CARTESIAN_POINT('',(-24.0609115077156,12.0000001788139,22.006201388141));
#3366=CARTESIAN_POINT('Origin',(-24.5441854730844,12.4102424159166,21.2328013743747));
#3367=CARTESIAN_POINT('',(-27.4531038923413,12.0000001788139,24.1258784450738));
#3368=CARTESIAN_POINT('',(-25.0274594384532,12.0000001788139,20.4594013606084));
#3369=CARTESIAN_POINT('',(-28.4196518230789,12.0000001788139,22.5790784175412));
#3370=CARTESIAN_POINT('Origin',(-24.5441854730844,12.4102424159166,21.2328013743747));
#3371=CARTESIAN_POINT('Origin',(-23.696137376928,-12.4102424159166,20.7028821101415));
#3372=CARTESIAN_POINT('',(-23.2128634968099,-11.9999998211861,21.4762819874781));
#3373=CARTESIAN_POINT('',(-24.1794112570461,-11.9999998211861,19.9294822328049));
#3374=CARTESIAN_POINT('',(-29.5981402868688,-11.9999998211861,11.2577030628623));
#3375=CARTESIAN_POINT('',(-23.696137376928,-11.4102424159166,20.7028821101415));
#3376=CARTESIAN_POINT('Origin',(-23.696137376928,-12.4102424159166,20.7028821101415));
#3377=CARTESIAN_POINT('Origin',(-23.696137376928,-12.4102424159166,20.7028821101415));
#3378=CARTESIAN_POINT('Origin',(-27.9363778577101,-12.4102424159166,23.3524784313075));
#3379=CARTESIAN_POINT('',(-26.2402816653973,-11.4102424159166,22.2926399028411));
#3380=CARTESIAN_POINT('Origin',(-26.2402816653973,-12.4102424159166,22.2926399028411));
#3381=CARTESIAN_POINT('',(-27.9363778577101,-11.4102424159166,23.3524784313075));
#3382=CARTESIAN_POINT('',(-24.0609115929663,-11.9999998211861,22.0062012517113));
#3383=CARTESIAN_POINT('',(-27.453103977592,-11.9999998211861,24.1258783086442));
#3384=CARTESIAN_POINT('',(-25.0274593532025,-11.9999998211861,20.4594014970381));
#3385=CARTESIAN_POINT('Origin',(-24.5441854730844,-12.4102424159166,21.2328013743747));
#3386=CARTESIAN_POINT('',(-28.4196517378282,-11.9999998211861,22.5790785539709));
#3387=CARTESIAN_POINT('Origin',(-34.5128043877084,-7.49400541621981E-15,
12.8279959776497));
#3388=CARTESIAN_POINT('',(-32.8167081953955,0.999999999999992,11.7681574491833));
#3389=CARTESIAN_POINT('Origin',(-32.8167081953955,-7.71605002114484E-15,
11.7681574491833));
#3390=CARTESIAN_POINT('',(-30.2725639069262,0.999999999999993,10.1783996564837));
#3391=CARTESIAN_POINT('',(-34.5128043877084,0.999999999999993,12.8279959776497));
#3392=CARTESIAN_POINT('Origin',(-30.2725639069262,-8.04911692853238E-15,
10.1783996564837));
#3393=CARTESIAN_POINT('Origin',(-30.2725639069262,-8.04911692853238E-15,
10.1783996564837));
#3394=CARTESIAN_POINT('Origin',(-15.0000002235174,12.0000001788139,1.5));
#3395=CARTESIAN_POINT('',(-21.2220993534541,12.0000001788139,26.5492505000671));
#3396=CARTESIAN_POINT('',(-21.2220993534541,12.0000001788139,26.5492505000671));
#3397=CARTESIAN_POINT('',(-19.101979113063,12.0000001788139,25.2244523394841));
#3398=CARTESIAN_POINT('',(-21.2220993534541,12.0000001788139,26.5492505000671));
#3399=CARTESIAN_POINT('',(-19.101979113063,11.9999998211861,4.5));
#3400=CARTESIAN_POINT('',(-19.101979113063,11.9999998211861,25.2244523394841));
#3401=CARTESIAN_POINT('',(-15.0000002235174,12.0000001788139,4.5));
#3402=CARTESIAN_POINT('',(-15.0000002235174,12.0000001788139,4.5));
#3403=CARTESIAN_POINT('',(-15.0000002235174,12.0000001788139,1.5));
#3404=CARTESIAN_POINT('',(-15.0000002235174,12.0000001788139,1.5));
#3405=CARTESIAN_POINT('',(-35.0000002235174,12.0000001788139,1.5));
#3406=CARTESIAN_POINT('',(-15.0000002235174,12.0000001788139,1.5));
#3407=CARTESIAN_POINT('',(-35.0000002235174,12.0000001788139,4.5));
#3408=CARTESIAN_POINT('',(-35.0000002235174,12.0000001788139,1.5));
#3409=CARTESIAN_POINT('',(-32.4870012726293,12.0000001788139,8.52163899255012));
#3410=CARTESIAN_POINT('',(-21.2220993534541,12.0000001788139,26.5492505000671));
#3411=CARTESIAN_POINT('',(-21.2220993534541,12.0000001788139,26.5492505000671));
#3412=CARTESIAN_POINT('Origin',(-35.0000002235174,-11.9999998211861,1.5));
#3413=CARTESIAN_POINT('',(-32.4870012726294,-11.9999998211861,8.52163899255013));
#3414=CARTESIAN_POINT('',(-35.0000002235174,-11.9999998211861,4.50000000000001));
#3415=CARTESIAN_POINT('',(-35.0000002235174,-11.9999998211861,4.5));
#3416=CARTESIAN_POINT('',(-35.0000002235174,-11.9999998211861,4.50000000000001));
#3417=CARTESIAN_POINT('',(-35.0000002235174,-11.9999998211861,1.5));
#3418=CARTESIAN_POINT('',(-35.0000002235174,-11.9999998211861,1.5));
#3419=CARTESIAN_POINT('',(-15.0000002235174,-11.9999998211861,1.5));
#3420=CARTESIAN_POINT('',(-35.0000002235174,-11.9999998211861,1.5));
#3421=CARTESIAN_POINT('',(-15.0000002235174,-11.9999998211861,4.5));
#3422=CARTESIAN_POINT('',(-15.0000002235174,-11.9999998211861,1.5));
#3423=CARTESIAN_POINT('',(-19.101979113063,-11.9999998211861,4.5));
#3424=CARTESIAN_POINT('',(-35.0000002235174,-11.9999998211861,4.5));
#3425=CARTESIAN_POINT('',(-19.101979113063,-11.9999998211861,25.2244523394841));
#3426=CARTESIAN_POINT('',(-19.101979113063,-11.9999998211861,25.2244523394841));
#3427=CARTESIAN_POINT('',(-21.2220993534541,-11.9999998211861,26.5492505000671));
#3428=CARTESIAN_POINT('',(-21.2220993534541,-11.9999998211861,26.5492505000671));
#3429=CARTESIAN_POINT('',(-35.0000002235174,-11.9999998211861,4.50000000000001));
#3430=CARTESIAN_POINT('Origin',(-32.4870012726293,-15.,8.52163899255013));
#3431=CARTESIAN_POINT('',(-16.5894233456332,-15.,33.9630818772429));
#3432=CARTESIAN_POINT('',(-32.4870012726293,-15.,8.52163899255012));
#3433=CARTESIAN_POINT('',(-16.5894233456332,-15.,33.9630818772429));
#3434=CARTESIAN_POINT('',(-18.2855195379461,-15.,35.0229204057093));
#3435=CARTESIAN_POINT('',(-16.5894233456332,-15.,33.9630818772429));
#3436=CARTESIAN_POINT('',(-34.1830974649422,-15.,9.58147752101653));
#3437=CARTESIAN_POINT('',(-18.2855195379461,-15.,35.0229204057093));
#3438=CARTESIAN_POINT('',(-32.4870012726293,-15.,8.52163899255012));
#3439=CARTESIAN_POINT('Origin',(-32.4870012726293,15.,8.52163899255012));
#3440=CARTESIAN_POINT('',(-32.4870012726293,-15.,8.52163899255012));
#3441=CARTESIAN_POINT('',(-34.1830974649422,15.,9.58147752101653));
#3442=CARTESIAN_POINT('',(-34.1830974649422,-15.,9.58147752101654));
#3443=CARTESIAN_POINT('',(-32.4870012726293,15.,8.52163899255012));
#3444=CARTESIAN_POINT('',(-32.4870012726293,15.,8.52163899255012));
#3445=CARTESIAN_POINT('',(-32.4870012726293,-15.,8.52163899255012));
#3446=CARTESIAN_POINT('',(-32.4870012726293,7.50000008940697,8.52163899255012));
#3447=CARTESIAN_POINT('Origin',(-16.5894233456332,15.,33.9630818772429));
#3448=CARTESIAN_POINT('',(-16.5894233456332,15.,33.9630818772429));
#3449=CARTESIAN_POINT('',(-32.4870012726293,15.,8.52163899255012));
#3450=CARTESIAN_POINT('',(-18.2855195379461,15.,35.0229204057093));
#3451=CARTESIAN_POINT('',(-34.1830974649422,15.,9.58147752101654));
#3452=CARTESIAN_POINT('',(-16.5894233456332,15.,33.9630818772429));
#3453=CARTESIAN_POINT('Origin',(-16.5894233456332,-15.,33.9630818772429));
#3454=CARTESIAN_POINT('',(-16.5894233456332,15.,33.9630818772429));
#3455=CARTESIAN_POINT('',(-18.2855195379461,15.,35.0229204057093));
#3456=CARTESIAN_POINT('Origin',(-26.2343085014441,0.,22.3021989633629));
#3457=CARTESIAN_POINT('Origin',(-24.5382123091313,0.,21.2423604348965));
#3458=CARTESIAN_POINT('',(-21.2220993534541,-11.9999998211861,26.5492505000671));
#3459=CARTESIAN_POINT('Origin',(-19.101979113063,11.9999998211861,25.2244523394841));
#3460=CARTESIAN_POINT('',(-19.101979113063,9.49999982118607,25.2244523394841));
#3461=CARTESIAN_POINT('',(-19.101979113063,-11.9999998211861,25.2244523394841));
#3462=CARTESIAN_POINT('',(-19.101979113063,9.49999982118607,4.5));
#3463=CARTESIAN_POINT('',(-19.101979113063,9.49999982118607,25.2244523394841));
#3464=CARTESIAN_POINT('',(-19.101979113063,6.,4.5));
#3465=CARTESIAN_POINT('Origin',(-25.5770166640876,9.49999982118607,14.862226169742));
#3466=CARTESIAN_POINT('',(-32.0520542151122,9.49999982118607,4.5));
#3467=CARTESIAN_POINT('',(-25.2885084438025,9.49999982118607,4.5));
#3468=CARTESIAN_POINT('',(-25.7839731060912,9.49999982118607,14.5310266295963));
#3469=CARTESIAN_POINT('Origin',(-25.0000002235174,1.78813932549815E-7,4.5));
#3470=CARTESIAN_POINT('',(-32.0520542151122,-9.49999982118607,4.5));
#3471=CARTESIAN_POINT('',(-32.0520542151122,1.78813932549815E-7,4.5));
#3472=CARTESIAN_POINT('',(-19.101979113063,-9.49999982118607,4.5));
#3473=CARTESIAN_POINT('',(-25.2885084438025,-9.49999982118607,4.5));
#3474=CARTESIAN_POINT('',(-19.101979113063,-5.99999982118607,4.5));
#3475=CARTESIAN_POINT('',(-15.0000002235174,-11.9999998211861,4.5));
#3476=CARTESIAN_POINT('',(-27.4000004321337,7.00000010430813,4.5));
#3477=CARTESIAN_POINT('Origin',(-29.0000004321337,7.00000010430813,4.5));
#3478=CARTESIAN_POINT('',(-27.4000004321337,-7.00000010430813,4.5));
#3479=CARTESIAN_POINT('Origin',(-29.0000004321337,-7.00000010430813,4.5));
#3480=CARTESIAN_POINT('',(-17.4000002831221,7.00000010430813,4.5));
#3481=CARTESIAN_POINT('Origin',(-19.0000002831221,7.00000010430813,4.5));
#3482=CARTESIAN_POINT('',(-17.4000002831221,-7.00000010430813,4.5));
#3483=CARTESIAN_POINT('Origin',(-19.0000002831221,-7.00000010430813,4.5));
#3484=CARTESIAN_POINT('Origin',(-19.101979113063,-11.9999998211861,25.2244523394841));
#3485=CARTESIAN_POINT('',(-19.101979113063,-9.49999982118607,25.2244523394841));
#3486=CARTESIAN_POINT('',(-19.101979113063,-9.49999982118607,25.2244523394841));
#3487=CARTESIAN_POINT('',(-19.101979113063,-11.9999998211861,25.2244523394841));
#3488=CARTESIAN_POINT('Origin',(-25.5770166640876,-9.49999982118607,14.862226169742));
#3489=CARTESIAN_POINT('',(-25.7839731060912,-9.49999982118607,14.5310266295963));
#3490=CARTESIAN_POINT('Origin',(-25.9909295480947,1.78813932549815E-7,14.1998270894505));
#3491=CARTESIAN_POINT('',(-19.101979113063,-11.9999998211861,25.2244523394841));
#3492=CARTESIAN_POINT('Origin',(-21.2220993534541,12.0000001788139,26.5492505000671));
#3493=CARTESIAN_POINT('Origin',(-28.1110497884858,1.78813932549815E-7,15.5246252500335));
#3494=CARTESIAN_POINT('',(-35.0000002235174,12.0000001788139,4.5));
#3495=CARTESIAN_POINT('Origin',(-19.0000002831221,-7.00000010430813,1.5));
#3496=CARTESIAN_POINT('',(-17.4000002831221,-7.00000010430813,1.5));
#3497=CARTESIAN_POINT('',(-17.4000002831221,-7.00000010430813,1.5));
#3498=CARTESIAN_POINT('Origin',(-19.0000002831221,-7.00000010430813,1.5));
#3499=CARTESIAN_POINT('Origin',(-19.0000002831221,7.00000010430813,1.5));
#3500=CARTESIAN_POINT('',(-17.4000002831221,7.00000010430813,1.5));
#3501=CARTESIAN_POINT('',(-17.4000002831221,7.00000010430813,1.5));
#3502=CARTESIAN_POINT('Origin',(-19.0000002831221,7.00000010430813,1.5));
#3503=CARTESIAN_POINT('Origin',(-29.0000004321337,-7.00000010430813,1.5));
#3504=CARTESIAN_POINT('',(-27.4000004321337,-7.00000010430813,1.5));
#3505=CARTESIAN_POINT('',(-27.4000004321337,-7.00000010430813,1.5));
#3506=CARTESIAN_POINT('Origin',(-29.0000004321337,-7.00000010430813,1.5));
#3507=CARTESIAN_POINT('Origin',(-29.0000004321337,7.00000010430813,1.5));
#3508=CARTESIAN_POINT('',(-27.4000004321337,7.00000010430813,1.5));
#3509=CARTESIAN_POINT('',(-27.4000004321337,7.00000010430813,1.5));
#3510=CARTESIAN_POINT('Origin',(-29.0000004321337,7.00000010430813,1.5));
#3511=CARTESIAN_POINT('Origin',(-35.0000002235174,12.0000001788139,1.5));
#3512=CARTESIAN_POINT('',(-35.0000002235174,12.0000001788139,1.5));
#3513=CARTESIAN_POINT('Origin',(-15.0000002235174,-11.9999998211861,1.5));
#3514=CARTESIAN_POINT('',(-15.0000002235174,-11.9999998211861,1.5));
#3515=CARTESIAN_POINT('Origin',(-25.0000002235174,1.78813932549815E-7,1.5));
#3516=CARTESIAN_POINT('',(0.,0.,0.));
#3517=CARTESIAN_POINT('Origin',(-12.98244608608,-12.98244608608,33.8769608849653));
#3518=CARTESIAN_POINT('',(-13.6895528672665,-12.2753393048935,33.8769608849653));
#3519=CARTESIAN_POINT('Origin',(-12.98244608608,-12.98244608608,33.8769608849653));
#3520=CARTESIAN_POINT('',(-12.4902317481375,-11.0760181857644,32.8171223564989));
#3521=CARTESIAN_POINT('',(-13.6895528672665,-12.2753393048935,33.8769608849653));
#3522=CARTESIAN_POINT('Origin',(-11.7831249669509,-11.7831249669509,32.8171223564989));
#3523=CARTESIAN_POINT('Origin',(-26.4080484498805,-8.85731531295331,23.3524784313075));
#3524=CARTESIAN_POINT('',(-27.115155231067,-8.15020853176676,23.3524784313075));
#3525=CARTESIAN_POINT('Origin',(-26.4080484498805,-8.85731531295331,23.3524784313075));
#3526=CARTESIAN_POINT('',(-25.9158341119379,-6.95088741263766,22.2926399028411));
#3527=CARTESIAN_POINT('',(-27.115155231067,-8.15020853176676,23.3524784313075));
#3528=CARTESIAN_POINT('Origin',(-25.2087273307514,-7.65799419382421,22.2926399028411));
#3529=CARTESIAN_POINT('Origin',(-8.85731531295331,-26.4080484498805,23.3524784313075));
#3530=CARTESIAN_POINT('',(-9.56442209413985,-25.7009416686939,23.3524784313075));
#3531=CARTESIAN_POINT('Origin',(-8.85731531295331,-26.4080484498805,23.3524784313075));
#3532=CARTESIAN_POINT('',(-8.36510097501076,-24.5016205495648,22.2926399028411));
#3533=CARTESIAN_POINT('',(-9.56442209413986,-25.7009416686939,23.3524784313075));
#3534=CARTESIAN_POINT('Origin',(-7.65799419382421,-25.2087273307514,22.2926399028411));
#3535=CARTESIAN_POINT('Origin',(-22.2829176767538,-22.2829176767538,12.8279959776497));
#3536=CARTESIAN_POINT('',(-22.9900244579403,-21.5758108955672,12.8279959776497));
#3537=CARTESIAN_POINT('Origin',(-22.2829176767538,-22.2829176767538,12.8279959776497));
#3538=CARTESIAN_POINT('',(-21.7907033388112,-20.3764897764381,11.7681574491833));
#3539=CARTESIAN_POINT('',(-22.9900244579403,-21.5758108955672,12.8279959776497));
#3540=CARTESIAN_POINT('Origin',(-21.0835965576247,-21.0835965576247,11.7681574491833));
#3541=CARTESIAN_POINT('Origin',(-26.6275902748851,-26.6275902748851,31.3012673948056));
#3542=CARTESIAN_POINT('',(-28.0418038372582,-25.2133767125121,31.3012673948056));
#3543=CARTESIAN_POINT('Origin',(-26.6275902748851,-26.6275902748851,31.3012673948056));
#3544=CARTESIAN_POINT('',(-17.8475743246609,-15.0191471999147,22.2926399028411));
#3545=CARTESIAN_POINT('',(-28.0418038372582,-25.213376712512,31.3012673948056));
#3546=CARTESIAN_POINT('Origin',(-16.4333607622878,-16.4333607622878,22.2926399028411));
#3547=CARTESIAN_POINT('Origin',(-17.6326818814169,-17.6326818814169,23.3524784313075));
#3548=CARTESIAN_POINT('',(-34.4057648679372,-18.8494156818331,31.3012673948056));
#3549=CARTESIAN_POINT('Origin',(-26.6275902748851,-26.6275902748851,31.3012673948056));
#3550=CARTESIAN_POINT('',(-25.4108564744689,-9.85450728836486,23.3524784313075));
#3551=CARTESIAN_POINT('',(-25.4108564744689,-9.85450728836486,23.3524784313075));
#3552=CARTESIAN_POINT('Origin',(-17.6326818814169,-17.6326818814169,23.3524784313075));
#3553=CARTESIAN_POINT('Origin',(-26.6275902748851,-26.6275902748851,31.3012673948056));
#3554=CARTESIAN_POINT('Origin',(-16.4333607622878,-16.4333607622878,22.2926399028411));
#3555=CARTESIAN_POINT('',(-27.5321768180286,-7.73318694480522,23.3524784313075));
#3556=CARTESIAN_POINT('Origin',(-17.6326818814169,-17.6326818814169,23.3524784313075));
#3557=CARTESIAN_POINT('',(-26.3328556988995,-6.53386582567612,22.2926399028411));
#3558=CARTESIAN_POINT('',(-26.3328556988995,-6.53386582567612,22.2926399028411));
#3559=CARTESIAN_POINT('Origin',(-16.4333607622878,-16.4333607622878,22.2926399028411));
#3560=CARTESIAN_POINT('Origin',(-17.6326818814169,-17.6326818814169,23.3524784313075));
#3561=CARTESIAN_POINT('Origin',(-16.4333607622878,-16.4333607622878,22.2926399028411));
#3562=CARTESIAN_POINT('',(0.,0.,0.));
#3563=CARTESIAN_POINT('Origin',(-29.6258930727079,-29.6258930727079,33.9508637159716));
#3564=CARTESIAN_POINT('',(-31.040106635081,-28.2116795103348,33.9508637159716));
#3565=CARTESIAN_POINT('Origin',(-29.6258930727079,-29.6258930727079,33.9508637159716));
#3566=CARTESIAN_POINT('Origin',(-16.4333607622878,-16.4333607622878,22.2926399028411));
#3567=CARTESIAN_POINT('',(-17.8475743246609,-15.0191471999147,22.2926399028411));
#3568=CARTESIAN_POINT('Origin',(-16.4333607622878,-16.4333607622878,22.2926399028411));
#3569=CARTESIAN_POINT('Origin',(-26.6275902748852,-26.6275902748851,31.3012673948056));
#3570=CARTESIAN_POINT('',(-28.0418038372582,-25.213376712512,31.3012673948056));
#3571=CARTESIAN_POINT('',(0.,0.,0.));
#3572=CARTESIAN_POINT('Origin',(-32.6241958705306,-32.6241958705306,36.6004600371377));
#3573=CARTESIAN_POINT('',(-42.8460294720082,-18.8043989116656,35.0107022444382));
#3574=CARTESIAN_POINT('Origin',(-30.8252141918369,-30.8252141918369,35.0107022444382));
#3575=CARTESIAN_POINT('',(-40.4473872337501,-16.4057566734075,32.8910251875052));
#3576=CARTESIAN_POINT('',(-44.645011150702,-20.6033805903593,36.6004600371377));
#3577=CARTESIAN_POINT('Origin',(-28.4265719535788,-28.4265719535788,32.8910251875052));
#3578=CARTESIAN_POINT('Origin',(-22.8331643482816,-31.8206600732234,35.3797913872697));
#3579=CARTESIAN_POINT('',(-23.6322225776098,-31.3357903418456,35.0242533587319));
#3580=CARTESIAN_POINT('',(-22.9040244696816,-31.1212842847074,36.0910243657182));
#3581=CARTESIAN_POINT('Origin',(-22.8331643482816,-31.8206600732234,35.3797913872697));
#3582=CARTESIAN_POINT('',(-25.3026667079398,-33.5199265229656,38.210701422651));
#3583=CARTESIAN_POINT('',(-22.9040244696816,-31.1212842847074,36.0910243657182));
#3584=CARTESIAN_POINT('',(-26.030864815868,-33.7344325801038,37.1439304156647));
#3585=CARTESIAN_POINT('Origin',(-25.2318065865398,-34.2193023114816,37.4994684442025));
#3586=CARTESIAN_POINT('',(-23.6322225776098,-31.3357903418456,35.0242533587319));
#3587=CARTESIAN_POINT('Origin',(-15.6727948478167,-34.6497435126417,40.2811067352967));
#3588=CARTESIAN_POINT('',(-16.496505874318,-34.2478159118611,39.8038134905441));
#3589=CARTESIAN_POINT('',(-22.0496834006977,-31.5381577331102,36.5860659614009));
#3590=CARTESIAN_POINT('',(-18.8951481125762,-36.6464581501193,41.923490547477));
#3591=CARTESIAN_POINT('',(-16.496505874318,-34.2478159118611,39.8038134905441));
#3592=CARTESIAN_POINT('',(-24.4483256389559,-33.9367999713684,38.7057430183338));
#3593=CARTESIAN_POINT('Origin',(-26.9893062886272,-33.7137571014634,28.5344278202541));
#3594=CARTESIAN_POINT('',(-27.1946299550488,-32.9584449374798,29.1567988727185));
#3595=CARTESIAN_POINT('',(-26.2531055938751,-33.8675498388119,29.1934849733033));
#3596=CARTESIAN_POINT('Origin',(-26.9893062886272,-33.7137571014634,28.5344278202541));
#3597=CARTESIAN_POINT('',(-28.6517478321333,-36.2661920770701,31.3131620302361));
#3598=CARTESIAN_POINT('',(-26.2531055938751,-33.8675498388119,29.1934849733033));
#3599=CARTESIAN_POINT('',(-29.593272193307,-35.3570871757381,31.2764759296514));
#3600=CARTESIAN_POINT('Origin',(-29.3879485268854,-36.1123993397216,30.6541048771869));
#3601=CARTESIAN_POINT('',(-27.1946299550488,-32.9584449374798,29.1567988727185));
#3602=CARTESIAN_POINT('Origin',(-23.4071664021806,-40.9919721403553,24.3519218354695));
#3603=CARTESIAN_POINT('',(-23.731347988928,-40.1804275602346,24.9034254041126));
#3604=CARTESIAN_POINT('',(-25.9168691778797,-34.7092720469671,28.6214735114873));
#3605=CARTESIAN_POINT('',(-26.1299902271862,-42.5790697984928,27.0231024610454));
#3606=CARTESIAN_POINT('',(-23.731347988928,-40.1804275602346,24.9034254041126));
#3607=CARTESIAN_POINT('',(-28.3155114161379,-37.1079142852252,30.7411505684202));
#3608=CARTESIAN_POINT('Origin',(-33.1317005270727,-28.3001439601404,27.7097337394813));
#3609=CARTESIAN_POINT('',(-32.4595393022879,-28.3182051020602,28.4499182320561));
#3610=CARTESIAN_POINT('',(-32.6058433537746,-29.0945688875607,27.4058204821459));
#3611=CARTESIAN_POINT('Origin',(-33.1317005270727,-28.3001439601404,27.7097337394813));
#3612=CARTESIAN_POINT('',(-35.0044855920328,-31.4932111258189,29.5254975390787));
#3613=CARTESIAN_POINT('',(-32.6058433537746,-29.0945688875607,27.4058204821459));
#3614=CARTESIAN_POINT('',(-34.8581815405461,-30.7168473403184,30.5695952889889));
#3615=CARTESIAN_POINT('Origin',(-35.5303427653309,-30.6987861983986,29.8294107964141));
#3616=CARTESIAN_POINT('',(-32.4595393022879,-28.3182051020602,28.4499182320561));
#3617=CARTESIAN_POINT('Origin',(-38.0781858252569,-29.9692447921881,20.2234875347075));
#3618=CARTESIAN_POINT('',(-37.4548300378924,-29.8696102590683,21.0416287297984));
#3619=CARTESIAN_POINT('',(-33.2523788894179,-29.1979083728834,26.5572563611064));
#3620=CARTESIAN_POINT('',(-39.8534722761506,-32.2682524973265,23.1613057867312));
#3621=CARTESIAN_POINT('',(-37.4548300378924,-29.8696102590683,21.0416287297984));
#3622=CARTESIAN_POINT('',(-35.651021127676,-31.5965506111416,28.6769334180393));
#3623=CARTESIAN_POINT('Origin',(-32.771766998388,-23.0612500086198,34.0454083342584));
#3624=CARTESIAN_POINT('',(-32.1510248491295,-23.8277245721854,33.8804964561508));
#3625=CARTESIAN_POINT('',(-33.1829700868139,-23.3984388779272,33.1985224585442));
#3626=CARTESIAN_POINT('Origin',(-32.771766998388,-23.0612500086198,34.0454083342584));
#3627=CARTESIAN_POINT('',(-35.5816123250721,-25.7970811161854,35.318199515477));
#3628=CARTESIAN_POINT('',(-33.1829700868139,-23.3984388779272,33.1985224585442));
#3629=CARTESIAN_POINT('',(-34.5496670873877,-26.2263668104436,36.0001735130836));
#3630=CARTESIAN_POINT('Origin',(-35.1704092366462,-25.459892246878,36.1650853911912));
#3631=CARTESIAN_POINT('',(-32.1510248491295,-23.8277245721854,33.8804964561508));
#3632=CARTESIAN_POINT('Origin',(-39.4110029239641,-16.814596014584,33.6011597163429));
#3633=CARTESIAN_POINT('',(-38.7015662735414,-17.5645630667835,33.5552952138624));
#3634=CARTESIAN_POINT('',(-33.9187874387714,-22.6205839840814,33.2460924519241));
#3635=CARTESIAN_POINT('',(-41.1002085117996,-19.9632053050417,35.6749722707952));
#3636=CARTESIAN_POINT('',(-38.7015662735414,-17.5645630667835,33.5552952138624));
#3637=CARTESIAN_POINT('',(-36.3174296770296,-25.0192262223396,35.3657695088569));
#3638=CARTESIAN_POINT('Origin',(-23.0612500086199,-32.771766998388,34.0454083342584));
#3639=CARTESIAN_POINT('',(-23.3984388779273,-33.1829700868139,33.1985224585442));
#3640=CARTESIAN_POINT('',(-23.8277245721854,-32.1510248491295,33.8804964561508));
#3641=CARTESIAN_POINT('Origin',(-23.0612500086199,-32.771766998388,34.0454083342584));
#3642=CARTESIAN_POINT('',(-26.2263668104436,-34.5496670873877,36.0001735130836));
#3643=CARTESIAN_POINT('',(-23.8277245721854,-32.1510248491295,33.8804964561508));
#3644=CARTESIAN_POINT('',(-25.7970811161855,-35.5816123250721,35.318199515477));
#3645=CARTESIAN_POINT('Origin',(-25.4598922468781,-35.1704092366462,36.1650853911912));
#3646=CARTESIAN_POINT('',(-23.3984388779273,-33.1829700868139,33.1985224585442));
#3647=CARTESIAN_POINT('Origin',(-28.4265719535788,-28.4265719535788,32.8910251875052));
#3648=CARTESIAN_POINT('Origin',(-30.825214191837,-30.825214191837,35.010702244438));
#3649=CARTESIAN_POINT('Origin',(-28.4265719535788,-28.4265719535788,32.8910251875052));
#3650=CARTESIAN_POINT('Origin',(-28.3001439601405,-33.1317005270727,27.7097337394813));
#3651=CARTESIAN_POINT('',(-29.0945688875608,-32.6058433537745,27.4058204821459));
#3652=CARTESIAN_POINT('',(-28.3182051020603,-32.4595393022878,28.4499182320561));
#3653=CARTESIAN_POINT('Origin',(-28.3001439601405,-33.1317005270727,27.7097337394813));
#3654=CARTESIAN_POINT('',(-30.7168473403184,-34.858181540546,30.5695952889889));
#3655=CARTESIAN_POINT('',(-28.3182051020603,-32.4595393022878,28.4499182320561));
#3656=CARTESIAN_POINT('',(-31.493211125819,-35.0044855920327,29.5254975390787));
#3657=CARTESIAN_POINT('Origin',(-30.6987861983987,-35.5303427653309,29.8294107964141));
#3658=CARTESIAN_POINT('',(-29.0945688875608,-32.6058433537745,27.4058204821459));
#3659=CARTESIAN_POINT('Origin',(-28.4265719535788,-28.4265719535788,32.8910251875052));
#3660=CARTESIAN_POINT('Origin',(-30.825214191837,-30.825214191837,35.010702244438));
#3661=CARTESIAN_POINT('Origin',(-28.4265719535788,-28.4265719535788,32.8910251875052));
#3662=CARTESIAN_POINT('Origin',(-33.7137571014634,-26.9893062886271,28.5344278202541));
#3663=CARTESIAN_POINT('',(-33.8675498388119,-26.253105593875,29.1934849733033));
#3664=CARTESIAN_POINT('',(-32.9584449374799,-27.1946299550488,29.1567988727185));
#3665=CARTESIAN_POINT('Origin',(-33.7137571014634,-26.9893062886271,28.5344278202541));
#3666=CARTESIAN_POINT('',(-35.3570871757381,-29.593272193307,31.2764759296514));
#3667=CARTESIAN_POINT('',(-32.9584449374799,-27.1946299550488,29.1567988727186));
#3668=CARTESIAN_POINT('',(-36.2661920770701,-28.6517478321332,31.3131620302362));
#3669=CARTESIAN_POINT('Origin',(-36.1123993397216,-29.3879485268853,30.6541048771869));
#3670=CARTESIAN_POINT('',(-33.8675498388119,-26.253105593875,29.1934849733033));
#3671=CARTESIAN_POINT('Origin',(-28.4265719535788,-28.4265719535788,32.8910251875052));
#3672=CARTESIAN_POINT('Origin',(-30.825214191837,-30.825214191837,35.0107022444381));
#3673=CARTESIAN_POINT('Origin',(-28.4265719535788,-28.4265719535788,32.8910251875052));
#3674=CARTESIAN_POINT('Origin',(-31.8206600732234,-22.8331643482815,35.3797913872697));
#3675=CARTESIAN_POINT('',(-31.1212842847074,-22.9040244696816,36.0910243657182));
#3676=CARTESIAN_POINT('',(-31.3357903418456,-23.6322225776097,35.0242533587319));
#3677=CARTESIAN_POINT('Origin',(-31.8206600732234,-22.8331643482815,35.3797913872697));
#3678=CARTESIAN_POINT('',(-33.7344325801038,-26.0308648158679,37.1439304156647));
#3679=CARTESIAN_POINT('',(-31.3357903418456,-23.6322225776097,35.0242533587319));
#3680=CARTESIAN_POINT('',(-33.5199265229656,-25.3026667079398,38.2107014226511));
#3681=CARTESIAN_POINT('Origin',(-34.2193023114816,-25.2318065865397,37.4994684442025));
#3682=CARTESIAN_POINT('',(-31.1212842847074,-22.9040244696816,36.0910243657182));
#3683=CARTESIAN_POINT('Origin',(-28.4265719535788,-28.4265719535788,32.8910251875052));
#3684=CARTESIAN_POINT('Origin',(-30.825214191837,-30.825214191837,35.0107022444381));
#3685=CARTESIAN_POINT('Origin',(-28.4265719535788,-28.4265719535788,32.8910251875052));
#3686=CARTESIAN_POINT('Origin',(-16.4256457529179,-34.9471917003771,39.0925805120956));
#3687=CARTESIAN_POINT('',(-15.6255840062072,-35.381899683497,39.506017533735));
#3688=CARTESIAN_POINT('Origin',(-16.4256457529179,-34.9471917003771,39.0925805120956));
#3689=CARTESIAN_POINT('',(-18.0242262444654,-37.7805419217552,41.6256945906678));
#3690=CARTESIAN_POINT('',(-15.6255840062072,-35.381899683497,39.5060175337349));
#3691=CARTESIAN_POINT('Origin',(-18.8242879911761,-37.3458339386353,41.2122575690284));
#3692=CARTESIAN_POINT('Origin',(-28.4265719535788,-28.4265719535788,32.8910251875052));
#3693=CARTESIAN_POINT('',(-16.480761013736,-38.947949267218,34.5029248163813));
#3694=CARTESIAN_POINT('Origin',(-28.4265719535788,-28.4265719535788,32.8910251875052));
#3695=CARTESIAN_POINT('',(-18.8794032519942,-41.3465915054762,36.6226018733142));
#3696=CARTESIAN_POINT('',(-16.480761013736,-38.947949267218,34.5029248163814));
#3697=CARTESIAN_POINT('Origin',(-30.825214191837,-30.825214191837,35.010702244438));
#3698=CARTESIAN_POINT('Origin',(-24.4675486836801,-40.0266348228861,24.2443682510633));
#3699=CARTESIAN_POINT('',(-24.2036137990202,-40.7999723475065,23.6679244553005));
#3700=CARTESIAN_POINT('Origin',(-24.4675486836801,-40.0266348228861,24.2443682510633));
#3701=CARTESIAN_POINT('',(-26.6022560372784,-43.1986145857647,25.7876015122334));
#3702=CARTESIAN_POINT('',(-24.2036137990202,-40.7999723475065,23.6679244553005));
#3703=CARTESIAN_POINT('Origin',(-26.8661909219383,-42.4252770611443,26.3640453079962));
#3704=CARTESIAN_POINT('Origin',(-28.4265719535788,-28.4265719535788,32.8910251875052));
#3705=CARTESIAN_POINT('',(-29.1184262235193,-38.6176282283646,20.575843107109));
#3706=CARTESIAN_POINT('Origin',(-28.4265719535788,-28.4265719535788,32.8910251875052));
#3707=CARTESIAN_POINT('',(-31.5170684617775,-41.0162704666228,22.6955201640418));
#3708=CARTESIAN_POINT('',(-29.1184262235193,-38.6176282283646,20.575843107109));
#3709=CARTESIAN_POINT('Origin',(-30.825214191837,-30.825214191837,35.010702244438));
#3710=CARTESIAN_POINT('Origin',(-37.9806872111905,-29.075185331648,21.3455419871337));
#3711=CARTESIAN_POINT('',(-38.6176282283646,-29.1184262235193,20.575843107109));
#3712=CARTESIAN_POINT('Origin',(-37.9806872111905,-29.075185331648,21.3455419871337));
#3713=CARTESIAN_POINT('',(-41.0162704666228,-31.5170684617775,22.6955201640418));
#3714=CARTESIAN_POINT('',(-38.6176282283646,-29.1184262235193,20.575843107109));
#3715=CARTESIAN_POINT('Origin',(-40.3793294494487,-31.4738275699062,23.4652190440666));
#3716=CARTESIAN_POINT('Origin',(-28.4265719535788,-28.4265719535788,32.8910251875052));
#3717=CARTESIAN_POINT('',(-40.7999723475066,-24.2036137990201,23.6679244553006));
#3718=CARTESIAN_POINT('Origin',(-28.4265719535788,-28.4265719535788,32.8910251875052));
#3719=CARTESIAN_POINT('',(-43.1986145857648,-26.6022560372783,25.7876015122334));
#3720=CARTESIAN_POINT('',(-40.7999723475066,-24.2036137990201,23.6679244553006));
#3721=CARTESIAN_POINT('Origin',(-30.825214191837,-30.825214191837,35.0107022444381));
#3722=CARTESIAN_POINT('Origin',(-38.2903631851155,-17.2273741974762,34.4021810895766));
#3723=CARTESIAN_POINT('',(-38.947949267218,-16.480761013736,34.5029248163814));
#3724=CARTESIAN_POINT('Origin',(-38.2903631851155,-17.2273741974762,34.4021810895766));
#3725=CARTESIAN_POINT('',(-41.3465915054762,-18.8794032519942,36.6226018733142));
#3726=CARTESIAN_POINT('',(-38.947949267218,-16.480761013736,34.5029248163814));
#3727=CARTESIAN_POINT('Origin',(-40.6890054233737,-19.6260164357344,36.5218581465094));
#3728=CARTESIAN_POINT('Origin',(-28.4265719535788,-28.4265719535788,32.8910251875052));
#3729=CARTESIAN_POINT('',(-35.381899683497,-15.6255840062072,39.506017533735));
#3730=CARTESIAN_POINT('Origin',(-28.4265719535788,-28.4265719535788,32.8910251875052));
#3731=CARTESIAN_POINT('',(-37.7805419217552,-18.0242262444654,41.6256945906678));
#3732=CARTESIAN_POINT('',(-35.381899683497,-15.6255840062072,39.506017533735));
#3733=CARTESIAN_POINT('Origin',(-30.825214191837,-30.825214191837,35.0107022444381));
#3734=CARTESIAN_POINT('Origin',(-17.2273741974762,-38.2903631851155,34.4021810895766));
#3735=CARTESIAN_POINT('',(-17.5645630667836,-38.7015662735414,33.5552952138624));
#3736=CARTESIAN_POINT('Origin',(-17.2273741974762,-38.2903631851155,34.4021810895766));
#3737=CARTESIAN_POINT('',(-19.9632053050418,-41.1002085117996,35.6749722707952));
#3738=CARTESIAN_POINT('',(-17.5645630667836,-38.7015662735414,33.5552952138624));
#3739=CARTESIAN_POINT('Origin',(-19.6260164357344,-40.6890054233737,36.5218581465094));
#3740=CARTESIAN_POINT('Origin',(-24.0720809764558,-32.5457335674733,33.1573256358193));
#3741=CARTESIAN_POINT('',(-28.6479687032755,-32.8847949987842,35.1438524685951));
#3742=CARTESIAN_POINT('',(-26.2493264650173,-30.486152760526,33.0241754116623));
#3743=CARTESIAN_POINT('Origin',(-29.0751853316481,-37.9806872111905,21.3455419871337));
#3744=CARTESIAN_POINT('',(-29.8696102590683,-37.4548300378923,21.0416287297984));
#3745=CARTESIAN_POINT('Origin',(-29.0751853316481,-37.9806872111905,21.3455419871337));
#3746=CARTESIAN_POINT('',(-32.2682524973265,-39.8534722761505,23.1613057867312));
#3747=CARTESIAN_POINT('',(-29.8696102590683,-37.4548300378923,21.0416287297983));
#3748=CARTESIAN_POINT('Origin',(-31.4738275699063,-40.3793294494487,23.4652190440665));
#3749=CARTESIAN_POINT('Origin',(-29.0050742680573,-32.0459271554581,28.1406985677061));
#3750=CARTESIAN_POINT('',(-31.1144653490762,-32.6348917927766,32.6355389345385));
#3751=CARTESIAN_POINT('',(-28.7158231108181,-30.2362495545184,30.5158618776057));
#3752=CARTESIAN_POINT('Origin',(-40.0266348228861,-24.46754868368,24.2443682510634));
#3753=CARTESIAN_POINT('',(-40.1804275602346,-23.7313479889279,24.9034254041126));
#3754=CARTESIAN_POINT('Origin',(-40.0266348228861,-24.46754868368,24.2443682510633));
#3755=CARTESIAN_POINT('',(-42.5790697984928,-26.1299902271861,27.0231024610454));
#3756=CARTESIAN_POINT('',(-40.1804275602346,-23.7313479889279,24.9034254041126));
#3757=CARTESIAN_POINT('Origin',(-42.4252770611443,-26.8661909219382,26.3640453079962));
#3758=CARTESIAN_POINT('Origin',(-33.13859702362,-26.5442948718044,29.6888614304918));
#3759=CARTESIAN_POINT('',(-33.1812267268576,-29.8840756509498,33.4096203659314));
#3760=CARTESIAN_POINT('',(-30.7825844885994,-27.4854334126916,31.2899433089985));
#3761=CARTESIAN_POINT('Origin',(-34.9471917003771,-16.4256457529179,39.0925805120956));
#3762=CARTESIAN_POINT('',(-34.2478159118611,-16.4965058743179,39.8038134905442));
#3763=CARTESIAN_POINT('Origin',(-34.9471917003771,-16.4256457529179,39.0925805120956));
#3764=CARTESIAN_POINT('',(-36.6464581501193,-18.8951481125761,41.923490547477));
#3765=CARTESIAN_POINT('',(-34.2478159118611,-16.4965058743179,39.8038134905442));
#3766=CARTESIAN_POINT('Origin',(-37.3458339386353,-18.8242879911761,41.2122575690284));
#3767=CARTESIAN_POINT('Origin',(-30.7602612882274,-23.643905538918,35.662305767927));
#3768=CARTESIAN_POINT('',(-31.9920588591613,-28.4338809845065,36.396342534649));
#3769=CARTESIAN_POINT('',(-29.5934166209031,-26.0352387462484,34.2766654777161));
#3770=CARTESIAN_POINT('Origin',(-32.6241958705306,-32.6241958705306,36.6004600371378));
#3771=CARTESIAN_POINT('',(-36.5132831670566,-28.7351085740046,36.6004600371378));
#3772=CARTESIAN_POINT('Origin',(-32.6241958705306,-32.6241958705306,36.6004600371378));
#3773=CARTESIAN_POINT('',(-34.7143014883629,-26.9361268953109,35.0107022444382));
#3774=CARTESIAN_POINT('',(-36.5132831670566,-28.7351085740046,36.6004600371378));
#3775=CARTESIAN_POINT('Origin',(-30.8252141918369,-30.8252141918369,35.0107022444382));
#3776=CARTESIAN_POINT('Origin',(-30.8252141918369,-30.8252141918369,35.0107022444382));
#3777=CARTESIAN_POINT('',(-22.6690852082046,-28.1472518314724,47.2706401561414));
#3778=CARTESIAN_POINT('',(-22.7504427378933,-27.1367267053422,48.3220930819331));
#3779=CARTESIAN_POINT('Origin',(-23.2551159537648,-27.3672571732482,47.4901311545897));
#3780=CARTESIAN_POINT('',(-27.0496601171448,-29.5855585020071,40.6859507147473));
#3781=CARTESIAN_POINT('',(-29.1903513208143,-30.2884275321677,37.4681569184764));
#3782=CARTESIAN_POINT('',(-28.091337052581,-29.0940853220762,40.0633360748016));
#3783=CARTESIAN_POINT('Origin',(-27.635690862705,-28.8055638437828,40.9054417131955));
#3784=CARTESIAN_POINT('',(-29.0940853220762,-28.091337052581,40.0633360748016));
#3785=CARTESIAN_POINT('Origin',(-30.825214191837,-30.825214191837,35.010702244438));
#3786=CARTESIAN_POINT('',(-29.5855585020071,-27.0496601171448,40.6859507147473));
#3787=CARTESIAN_POINT('Origin',(-28.8055638437828,-27.635690862705,40.9054417131955));
#3788=CARTESIAN_POINT('',(-28.1472518314724,-22.6690852082046,47.2706401561415));
#3789=CARTESIAN_POINT('',(-29.3937830993855,-26.4655798691099,41.5639147085402));
#3790=CARTESIAN_POINT('',(-27.1367267053422,-22.7504427378933,48.3220930819331));
#3791=CARTESIAN_POINT('Origin',(-27.3672571732482,-23.2551159537648,47.4901311545897));
#3792=CARTESIAN_POINT('Origin',(-30.825214191837,-30.825214191837,35.010702244438));
#3793=CARTESIAN_POINT('Origin',(-28.4265719535788,-28.4265719535788,32.8910251875052));
#3794=CARTESIAN_POINT('',(-25.6926948143228,-26.695443083818,37.9436590178688));
#3795=CARTESIAN_POINT('',(-25.6926948143228,-26.695443083818,37.9436590178688));
#3796=CARTESIAN_POINT('',(-26.6954430838181,-25.6926948143228,37.9436590178688));
#3797=CARTESIAN_POINT('Origin',(-28.4265719535788,-28.4265719535788,32.8910251875052));
#3798=CARTESIAN_POINT('',(-26.6954430838181,-25.6926948143228,37.9436590178688));
#3799=CARTESIAN_POINT('Origin',(-25.2370486244468,-26.4069216055246,38.7857646562627));
#3800=CARTESIAN_POINT('',(-24.6510178788866,-27.1869162637489,38.5662736578145));
#3801=CARTESIAN_POINT('',(-24.6510178788866,-27.1869162637489,38.5662736578145));
#3802=CARTESIAN_POINT('Origin',(-25.2370486244468,-26.4069216055246,38.7857646562627));
#3803=CARTESIAN_POINT('Origin',(-25.1568462115335,-27.3529986342402,37.8059345355818));
#3804=CARTESIAN_POINT('',(-20.2704429699464,-25.7486095932142,45.1509630992086));
#3805=CARTESIAN_POINT('',(-20.2704429699464,-25.7486095932142,45.1509630992086));
#3806=CARTESIAN_POINT('',(-26.7917090825562,-27.8897852939095,35.3484798615435));
#3807=CARTESIAN_POINT('Origin',(-20.8564737155066,-24.96861493499,45.3704540976568));
#3808=CARTESIAN_POINT('',(-20.3518004996351,-24.738084467084,46.2024160250003));
#3809=CARTESIAN_POINT('',(-20.3518004996351,-24.738084467084,46.2024160250003));
#3810=CARTESIAN_POINT('Origin',(-20.8564737155066,-24.96861493499,45.3704540976568));
#3811=CARTESIAN_POINT('Origin',(-26.4069216055246,-25.2370486244468,38.7857646562627));
#3812=CARTESIAN_POINT('',(-27.1869162637489,-24.6510178788866,38.5662736578145));
#3813=CARTESIAN_POINT('Origin',(-26.4069216055246,-25.2370486244468,38.7857646562627));
#3814=CARTESIAN_POINT('',(-27.1869162637489,-24.6510178788866,38.5662736578145));
#3815=CARTESIAN_POINT('Origin',(-25.5637097686758,-19.7073033081248,45.9974501157095));
#3816=CARTESIAN_POINT('',(-25.7486095932142,-20.2704429699464,45.1509630992086));
#3817=CARTESIAN_POINT('',(-26.9951408611273,-24.0669376308518,39.4442376516073));
#3818=CARTESIAN_POINT('',(-25.7486095932142,-20.2704429699464,45.1509630992086));
#3819=CARTESIAN_POINT('Origin',(-24.96861493499,-20.8564737155066,45.3704540976568));
#3820=CARTESIAN_POINT('',(-24.738084467084,-20.3518004996351,46.2024160250003));
#3821=CARTESIAN_POINT('Origin',(-24.96861493499,-20.8564737155066,45.3704540976568));
#3822=CARTESIAN_POINT('',(-24.7380844670841,-20.3518004996351,46.2024160250003));
#3823=CARTESIAN_POINT('Origin',(-28.4265719535788,-28.4265719535788,32.8910251875052));
#3824=CARTESIAN_POINT('Origin',(-28.4265719535788,-28.4265719535788,32.8910251875052));
#3825=CARTESIAN_POINT('Origin',(-25.1774741816703,-26.2381343534502,33.3829406950967));
#3826=CARTESIAN_POINT('',(-32.2347399490957,-31.1740797773158,38.6821333374288));
#3827=CARTESIAN_POINT('',(-31.1740797773158,-32.2347399490956,38.6821333374288));
#3828=CARTESIAN_POINT('',(-31.4392448202608,-31.9695749061507,38.6821333374288));
#3829=CARTESIAN_POINT('',(-26.2381343534502,-25.1774741816703,33.3829406950967));
#3830=CARTESIAN_POINT('',(-26.2381343534502,-25.1774741816703,33.3829406950967));
#3831=CARTESIAN_POINT('',(-25.1774741816703,-26.2381343534502,33.3829406950967));
#3832=CARTESIAN_POINT('',(-25.4426392246153,-25.9729693105052,33.3829406950967));
#3833=CARTESIAN_POINT('',(-25.1774741816703,-26.2381343534502,33.3829406950967));
#3834=CARTESIAN_POINT('Origin',(-25.4025301725657,-26.4631903443455,32.8735906467305));
#3835=CARTESIAN_POINT('',(-31.3991357682112,-32.459795939991,38.1727832890626));
#3836=CARTESIAN_POINT('',(-31.746500776426,-32.8071609482058,37.3866216631001));
#3837=CARTESIAN_POINT('',(-25.4025301725657,-26.4631903443455,32.8735906467305));
#3838=CARTESIAN_POINT('',(-25.7498951807805,-26.8105553525603,32.0874290207681));
#3839=CARTESIAN_POINT('',(-28.4008329703885,-29.4614931421683,35.5231869678965));
#3840=CARTESIAN_POINT('Origin',(-26.2381343534502,-25.1774741816703,33.3829406950967));
#3841=CARTESIAN_POINT('',(-32.4597959399911,-31.3991357682112,38.1727832890626));
#3842=CARTESIAN_POINT('',(-32.6946329527581,-31.6339727809783,37.6412966872832));
#3843=CARTESIAN_POINT('',(-26.4631903443456,-25.4025301725657,32.8735906467305));
#3844=CARTESIAN_POINT('',(-29.4614931421683,-28.4008329703885,35.5231869678965));
#3845=CARTESIAN_POINT('',(-26.6980273571126,-25.6373671853328,32.3421040449511));
#3846=CARTESIAN_POINT('Origin',(-32.6241958705307,-32.6241958705306,36.6004600371377));
#3847=CARTESIAN_POINT('Origin',(-32.6241958705307,-32.6241958705306,36.6004600371377));
#3848=CARTESIAN_POINT('Origin',(-26.6275902748851,-26.6275902748851,31.3012673948056));
#3849=CARTESIAN_POINT('',(-23.0920563689524,-30.1631241808179,31.3012673948056));
#3850=CARTESIAN_POINT('Origin',(-26.6275902748851,-26.6275902748851,31.3012673948056));
#3851=CARTESIAN_POINT('',(-24.8910380476461,-31.9621058595115,32.8910251875052));
#3852=CARTESIAN_POINT('',(-23.0920563689524,-30.1631241808179,31.3012673948056));
#3853=CARTESIAN_POINT('Origin',(-28.4265719535788,-28.4265719535788,32.8910251875052));
#3854=CARTESIAN_POINT('Origin',(-28.4265719535788,-28.4265719535788,32.8910251875052));
#3855=CARTESIAN_POINT('Origin',(-26.6275902748852,-26.6275902748851,31.3012673948056));
#3856=CARTESIAN_POINT('Origin',(-26.6275902748852,-26.6275902748851,31.3012673948056));
#3857=CARTESIAN_POINT('Origin',(-29.6258930727079,-29.6258930727079,33.9508637159716));
#3858=CARTESIAN_POINT('Origin',(-32.6241958705306,-32.6241958705306,36.6004600371378));
#3859=CARTESIAN_POINT('',(-38.6484055550564,-14.6067749947138,31.3012673948057));
#3860=CARTESIAN_POINT('Origin',(-26.6275902748851,-26.6275902748851,31.3012673948057));
#3861=CARTESIAN_POINT('',(-44.6450111507019,-20.6033805903593,36.6004600371378));
#3862=CARTESIAN_POINT('',(-44.6450111507019,-20.6033805903593,36.6004600371378));
#3863=CARTESIAN_POINT('Origin',(-32.6241958705306,-32.6241958705306,36.6004600371378));
#3864=CARTESIAN_POINT('Origin',(-32.6241958705306,-32.6241958705306,36.6004600371378));
#3865=CARTESIAN_POINT('',(-40.0626191174295,-13.1925614323407,31.3012673948057));
#3866=CARTESIAN_POINT('Origin',(-26.6275902748851,-26.6275902748851,31.3012673948057));
#3867=CARTESIAN_POINT('',(-46.059224713075,-19.1891670279862,36.6004600371378));
#3868=CARTESIAN_POINT('',(-46.059224713075,-19.1891670279862,36.6004600371378));
#3869=CARTESIAN_POINT('Origin',(-32.6241958705306,-32.6241958705306,36.6004600371378));
#3870=CARTESIAN_POINT('Origin',(-32.6241958705306,-32.6241958705306,36.6004600371378));
#3871=CARTESIAN_POINT('Origin',(-26.6275902748851,-26.6275902748851,31.3012673948057));
#3872=CARTESIAN_POINT('',(0.,0.,0.));
#3873=CARTESIAN_POINT('',(2.12132034355964,2.12132034355964,0.));
#3874=CARTESIAN_POINT('',(0.,0.,0.));
#3875=CARTESIAN_POINT('',(2.66064732690633,-1.999015147372,0.748707868885599));
#3876=CARTESIAN_POINT('',(2.66064732690633,-1.999015147372,0.748707868885599));
#3877=CARTESIAN_POINT('',(-2.12132034355964,2.12132034355964,0.));
#3878=CARTESIAN_POINT('',(0.,0.,0.));
#3879=CARTESIAN_POINT('',(1.999015147372,2.66064732690633,0.748707868885599));
#3880=CARTESIAN_POINT('',(1.999015147372,2.66064732690633,0.748707868885599));
#3881=CARTESIAN_POINT('',(-2.12132034355964,-2.12132034355964,0.));
#3882=CARTESIAN_POINT('',(0.,0.,0.));
#3883=CARTESIAN_POINT('',(-2.66064732690633,1.999015147372,0.748707868885599));
#3884=CARTESIAN_POINT('',(-2.66064732690633,1.999015147372,0.748707868885599));
#3885=CARTESIAN_POINT('',(2.12132034355964,-2.12132034355964,0.));
#3886=CARTESIAN_POINT('',(0.,0.,0.));
#3887=CARTESIAN_POINT('',(-1.999015147372,-2.66064732690633,0.748707868885599));
#3888=CARTESIAN_POINT('',(-1.999015147372,-2.66064732690633,0.748707868885599));
#3889=UNCERTAINTY_MEASURE_WITH_UNIT(LENGTH_MEASURE(0.01),#3903,
'DISTANCE_ACCURACY_VALUE',
'Maximum model space distance between geometric entities at asserted c
onnectivities');
#3890=UNCERTAINTY_MEASURE_WITH_UNIT(LENGTH_MEASURE(0.01),#3903,
'DISTANCE_ACCURACY_VALUE',
'Maximum model space distance between geometric entities at asserted c
onnectivities');
#3891=UNCERTAINTY_MEASURE_WITH_UNIT(LENGTH_MEASURE(0.01),#3903,
'DISTANCE_ACCURACY_VALUE',
'Maximum model space distance between geometric entities at asserted c
onnectivities');
#3892=UNCERTAINTY_MEASURE_WITH_UNIT(LENGTH_MEASURE(0.01),#3903,
'DISTANCE_ACCURACY_VALUE',
'Maximum model space distance between geometric entities at asserted c
onnectivities');
#3893=UNCERTAINTY_MEASURE_WITH_UNIT(LENGTH_MEASURE(0.01),#3903,
'DISTANCE_ACCURACY_VALUE',
'Maximum model space distance between geometric entities at asserted c
onnectivities');
#3894=UNCERTAINTY_MEASURE_WITH_UNIT(LENGTH_MEASURE(0.01),#3903,
'DISTANCE_ACCURACY_VALUE',
'Maximum model space distance between geometric entities at asserted c
onnectivities');
#3895=UNCERTAINTY_MEASURE_WITH_UNIT(LENGTH_MEASURE(0.01),#3903,
'DISTANCE_ACCURACY_VALUE',
'Maximum model space distance between geometric entities at asserted c
onnectivities');
#3896=(
GEOMETRIC_REPRESENTATION_CONTEXT(3)
GLOBAL_UNCERTAINTY_ASSIGNED_CONTEXT((#3889))
GLOBAL_UNIT_ASSIGNED_CONTEXT((#3903,#3905,#3906))
REPRESENTATION_CONTEXT('','3D')
);
#3897=(
GEOMETRIC_REPRESENTATION_CONTEXT(3)
GLOBAL_UNCERTAINTY_ASSIGNED_CONTEXT((#3890))
GLOBAL_UNIT_ASSIGNED_CONTEXT((#3903,#3905,#3906))
REPRESENTATION_CONTEXT('','3D')
);
#3898=(
GEOMETRIC_REPRESENTATION_CONTEXT(3)
GLOBAL_UNCERTAINTY_ASSIGNED_CONTEXT((#3891))
GLOBAL_UNIT_ASSIGNED_CONTEXT((#3903,#3905,#3906))
REPRESENTATION_CONTEXT('','3D')
);
#3899=(
GEOMETRIC_REPRESENTATION_CONTEXT(3)
GLOBAL_UNCERTAINTY_ASSIGNED_CONTEXT((#3892))
GLOBAL_UNIT_ASSIGNED_CONTEXT((#3903,#3905,#3906))
REPRESENTATION_CONTEXT('','3D')
);
#3900=(
GEOMETRIC_REPRESENTATION_CONTEXT(3)
GLOBAL_UNCERTAINTY_ASSIGNED_CONTEXT((#3893))
GLOBAL_UNIT_ASSIGNED_CONTEXT((#3903,#3905,#3906))
REPRESENTATION_CONTEXT('','3D')
);
#3901=(
GEOMETRIC_REPRESENTATION_CONTEXT(3)
GLOBAL_UNCERTAINTY_ASSIGNED_CONTEXT((#3894))
GLOBAL_UNIT_ASSIGNED_CONTEXT((#3903,#3905,#3906))
REPRESENTATION_CONTEXT('','3D')
);
#3902=(
GEOMETRIC_REPRESENTATION_CONTEXT(3)
GLOBAL_UNCERTAINTY_ASSIGNED_CONTEXT((#3895))
GLOBAL_UNIT_ASSIGNED_CONTEXT((#3903,#3905,#3906))
REPRESENTATION_CONTEXT('','3D')
);
#3903=(
LENGTH_UNIT()
NAMED_UNIT(*)
SI_UNIT(.MILLI.,.METRE.)
);
#3904=(
LENGTH_UNIT()
NAMED_UNIT(*)
SI_UNIT($,.METRE.)
);
#3905=(
NAMED_UNIT(*)
PLANE_ANGLE_UNIT()
SI_UNIT($,.RADIAN.)
);
#3906=(
NAMED_UNIT(*)
SI_UNIT($,.STERADIAN.)
SOLID_ANGLE_UNIT()
);
#3907=SHAPE_DEFINITION_REPRESENTATION(#3913,#3936);
#3908=SHAPE_DEFINITION_REPRESENTATION(#3914,#3937);
#3909=SHAPE_DEFINITION_REPRESENTATION(#3915,#3938);
#3910=SHAPE_DEFINITION_REPRESENTATION(#3916,#3939);
#3911=SHAPE_DEFINITION_REPRESENTATION(#3917,#3940);
#3912=SHAPE_DEFINITION_REPRESENTATION(#3918,#3941);
#3913=PRODUCT_DEFINITION_SHAPE('',$,#3943);
#3914=PRODUCT_DEFINITION_SHAPE('',$,#3944);
#3915=PRODUCT_DEFINITION_SHAPE('',$,#3945);
#3916=PRODUCT_DEFINITION_SHAPE('',$,#3946);
#3917=PRODUCT_DEFINITION_SHAPE('',$,#3947);
#3918=PRODUCT_DEFINITION_SHAPE('',$,#3948);
#3919=PRODUCT_DEFINITION_SHAPE($,$,#62);
#3920=PRODUCT_DEFINITION_SHAPE($,$,#63);
#3921=PRODUCT_DEFINITION_SHAPE($,$,#64);
#3922=PRODUCT_DEFINITION_SHAPE($,$,#65);
#3923=PRODUCT_DEFINITION_SHAPE($,$,#66);
#3924=PRODUCT_DEFINITION_SHAPE($,$,#67);
#3925=PRODUCT_DEFINITION_SHAPE($,$,#68);
#3926=PRODUCT_DEFINITION_SHAPE($,$,#69);
#3927=PRODUCT_DEFINITION_SHAPE($,$,#70);
#3928=PRODUCT_DEFINITION_SHAPE($,$,#71);
#3929=PRODUCT_DEFINITION_SHAPE($,$,#72);
#3930=PRODUCT_DEFINITION_SHAPE($,$,#73);
#3931=PRODUCT_DEFINITION_SHAPE($,$,#74);
#3932=PRODUCT_DEFINITION_SHAPE($,$,#75);
#3933=PRODUCT_DEFINITION_SHAPE($,$,#76);
#3934=PRODUCT_DEFINITION_SHAPE($,$,#77);
#3935=PRODUCT_DEFINITION_SHAPE($,$,#78);
#3936=SHAPE_REPRESENTATION('',(#2313,#2543,#2544,#2545,#2546,#2547,#2548,
#2549,#2550,#2551,#2552,#2553,#2554,#2555,#2556,#2557,#2558,#2559),#3896);
#3937=SHAPE_REPRESENTATION('',(#2314),#3897);
#3938=SHAPE_REPRESENTATION('',(#2333),#3898);
#3939=SHAPE_REPRESENTATION('',(#2384),#3899);
#3940=SHAPE_REPRESENTATION('',(#2409),#3900);
#3941=SHAPE_REPRESENTATION('',(#2415),#3901);
#3942=PRODUCT_DEFINITION_CONTEXT('part definition',#3962,'design');
#3943=PRODUCT_DEFINITION('2026-07-06-17-45-48-833',
'acds_system_pyramid',#3949,#3942);
#3944=PRODUCT_DEFINITION('2026-07-06-17-45-48-833_1','baseplate',#3950,
#3942);
#3945=PRODUCT_DEFINITION('2026-07-06-17-45-48-843','bracket',#3951,#3942);
#3946=PRODUCT_DEFINITION('2026-07-06-17-45-48-849','housing',#3952,#3942);
#3947=PRODUCT_DEFINITION('2026-07-06-17-45-48-852','shaft',#3953,#3942);
#3948=PRODUCT_DEFINITION('2026-07-06-17-45-48-853','flywheel',#3954,#3942);
#3949=PRODUCT_DEFINITION_FORMATION('',$,#3964);
#3950=PRODUCT_DEFINITION_FORMATION('',$,#3965);
#3951=PRODUCT_DEFINITION_FORMATION('',$,#3966);
#3952=PRODUCT_DEFINITION_FORMATION('',$,#3967);
#3953=PRODUCT_DEFINITION_FORMATION('',$,#3968);
#3954=PRODUCT_DEFINITION_FORMATION('',$,#3969);
#3955=PRODUCT_RELATED_PRODUCT_CATEGORY('acds_system_pyramid',
'acds_system_pyramid',(#3964));
#3956=PRODUCT_RELATED_PRODUCT_CATEGORY('baseplate','baseplate',(#3965));
#3957=PRODUCT_RELATED_PRODUCT_CATEGORY('bracket','bracket',(#3966));
#3958=PRODUCT_RELATED_PRODUCT_CATEGORY('housing','housing',(#3967));
#3959=PRODUCT_RELATED_PRODUCT_CATEGORY('shaft','shaft',(#3968));
#3960=PRODUCT_RELATED_PRODUCT_CATEGORY('flywheel','flywheel',(#3969));
#3961=APPLICATION_PROTOCOL_DEFINITION('international standard',
'automotive_design',2009,#3962);
#3962=APPLICATION_CONTEXT(
'Core Data for Automotive Mechanical Design Process');
#3963=PRODUCT_CONTEXT('part definition',#3962,'mechanical');
#3964=PRODUCT('2026-07-06-17-45-48-833','acds_system_pyramid',$,(#3963));
#3965=PRODUCT('2026-07-06-17-45-48-833_1','baseplate',$,(#3963));
#3966=PRODUCT('2026-07-06-17-45-48-843','bracket',$,(#3963));
#3967=PRODUCT('2026-07-06-17-45-48-849','housing',$,(#3963));
#3968=PRODUCT('2026-07-06-17-45-48-852','shaft',$,(#3963));
#3969=PRODUCT('2026-07-06-17-45-48-853','flywheel',$,(#3963));
#3970=PRESENTATION_STYLE_ASSIGNMENT((#3973));
#3971=PRESENTATION_STYLE_ASSIGNMENT((#3974));
#3972=PRESENTATION_STYLE_ASSIGNMENT((#3975));
#3973=SURFACE_STYLE_USAGE(.BOTH.,#3976);
#3974=SURFACE_STYLE_USAGE(.BOTH.,#3977);
#3975=SURFACE_STYLE_USAGE(.BOTH.,#3978);
#3976=SURFACE_SIDE_STYLE('',(#3979));
#3977=SURFACE_SIDE_STYLE('',(#3980));
#3978=SURFACE_SIDE_STYLE('',(#3981));
#3979=SURFACE_STYLE_FILL_AREA(#3982);
#3980=SURFACE_STYLE_FILL_AREA(#3983);
#3981=SURFACE_STYLE_FILL_AREA(#3984);
#3982=FILL_AREA_STYLE('Steel - Satin',(#3985));
#3983=FILL_AREA_STYLE('Aluminum - Satin',(#3986));
#3984=FILL_AREA_STYLE('Stainless Steel - Satin',(#3987));
#3985=FILL_AREA_STYLE_COLOUR('Steel - Satin',#3988);
#3986=FILL_AREA_STYLE_COLOUR('Aluminum - Satin',#3989);
#3987=FILL_AREA_STYLE_COLOUR('Stainless Steel - Satin',#3990);
#3988=COLOUR_RGB('Steel - Satin',0.627450980392157,0.627450980392157,0.627450980392157);
#3989=COLOUR_RGB('Aluminum - Satin',0.96078431372549,0.96078431372549,0.964705882352941);
#3990=COLOUR_RGB('Stainless Steel - Satin',0.796078431372549,0.796078431372549,
0.796078431372549);
ENDSEC;
END-ISO-10303-21;
